calc_id,chapter_slug,chapter_title,tex_file,line_number,context,numbers,classification,check_status,rationale,support_source
calc.pro.0001,pro,Probability Distributions,probability-distributions.tex,9,\input{generated/worked-calculations/prob-inline-linked-values},,must_be_generated_from_support_notebook,generated_snippet_linked,Line links to generated worked-calculation snippet path.,notebooks/support/probability-distributions/support.html
calc.pro.0002,pro,Probability Distributions,probability-distributions.tex,84,"For the following calculations, we assume that the number of erroneously reported PhD degrees is 17. The auditor selects a sample of 60 from the group of 331 PhD degrees.","17, 60, 331",static_theoretical_or_illustrative,intentional_manual,Line contains numeric content but no compute-signal pattern.,notebooks/support/probability-distributions/support.html
calc.pro.0003,pro,Probability Distributions,probability-distributions.tex,87,"What is the probability of finding 0, 1, or 2 errors in each sample?","0, 1, 2",static_theoretical_or_illustrative,intentional_manual,Line contains numeric content but no compute-signal pattern.,notebooks/support/probability-distributions/support.html
calc.pro.0004,pro,Probability Distributions,probability-distributions.tex,102,"In \emph{Case: Number of students}, the attribute is dichotomous: students on the list are either correctly or incorrectly reported. There is no in-between. For example, if government regulations state that a student ...","1, 60, 59",static_theoretical_or_illustrative,intentional_manual,Line contains numeric content but no compute-signal pattern.,notebooks/support/probability-distributions/support.html
calc.pro.0005,pro,Probability Distributions,probability-distributions.tex,111,"In this section, we assume that we sample without replacement. We sample \ProbSampleSize items from the list of \ProbPopulationSize PhDs in the \emph{Case: Number of students}, and we assume that \ProbErrorCount of th...","313, 330, 330",static_theoretical_or_illustrative,intentional_manual,Context appears referential/illustrative without explicit computation operator.,notebooks/support/probability-distributions/support.html
calc.pro.0006,pro,Probability Distributions,probability-distributions.tex,148,We can use Equation \ref{eq:hypergeometric} to calculate the probability of finding no errors in the sample of 60 elements from the list of 331 Ph.D.s.\footnote{See Section \ref{sec:workshop02r} and \ref{sec:workshop0...,"60, 331, 2, 2",static_theoretical_or_illustrative,intentional_manual,Context appears referential/illustrative without explicit computation operator.,notebooks/support/probability-distributions/support.html
calc.pro.0007,pro,Probability Distributions,probability-distributions.tex,151,P(\stoch{k} = 0) = \frac{,0,must_be_checked_against_support_notebook,checked_in_support_output,Numeric token(s) found in chapter support notebook output.,notebooks/support/probability-distributions/support.html
calc.pro.0008,pro,Probability Distributions,probability-distributions.tex,154,{\left( \begin{array}{c}331\\60\end{array} \right)} =,"331, 60",must_be_checked_against_support_notebook,checked_in_support_output,Numeric token(s) found in chapter support notebook output.,notebooks/support/probability-distributions/support.html
calc.pro.0009,pro,Probability Distributions,probability-distributions.tex,155,\frac{\frac{17!}{0!17!} \frac{314!}{60!254!}}{\frac{331!}{60!271!}} =,"17, 0, 17, 314, 60, 254, 331, 60, 271",must_be_checked_against_support_notebook,checked_in_support_output,Numeric token(s) found in chapter support notebook output.,notebooks/support/probability-distributions/support.html
calc.pro.0010,pro,Probability Distributions,probability-distributions.tex,157,Note that $\left( \begin{array}{c}17\\0\end{array} \right) = 1$.,"17, 0, 1",must_be_checked_against_support_notebook,checked_in_support_output,Numeric token(s) found in chapter support notebook output.,notebooks/support/probability-distributions/support.html
calc.pro.0011,pro,Probability Distributions,probability-distributions.tex,160,\frac{\frac{314!}{60!254!}}{\frac{331!}{60!271!}} = \frac{314!}{60!254!} \frac{60!271!}{331!} =,"314, 60, 254, 331, 60, 271, 314, 60, 254, 60, 271, 331",must_be_checked_against_support_notebook,checked_in_support_output,Numeric token(s) found in chapter support notebook output.,notebooks/support/probability-distributions/support.html
calc.pro.0012,pro,Probability Distributions,probability-distributions.tex,164,\frac{314! 271!}{331! 254!} = \frac{314! 271 \cdot 270 \cdot ... \cdot 255 \cdot 254!}{331 \cdot 330 \cdot ... \cdot 315 \cdot 314! 254!} =,"314, 271, 331, 254, 314, 271, 270, 255, 254, 331, 330, 315, 314, 254",must_be_checked_against_support_notebook,checked_in_support_output,Numeric token(s) found in chapter support notebook output.,notebooks/support/probability-distributions/support.html
calc.pro.0013,pro,Probability Distributions,probability-distributions.tex,168,\frac{271 \cdot 270 \cdot ... \cdot 255 }{331 \cdot 330 \cdot ... \cdot 315} \approx \ProbZeroErrorProbability,"271, 270, 255, 331, 330, 315",must_be_checked_against_support_notebook,checked_in_support_output,Numeric token(s) found in chapter support notebook output.,notebooks/support/probability-distributions/support.html
calc.pro.0014,pro,Probability Distributions,probability-distributions.tex,171,"The results are shown in Figure \ref{fig:H2hypergeometric}, where the fourth panel shows the results for a sample size of $n = 60$. We also show the results for different sample sizes to provide an impression of the s...",60,must_be_checked_against_support_notebook,checked_in_support_output,Numeric token(s) found in chapter support notebook output.,notebooks/support/probability-distributions/support.html
calc.pro.0015,pro,Probability Distributions,probability-distributions.tex,184,"The variance is:\nomenclature{$\sigma^2$}{variance, square of the standard deviation $\sigma$}",2,static_theoretical_or_illustrative,intentional_manual,Numeric reference appears contextual rather than a computed manuscript result.,notebooks/support/probability-distributions/support.html
calc.pro.0016,pro,Probability Distributions,probability-distributions.tex,186,\sigma^2 = n \pi (1 - \pi) \frac{N - n}{N - 1},"2, 1, 1",must_be_checked_against_support_notebook,checked_in_support_output,Numeric token(s) found in chapter support notebook output.,notebooks/support/probability-distributions/support.html
calc.pro.0017,pro,Probability Distributions,probability-distributions.tex,190,"For \emph{Case: Number of students}, the mean number of errors in the sample is $n M / N =$ 60 $\cdot$ 17 / 331 $\approx 3.0816$. The variance is $n \pi (1 - \pi) \frac{N - n}{N - 1} = 60 \cdot \frac{17}{331} \cdot (1...","60, 17, 331, 3.0816, 1, 1, 60, 17, 331, 1, 17, 331, 331, 60, 331, 1, 2.4007",must_be_generated_from_support_notebook,migration_required,Dense numeric row detected; strict policy requires generated linkage instead of hard-coded table/prose values.,notebooks/support/probability-distributions/support.html
calc.pro.0018,pro,Probability Distributions,probability-distributions.tex,217,\pi = \frac{M}{N} = \frac{17}{331} = 0.0514,"17, 331, 0.0514",must_be_checked_against_support_notebook,checked_in_support_output,Numeric token(s) found in chapter support notebook output.,notebooks/support/probability-distributions/support.html
calc.pro.0019,pro,Probability Distributions,probability-distributions.tex,225,P(\stoch{k} = k) = \left(\begin{array}{c}n\\k\end{array}\right)\pi^{k} (1-\pi)^{n-k},1,must_be_checked_against_support_notebook,checked_in_support_output,Numeric token(s) found in chapter support notebook output.,notebooks/support/probability-distributions/support.html
calc.pro.0020,pro,Probability Distributions,probability-distributions.tex,234,\sigma^2 = n\pi(1-\pi),"2, 1",must_be_checked_against_support_notebook,checked_in_support_output,Numeric token(s) found in chapter support notebook output.,notebooks/support/probability-distributions/support.html
calc.pro.0021,pro,Probability Distributions,probability-distributions.tex,238,"Comparing Equations \ref{eq:variance_hyper} and \ref{eq:variance_binom}, the difference is the factor $\frac{N - n}{N - 1}$.",1,must_be_checked_against_support_notebook,checked_in_support_output,Numeric token(s) found in chapter support notebook output.,notebooks/support/probability-distributions/support.html
calc.pro.0022,pro,Probability Distributions,probability-distributions.tex,243,P(\stoch{k} = 1) = \left(\begin{array}{c}60\\1\end{array}\right)0.0514^{1} (1-0.0514)^{60-1} = 0.1373,"1, 60, 1, 0.0514, 1, 1, 0.0514, 60, 1, 0.1373",must_be_checked_against_support_notebook,checked_in_support_output,Numeric token(s) found in chapter support notebook output.,notebooks/support/probability-distributions/support.html
calc.pro.0023,pro,Probability Distributions,probability-distributions.tex,246,"The mean number of errors is $\mu =$ 60 $\cdot$ 0.0514 $\approx 3.0816$, and the variance is $\sigma^2 =$ 60 $\cdot$ 0.0514 $\cdot$ (1 - 0.0514) $\approx$ 2.9233.","60, 0.0514, 3.0816, 2, 60, 0.0514, 1, 0.0514, 2.9233",must_be_generated_from_support_notebook,migration_required,Dense numeric row detected; strict policy requires generated linkage instead of hard-coded table/prose values.,notebooks/support/probability-distributions/support.html
calc.pro.0024,pro,Probability Distributions,probability-distributions.tex,250,"The mean of both distributions is the same, and the variance is practically the same if $\frac{N - n}{N - 1} \approx 1$, that is, if $n$ is much smaller than $N$. This implies that both distributions return approximat...","1, 1",must_be_checked_against_support_notebook,checked_in_support_output,Numeric token(s) found in chapter support notebook output.,notebooks/support/probability-distributions/support.html
calc.pro.0025,pro,Probability Distributions,probability-distributions.tex,273,\sigma^2 = n\pi,2,must_be_checked_against_support_notebook,checked_in_support_output,Numeric token(s) found in chapter support notebook output.,notebooks/support/probability-distributions/support.html
calc.pro.0026,pro,Probability Distributions,probability-distributions.tex,281,"First, we calculate the value of parameter $\mu = n \pi = 60 \cdot 17 / 331 \approx 3.0816$. We then get","60, 17, 331, 3.0816",must_be_checked_against_support_notebook,checked_in_support_output,Numeric token(s) found in chapter support notebook output.,notebooks/support/probability-distributions/support.html
calc.pro.0027,pro,Probability Distributions,probability-distributions.tex,283,P(\stoch{k} = 3) = \frac{3.0816^3}{3!}e^{-3.08} \approx 0.2238,"3, 3.0816, 3, 3, 3.08, 0.2238",must_be_checked_against_support_notebook,checked_in_support_output,Numeric token(s) found in chapter support notebook output.,notebooks/support/probability-distributions/support.html
calc.pro.0028,pro,Probability Distributions,probability-distributions.tex,295,"To appreciate the differences between the calculations using three different distributions, we summarize the probabilities for the sample of $n = 60$ items in Table \ref{tab:summaryProbabilities} and Figure \ref{fig:H...",60,must_be_checked_against_support_notebook,checked_in_support_output,Numeric token(s) found in chapter support notebook output.,notebooks/support/probability-distributions/support.html
calc.pro.0029,pro,Probability Distributions,probability-distributions.tex,312,0     & 0.0304 & 0.0423 & 0.0459 \\,"0, 0.0304, 0.0423, 0.0459",must_be_generated_from_support_notebook,migration_required,Dense numeric row detected; strict policy requires generated linkage instead of hard-coded table/prose values.,notebooks/support/probability-distributions/support.html
calc.pro.0030,pro,Probability Distributions,probability-distributions.tex,313,1     & 0.1215 & 0.1373 & 0.1414 \\,"1, 0.1215, 0.1373, 0.1414",must_be_generated_from_support_notebook,migration_required,Dense numeric row detected; strict policy requires generated linkage instead of hard-coded table/prose values.,notebooks/support/probability-distributions/support.html
calc.pro.0031,pro,Probability Distributions,probability-distributions.tex,314,2     & 0.2239 & 0.2193 & 0.2179 \\,"2, 0.2239, 0.2193, 0.2179",must_be_generated_from_support_notebook,migration_required,Dense numeric row detected; strict policy requires generated linkage instead of hard-coded table/prose values.,notebooks/support/probability-distributions/support.html
calc.pro.0032,pro,Probability Distributions,probability-distributions.tex,332,Hypergeometric & 3 & 3.0816 & 2.4007 \\,"3, 3.0816, 2.4007",must_be_generated_from_support_notebook,migration_required,Dense numeric row detected; strict policy requires generated linkage instead of hard-coded table/prose values.,notebooks/support/probability-distributions/support.html
calc.pro.0033,pro,Probability Distributions,probability-distributions.tex,333,Binomial       & 2 & 3.0816 & 2.9233 \\,"2, 3.0816, 2.9233",must_be_generated_from_support_notebook,migration_required,Dense numeric row detected; strict policy requires generated linkage instead of hard-coded table/prose values.,notebooks/support/probability-distributions/support.html
calc.pro.0034,pro,Probability Distributions,probability-distributions.tex,334,Poisson        & 1 & 3.0816 & 3.0816 \\,"1, 3.0816, 3.0816",must_be_generated_from_support_notebook,migration_required,Dense numeric row detected; strict policy requires generated linkage instead of hard-coded table/prose values.,notebooks/support/probability-distributions/support.html
calc.pro.0035,pro,Probability Distributions,probability-distributions.tex,352,"You obtained a large data file with a large number of social security payments. According to the agent, payments were increased from the previous year to adjust for inflation. The mean payment value is 1,030.",1030,static_theoretical_or_illustrative,intentional_manual,Numeric reference appears contextual rather than a computed manuscript result.,notebooks/support/probability-distributions/support.html
calc.pro.0036,pro,Probability Distributions,probability-distributions.tex,356,\paragraph{Objective sample 1:} obtain an indication of the variance of the payments.,1,static_theoretical_or_illustrative,intentional_manual,Numeric reference appears contextual rather than a computed manuscript result.,notebooks/support/probability-distributions/support.html
calc.pro.0037,pro,Probability Distributions,probability-distributions.tex,359,\paragraph{Objective sample 2:} obtain an indication of the mean payment.,2,static_theoretical_or_illustrative,intentional_manual,Numeric reference appears contextual rather than a computed manuscript result.,notebooks/support/probability-distributions/support.html
calc.pro.0038,pro,Probability Distributions,probability-distributions.tex,360,"\paragraph{Action:} select 200 payments, record their values and calculate their mean and variance.",200,static_theoretical_or_illustrative,intentional_manual,Numeric reference appears contextual rather than a computed manuscript result.,notebooks/support/probability-distributions/support.html
calc.pro.0039,pro,Probability Distributions,probability-distributions.tex,363,The first sample is prepared for the second sample. In Chapter \ref{cha:estimation} we discuss how the sample size of sample 2 can be determined in order to obtain an estimate of the mean value with a certain desired ...,"2, 1",static_theoretical_or_illustrative,intentional_manual,Numeric reference appears contextual rather than a computed manuscript result.,notebooks/support/probability-distributions/support.html
calc.pro.0040,pro,Probability Distributions,probability-distributions.tex,368,"\paragraph{Sample 1:}  The values of the payments are 930, 1,035, 1,073, 994, 910, 1,033, 947, 1,102, 1,095, 921.","1, 930, 1035, 1073, 994, 910, 1033, 947, 1102, 1095, 921",static_theoretical_or_illustrative,intentional_manual,Line contains numeric content but no compute-signal pattern.,notebooks/support/probability-distributions/support.html
calc.pro.0041,pro,Probability Distributions,probability-distributions.tex,371,"\paragraph{Sample 2:} The mean of the $N = \ProbSocSecSampleTwoN$ payments $\bar{x} = \ProbSocSecSampleTwoMean,$ their standard deviation $s = \ProbSocSecSampleTwoSd$.",2,must_be_checked_against_support_notebook,checked_in_support_output,Numeric token(s) found in chapter support notebook output.,notebooks/support/probability-distributions/support.html
calc.pro.0042,pro,Probability Distributions,probability-distributions.tex,374,"Given the sample results, determine whether it is probable that the mean payment value in the population equals 1,030.",1030,static_theoretical_or_illustrative,intentional_manual,Numeric reference appears contextual rather than a computed manuscript result.,notebooks/support/probability-distributions/support.html
calc.pro.0043,pro,Probability Distributions,probability-distributions.tex,386,1 & variance & 10  & \ProbSocSecSampleOneMean &  \ProbSocSecSampleOneSd \\,"1, 10",must_be_generated_from_support_notebook,migration_required,Dense numeric row detected; strict policy requires generated linkage instead of hard-coded table/prose values.,notebooks/support/probability-distributions/support.html
calc.pro.0044,pro,Probability Distributions,probability-distributions.tex,387,2 & mean     & \ProbSocSecSampleTwoN & \ProbSocSecSampleTwoMean & \ProbSocSecSampleTwoSd \\,2,static_theoretical_or_illustrative,intentional_manual,Numeric reference appears contextual rather than a computed manuscript result.,notebooks/support/probability-distributions/support.html
calc.pro.0045,pro,Probability Distributions,probability-distributions.tex,394,In Sections \ref{sec:hypergeometric_distribution} - \ref{sec:poisson_distribution} we have seen that with discrete probability distributions we have a mathematical function that assigns the probability of occurrence f...,"1, 100%",static_theoretical_or_illustrative,intentional_manual,Numeric reference appears contextual rather than a computed manuscript result.,notebooks/support/probability-distributions/support.html
calc.pro.0046,pro,Probability Distributions,probability-distributions.tex,405,"The evaluation of sample 1 is executed with the $\chi^2$ distribution in Section \ref{sec:chi_squared_distribution}, and that of sample 2 with the normal distribution in Section \ref{sec:normal_distribution}. We discu...","1, 2, 2",static_theoretical_or_illustrative,intentional_manual,Context appears referential/illustrative without explicit computation operator.,notebooks/support/probability-distributions/support.html
calc.pro.0047,pro,Probability Distributions,probability-distributions.tex,436,f(x) = \frac{1}{\sigma\sqrt{2\pi}}e^{-\frac{1}{2}\left( \frac{x-\mu}{\sigma} \right)^2},"1, 2, 1, 2, 2",must_be_checked_against_support_notebook,checked_in_support_output,Numeric token(s) found in chapter support notebook output.,notebooks/support/probability-distributions/support.html
calc.pro.0048,pro,Probability Distributions,probability-distributions.tex,440,"From Equation \ref{eq:normal_distribution} it shows that the probability density function requires two parameters ($\mu$ and $\sigma$). To perform any calculations, we need to \emph{standardize}\index{standardization}...","2, 0, 1",must_be_checked_against_support_notebook,checked_in_support_output,Numeric token(s) found in chapter support notebook output.,notebooks/support/probability-distributions/support.html
calc.pro.0049,pro,Probability Distributions,probability-distributions.tex,443,f(x) = \frac{1}{\sqrt{2\pi}}e^{-\frac{1}{2}\left( z \right)^2},"1, 2, 1, 2, 2",must_be_checked_against_support_notebook,checked_in_support_output,Numeric token(s) found in chapter support notebook output.,notebooks/support/probability-distributions/support.html
calc.pro.0050,pro,Probability Distributions,probability-distributions.tex,447,"Because the population mean $\mu$ and population variance $\sigma^2$ are usually unknown, we use the following estimators: the mean $\mu$ is estimated by the \hlblue{sample mean}\index{sample mean} $\overline{x}$,",2,static_theoretical_or_illustrative,intentional_manual,Numeric reference appears contextual rather than a computed manuscript result.,notebooks/support/probability-distributions/support.html
calc.pro.0051,pro,Probability Distributions,probability-distributions.tex,454,"The population variance $\sigma^2$ is estimated using the estimator $s^2$,","2, 2",static_theoretical_or_illustrative,intentional_manual,Numeric reference appears contextual rather than a computed manuscript result.,notebooks/support/probability-distributions/support.html
calc.pro.0052,pro,Probability Distributions,probability-distributions.tex,457,s^2 = \frac{\sum{(x_i - \overline{x})^2}}{n - 1},"2, 2, 1",must_be_checked_against_support_notebook,checked_in_support_output,Numeric token(s) found in chapter support notebook output.,notebooks/support/probability-distributions/support.html
calc.pro.0053,pro,Probability Distributions,probability-distributions.tex,464,s^2 = \frac{\sum{x^2 - (\sum{x})^2 / n}}{n - 1},"2, 2, 2, 1",must_be_checked_against_support_notebook,checked_in_support_output,Numeric token(s) found in chapter support notebook output.,notebooks/support/probability-distributions/support.html
calc.pro.0054,pro,Probability Distributions,probability-distributions.tex,469,"Let us consider the results of Sample 2 from \emph{Case: Social security payments}. The sample size for Sample 2 is $n = 200$. The results for this sample are $\overline{x} =$ 1,012 and $s =  $ 115.26. The sample mean...","2, 2, 200, 1012, 115.26, 200",must_be_generated_from_support_notebook,migration_required,Dense numeric row detected; strict policy requires generated linkage instead of hard-coded table/prose values.,notebooks/support/probability-distributions/support.html
calc.pro.0055,pro,Probability Distributions,probability-distributions.tex,474,"has a standard normal distribution. Note the effect of sample size $n$ on the distribution of the sample mean: when $n = 1$ the sample mean has the same variance as the population, but as the sample size increases, th...",1,must_be_checked_against_support_notebook,checked_in_support_output,Numeric token(s) found in chapter support notebook output.,notebooks/support/probability-distributions/support.html
calc.pro.0056,pro,Probability Distributions,probability-distributions.tex,477,"The standard normal distribution has known probabilities between fixed multiples of $s$ around the mean $\mu = 0$, for example, 68.3\% between $z = -1$ and $z = 1$, 95.4\% between $z = -2$ and $z = 2$, and 99.7\% betw...","0, 68.3%, 1, 1, 95.4%, 2, 2, 99.7%, 3, 3, 99.7%, 3, 3, 1, 2, 2, 95%, 1.96, 1.96, 2",must_be_generated_from_support_notebook,migration_required,Dense numeric row detected; strict policy requires generated linkage instead of hard-coded table/prose values.,notebooks/support/probability-distributions/support.html
calc.pro.0057,pro,Probability Distributions,probability-distributions.tex,480,"Assuming that the population mean is 1,030, we can now calculate the probability of obtaining the result of Sample 2 in the \emph{Case: Social security payments}: a sample mean of 1,012 or less by applying Equation \r...","1030, 2, 1012",must_be_checked_against_support_notebook,checked_in_support_output,Numeric token(s) found in chapter support notebook output.,notebooks/support/probability-distributions/support.html
calc.pro.0058,pro,Probability Distributions,probability-distributions.tex,482,"z = \frac{1,012 - 1,030}{115.26 / \sqrt{200}} = -2.2086","1012, 1030, 115.26, 200, 2.2086",must_be_checked_against_support_notebook,checked_in_support_output,Numeric token(s) found in chapter support notebook output.,notebooks/support/probability-distributions/support.html
calc.pro.0059,pro,Probability Distributions,probability-distributions.tex,485,"The probabilities for $z$ are tabulated; without statistical software, this is the most efficient way to obtain them. When we look up the rounded value of -2.21 in such a table, the probability of 1.36\% is found.\foo...","2.21, 1.36%, 2",static_theoretical_or_illustrative,intentional_manual,Context appears referential/illustrative without explicit computation operator.,notebooks/support/probability-distributions/support.html
calc.pro.0060,pro,Probability Distributions,probability-distributions.tex,496,"Similar to the standard normal distribution, the Student's $t$ distribution has a symmetrical probability density function, with mean $\mu = 0$ and variance $\sigma^2 = \frac{n - 1}{n - 3}$. The variance is greater th...","0, 2, 1, 3",must_be_generated_from_support_notebook,migration_required,Dense numeric row detected; strict policy requires generated linkage instead of hard-coded table/prose values.,notebooks/support/probability-distributions/support.html
calc.pro.0061,pro,Probability Distributions,probability-distributions.tex,498,"In the \emph{Case: Social security payments}, the social security agency is principally concerned with the mean value of the payments, not the value of each individual payment. The mean payment of Sample 1 with $n = 1...","1, 10, 1, 9, 1",must_be_generated_from_support_notebook,migration_required,Dense numeric row detected; strict policy requires generated linkage instead of hard-coded table/prose values.,notebooks/support/probability-distributions/support.html
calc.pro.0062,pro,Probability Distributions,probability-distributions.tex,500,"Figure \ref{fig:H2tverdelingen} shows $t$ distributions with 1, 3, 9, and 100 degrees of freedom.","1, 3, 9, 100",static_theoretical_or_illustrative,intentional_manual,Context appears referential/illustrative without explicit computation operator.,notebooks/support/probability-distributions/support.html
calc.pro.0063,pro,Probability Distributions,probability-distributions.tex,535,"The mean payment in the sample is $\bar{x}$ = 1,004. The standard deviation of the sample payments is $s$ = 73.78. To calculate the probability of our sample result given the population mean 1,030, we fill out Equatio...","1004, 73.78, 1030",must_be_checked_against_support_notebook,checked_in_support_output,Numeric token(s) found in chapter support notebook output.,notebooks/support/probability-distributions/support.html
calc.pro.0064,pro,Probability Distributions,probability-distributions.tex,537,"t = \frac{1,004 - 1,030}{73.78 / \sqrt{10}} = -1.11","1004, 1030, 73.78, 10, 1.11",must_be_checked_against_support_notebook,checked_in_support_output,Numeric token(s) found in chapter support notebook output.,notebooks/support/probability-distributions/support.html
calc.pro.0065,pro,Probability Distributions,probability-distributions.tex,540,"Similar to the normal distribution, there are tables for the $t$ distribution. In Exercise \ref{ex:student} in Section \ref{sec:workshop02r} and Exercise \ref{ex:student_p} in Section \ref{sec:workshop02p}, the probab...","2, 2, 14.7%",static_theoretical_or_illustrative,intentional_manual,Context appears referential/illustrative without explicit computation operator.,notebooks/support/probability-distributions/support.html
calc.pro.0066,pro,Probability Distributions,probability-distributions.tex,549,"Therefore, the probability of obtaining a sample mean of 1,004 or less in a sample of 10 items is equal to the probability of $t <$ -1.11. This probability is shown in Figure \ref{fig:H2KansInT} and is approximately e...","1004, 10, 1.11, 14.7%, 1030",must_be_generated_from_support_notebook,migration_required,Dense numeric row detected; strict policy requires generated linkage instead of hard-coded table/prose values.,notebooks/support/probability-distributions/support.html
calc.pro.0067,pro,Probability Distributions,probability-distributions.tex,556,The $\chi^2$ (\emph{chi-squared}) \emph{distribution}\index{$\chi^2$ distribution}\index{chi-squared distribution}\index{distribution!$\chi^2$}\index{distribution!chi-squared} arises naturally when we add the squares ...,"2, 2, 2",must_be_checked_against_support_notebook,checked_in_support_output,Numeric token(s) found in chapter support notebook output.,notebooks/support/probability-distributions/support.html
calc.pro.0068,pro,Probability Distributions,probability-distributions.tex,558,An estimator of population variance $\sigma^2$ is the sample variance given by Equation \ref{eq:sample_variance}:,2,static_theoretical_or_illustrative,intentional_manual,Numeric reference appears contextual rather than a computed manuscript result.,notebooks/support/probability-distributions/support.html
calc.pro.0069,pro,Probability Distributions,probability-distributions.tex,560,s^2 = \frac{\sum \left( x_{i}-\overline{x} \right)^2}{n-1},"2, 2, 1",must_be_checked_against_support_notebook,checked_in_support_output,Numeric token(s) found in chapter support notebook output.,notebooks/support/probability-distributions/support.html
calc.pro.0070,pro,Probability Distributions,probability-distributions.tex,563,"The quantity $(n-1)s^2/\sigma^2$ can be used to draw inferences on the population variance, because it has a $\chi^2$ distribution with $n-1$ degrees of freedom if the sample is drawn from a normal distribution. Figur...","1, 2, 2, 2, 1, 2",must_be_generated_from_support_notebook,migration_required,Dense numeric row detected; strict policy requires generated linkage instead of hard-coded table/prose values.,notebooks/support/probability-distributions/support.html
calc.pro.0071,pro,Probability Distributions,probability-distributions.tex,573,"The $\chi^2$ distribution can be used to construct a confidence interval of the population variance, for example, for the results of Sample 1 of \emph{Case: Social security payments}. The 95\% upper bound on a $\chi^2...","2, 1, 95%, 2, 10, 1, 16.92",must_be_generated_from_support_notebook,migration_required,Dense numeric row detected; strict policy requires generated linkage instead of hard-coded table/prose values.,notebooks/support/probability-distributions/support.html
calc.pro.0072,pro,Probability Distributions,probability-distributions.tex,575,"\sigma^2 \geq \frac{(n - 1)s^2}{\chi^2} = \frac{(10 - 1) \cdot 73.78^2}{16.92} \approx 2,896","2, 1, 2, 2, 10, 1, 73.78, 2, 16.92, 2896",must_be_checked_against_support_notebook,checked_in_support_output,Numeric token(s) found in chapter support notebook output.,notebooks/support/probability-distributions/support.html
calc.pro.0073,pro,Probability Distributions,probability-distributions.tex,577,is the 95\% lower bound for the population variance.,95%,static_theoretical_or_illustrative,intentional_manual,Numeric reference appears contextual rather than a computed manuscript result.,notebooks/support/probability-distributions/support.html
calc.pro.0074,pro,Probability Distributions,probability-distributions.tex,579,"Similarly, to calculate the upper bound for $\sigma^2$, we begin with the lower bound of a $\chi^2$ distributed variable of 3.33.","2, 2, 3.33",must_be_checked_against_support_notebook,checked_in_support_output,Numeric token(s) found in chapter support notebook output.,notebooks/support/probability-distributions/support.html
calc.pro.0075,pro,Probability Distributions,probability-distributions.tex,582,"\sigma^2 \leq \frac{(n - 1)s^2}{\chi^2} = \frac{(10 - 1) \cdot 73.78^2}{3.33} \approx 14,736","2, 1, 2, 2, 10, 1, 73.78, 2, 3.33, 14736",must_be_checked_against_support_notebook,checked_in_support_output,Numeric token(s) found in chapter support notebook output.,notebooks/support/probability-distributions/support.html
calc.pro.0076,pro,Probability Distributions,probability-distributions.tex,586,"We find that $\sigma^2 \geq$ 2,896. The two one-sided 95\% confidence intervals are combined into a single two-sided 90\% confidence interval of [2,896; 14,736] for the population variance.","2, 2896, 95%, 90%, 2896, 14736",must_be_generated_from_support_notebook,migration_required,Dense numeric row detected; strict policy requires generated linkage instead of hard-coded table/prose values.,notebooks/support/probability-distributions/support.html
calc.pro.0077,pro,Probability Distributions,probability-distributions.tex,598,"If we divide two independent random variables $X_1$ and $X_2$ each of which has a $\chi^2$ distribution with $k_1$ and $k_2$ degrees of freedom, the resulting random variable $F = X_1 / X_2$ has an $F$ distribution wi...","1, 2, 2, 1, 2, 1, 2, 1, 2",must_be_checked_against_support_notebook,checked_in_support_output,Numeric token(s) found in chapter support notebook output.,notebooks/support/probability-distributions/support.html
calc.pro.0078,pro,Probability Distributions,probability-distributions.tex,607,Figure \ref{fig:H2Fverdelingen} shows $F$ distributions for different combinations of degrees of freedom. This clearly shows that the distribution is not symmetrical. Negative values for $F$ cannot be observed because...,2,static_theoretical_or_illustrative,intentional_manual,Numeric reference appears contextual rather than a computed manuscript result.,notebooks/support/probability-distributions/support.html
calc.pro.0079,pro,Probability Distributions,probability-distributions.tex,609,"A classic example we discuss when introducing hypothesis testing is to compare the outcome of an $F$-distributed test statistic with a critical value at a given significance level. For example, if we know that the tes...","1, 25, 2, 23, 0.05, 1, 2",handled_by_epic_214_model_test_output,epic_214_scope,Model/test-statistic style output belongs to Epic #214 verification track.,notebooks/support/probability-distributions/support.html
calc.pro.0080,pro,Probability Distributions,probability-distributions.tex,637,\input{generated/workshop-output/exercise-1-1-1},"1, 1, 1",static_theoretical_or_illustrative,intentional_manual,Line contains numeric content but no compute-signal pattern.,notebooks/support/probability-distributions/support.html
calc.pro.0081,pro,Probability Distributions,probability-distributions.tex,640,\input{generated/workshop-output/exercise-1-1-2},"1, 1, 2",static_theoretical_or_illustrative,intentional_manual,Line contains numeric content but no compute-signal pattern.,notebooks/support/probability-distributions/support.html
calc.pro.0082,pro,Probability Distributions,probability-distributions.tex,642,\input{generated/workshop-output/exercise-1-1-3},"1, 1, 3",static_theoretical_or_illustrative,intentional_manual,Line contains numeric content but no compute-signal pattern.,notebooks/support/probability-distributions/support.html
calc.pro.0083,pro,Probability Distributions,probability-distributions.tex,653,\input{generated/workshop-output/exercise-1-2-1},"1, 2, 1",static_theoretical_or_illustrative,intentional_manual,Line contains numeric content but no compute-signal pattern.,notebooks/support/probability-distributions/support.html
calc.pro.0084,pro,Probability Distributions,probability-distributions.tex,663,\input{generated/workshop-output/exercise-1-3-1},"1, 3, 1",static_theoretical_or_illustrative,intentional_manual,Line contains numeric content but no compute-signal pattern.,notebooks/support/probability-distributions/support.html
calc.pro.0085,pro,Probability Distributions,probability-distributions.tex,665,\input{generated/workshop-output/exercise-1-3-2},"1, 3, 2",static_theoretical_or_illustrative,intentional_manual,Line contains numeric content but no compute-signal pattern.,notebooks/support/probability-distributions/support.html
calc.pro.0086,pro,Probability Distributions,probability-distributions.tex,676,\input{generated/workshop-output/exercise-1-4-1},"1, 4, 1",static_theoretical_or_illustrative,intentional_manual,Line contains numeric content but no compute-signal pattern.,notebooks/support/probability-distributions/support.html
calc.pro.0087,pro,Probability Distributions,probability-distributions.tex,678,\input{generated/workshop-output/exercise-1-4-2},"1, 4, 2",static_theoretical_or_illustrative,intentional_manual,Line contains numeric content but no compute-signal pattern.,notebooks/support/probability-distributions/support.html
calc.pro.0088,pro,Probability Distributions,probability-distributions.tex,689,\input{generated/workshop-output/exercise-1-5-1},"1, 5, 1",static_theoretical_or_illustrative,intentional_manual,Line contains numeric content but no compute-signal pattern.,notebooks/support/probability-distributions/support.html
calc.pro.0089,pro,Probability Distributions,probability-distributions.tex,700,\input{generated/workshop-output/exercise-1-6-1},"1, 6, 1",static_theoretical_or_illustrative,intentional_manual,Line contains numeric content but no compute-signal pattern.,notebooks/support/probability-distributions/support.html
calc.pro.0090,pro,Probability Distributions,probability-distributions.tex,702,\input{generated/workshop-output/exercise-1-6-2},"1, 6, 2",static_theoretical_or_illustrative,intentional_manual,Line contains numeric content but no compute-signal pattern.,notebooks/support/probability-distributions/support.html
calc.pro.0091,pro,Probability Distributions,probability-distributions.tex,713,\input{generated/workshop-output/exercise-1-7-1},"1, 7, 1",static_theoretical_or_illustrative,intentional_manual,Line contains numeric content but no compute-signal pattern.,notebooks/support/probability-distributions/support.html
calc.pro.0092,pro,Probability Distributions,probability-distributions.tex,715,\input{generated/workshop-output/exercise-1-7-2},"1, 7, 2",static_theoretical_or_illustrative,intentional_manual,Line contains numeric content but no compute-signal pattern.,notebooks/support/probability-distributions/support.html
calc.pro.0093,pro,Probability Distributions,probability-distributions.tex,729,\input{generated/workshop-output-python/exercise-1-1-1},"1, 1, 1",static_theoretical_or_illustrative,intentional_manual,Line contains numeric content but no compute-signal pattern.,notebooks/support/probability-distributions/support.html
calc.pro.0094,pro,Probability Distributions,probability-distributions.tex,730,\input{generated/workshop-output-python/exercise-1-1-2},"1, 1, 2",static_theoretical_or_illustrative,intentional_manual,Line contains numeric content but no compute-signal pattern.,notebooks/support/probability-distributions/support.html
calc.pro.0095,pro,Probability Distributions,probability-distributions.tex,731,\input{generated/workshop-output-python/exercise-1-1-3},"1, 1, 3",static_theoretical_or_illustrative,intentional_manual,Line contains numeric content but no compute-signal pattern.,notebooks/support/probability-distributions/support.html
calc.pro.0096,pro,Probability Distributions,probability-distributions.tex,740,\input{generated/workshop-output-python/exercise-1-2-1},"1, 2, 1",static_theoretical_or_illustrative,intentional_manual,Line contains numeric content but no compute-signal pattern.,notebooks/support/probability-distributions/support.html
calc.pro.0097,pro,Probability Distributions,probability-distributions.tex,749,\input{generated/workshop-output-python/exercise-1-3-1},"1, 3, 1",static_theoretical_or_illustrative,intentional_manual,Line contains numeric content but no compute-signal pattern.,notebooks/support/probability-distributions/support.html
calc.pro.0098,pro,Probability Distributions,probability-distributions.tex,750,\input{generated/workshop-output-python/exercise-1-3-2},"1, 3, 2",static_theoretical_or_illustrative,intentional_manual,Line contains numeric content but no compute-signal pattern.,notebooks/support/probability-distributions/support.html
calc.pro.0099,pro,Probability Distributions,probability-distributions.tex,759,\input{generated/workshop-output-python/exercise-1-4-1},"1, 4, 1",static_theoretical_or_illustrative,intentional_manual,Line contains numeric content but no compute-signal pattern.,notebooks/support/probability-distributions/support.html
calc.pro.0100,pro,Probability Distributions,probability-distributions.tex,760,\input{generated/workshop-output-python/exercise-1-4-2},"1, 4, 2",static_theoretical_or_illustrative,intentional_manual,Line contains numeric content but no compute-signal pattern.,notebooks/support/probability-distributions/support.html
calc.pro.0101,pro,Probability Distributions,probability-distributions.tex,769,\input{generated/workshop-output-python/exercise-1-5-1},"1, 5, 1",static_theoretical_or_illustrative,intentional_manual,Line contains numeric content but no compute-signal pattern.,notebooks/support/probability-distributions/support.html
calc.pro.0102,pro,Probability Distributions,probability-distributions.tex,778,\input{generated/workshop-output-python/exercise-1-6-1},"1, 6, 1",static_theoretical_or_illustrative,intentional_manual,Line contains numeric content but no compute-signal pattern.,notebooks/support/probability-distributions/support.html
calc.pro.0103,pro,Probability Distributions,probability-distributions.tex,779,\input{generated/workshop-output-python/exercise-1-6-2},"1, 6, 2",static_theoretical_or_illustrative,intentional_manual,Line contains numeric content but no compute-signal pattern.,notebooks/support/probability-distributions/support.html
calc.pro.0104,pro,Probability Distributions,probability-distributions.tex,788,\input{generated/workshop-output-python/exercise-1-7-1},"1, 7, 1",static_theoretical_or_illustrative,intentional_manual,Line contains numeric content but no compute-signal pattern.,notebooks/support/probability-distributions/support.html
calc.pro.0105,pro,Probability Distributions,probability-distributions.tex,789,\input{generated/workshop-output-python/exercise-1-7-2},"1, 7, 2",static_theoretical_or_illustrative,intentional_manual,Line contains numeric content but no compute-signal pattern.,notebooks/support/probability-distributions/support.html
calc.pro.0106,pro,Probability Distributions,probability-distributions.tex,797,"Several relationships exist among the probability distributions introduced in the preceding sections. We have already seen that some distributions are \hlblue{special cases} of others. For example, the standard normal...","0, 1",must_be_checked_against_support_notebook,checked_in_support_output,Numeric token(s) found in chapter support notebook output.,notebooks/support/probability-distributions/support.html
calc.pro.0107,pro,Probability Distributions,probability-distributions.tex,801,"We have also seen examples of \hlblue{combinations} of random variables; when we introduced the $\chi^2$ distribution, we said that if $X$ follows a normal distribution, $X^2$ follows a $\chi^2$ distribution.","2, 2, 2",static_theoretical_or_illustrative,intentional_manual,Line contains numeric content but no compute-signal pattern.,notebooks/support/probability-distributions/support.html
calc.pro.0108,pro,Probability Distributions,probability-distributions.tex,815,"\node[whiteblock, below= 1 cm of hype] (bino) {binomial};",1,must_be_checked_against_support_notebook,checked_in_support_output,Numeric token(s) found in chapter support notebook output.,notebooks/support/probability-distributions/support.html
calc.pro.0109,pro,Probability Distributions,probability-distributions.tex,816,"\node[whiteblock, below= 1 cm of bino] (pois) {Poisson};",1,must_be_checked_against_support_notebook,checked_in_support_output,Numeric token(s) found in chapter support notebook output.,notebooks/support/probability-distributions/support.html
calc.pro.0110,pro,Probability Distributions,probability-distributions.tex,817,"\node[whiteblock, right= 1.5 cm of bino] (stud) {Student's $t$};",1.5,must_be_checked_against_support_notebook,checked_in_support_output,Numeric token(s) found in chapter support notebook output.,notebooks/support/probability-distributions/support.html
calc.pro.0111,pro,Probability Distributions,probability-distributions.tex,818,"\node[whiteblock, right= 1.5 cm of pois] (norm) {normal};",1.5,must_be_checked_against_support_notebook,checked_in_support_output,Numeric token(s) found in chapter support notebook output.,notebooks/support/probability-distributions/support.html
calc.pro.0112,pro,Probability Distributions,probability-distributions.tex,848,"\node[blueblock, below= 0.5 cm of hype] (bino) {binomial};",0.5,must_be_checked_against_support_notebook,checked_in_support_output,Numeric token(s) found in chapter support notebook output.,notebooks/support/probability-distributions/support.html
calc.pro.0113,pro,Probability Distributions,probability-distributions.tex,849,"\node[whiteblock, below= 0.5 cm of bino] (pois) {Poisson};",0.5,must_be_checked_against_support_notebook,checked_in_support_output,Numeric token(s) found in chapter support notebook output.,notebooks/support/probability-distributions/support.html
calc.pro.0114,pro,Probability Distributions,probability-distributions.tex,850,"\node[whiteblock, right= 1.5 cm of bino] (stud) {Student's $t$};",1.5,must_be_checked_against_support_notebook,checked_in_support_output,Numeric token(s) found in chapter support notebook output.,notebooks/support/probability-distributions/support.html
calc.pro.0115,pro,Probability Distributions,probability-distributions.tex,851,"\node[whiteblock, right= 1.5 cm of pois] (norm) {normal};",1.5,must_be_checked_against_support_notebook,checked_in_support_output,Numeric token(s) found in chapter support notebook output.,notebooks/support/probability-distributions/support.html
calc.pro.0116,pro,Probability Distributions,probability-distributions.tex,873,Hypergeometric & $n\pi$ & $n\pi (1-\pi) \frac{N - n}{N - 1}$ \\,"1, 1",must_be_generated_from_support_notebook,migration_required,Dense numeric row detected; strict policy requires generated linkage instead of hard-coded table/prose values.,notebooks/support/probability-distributions/support.html
calc.pro.0117,pro,Probability Distributions,probability-distributions.tex,885,\frac{N - n}{N - 1} \approx \frac{N - n}{N} = 1 - \frac{n}{N},"1, 1",must_be_checked_against_support_notebook,checked_in_support_output,Numeric token(s) found in chapter support notebook output.,notebooks/support/probability-distributions/support.html
calc.pro.0118,pro,Probability Distributions,probability-distributions.tex,893,\frac{n}{N} < 0.10,0.10,must_be_checked_against_support_notebook,checked_in_support_output,Numeric token(s) found in chapter support notebook output.,notebooks/support/probability-distributions/support.html
calc.pro.0119,pro,Probability Distributions,probability-distributions.tex,897,"The correction factor $(N - n) / (N - 1)$ is equal to 1 if the sample size $n = 1$ and gradually decreases to zero as the sample size increases to $N$. Consequently, the variance decreases and the probability mass bec...","1, 1, 1, 10%",must_be_generated_from_support_notebook,migration_required,Dense numeric row detected; strict policy requires generated linkage instead of hard-coded table/prose values.,notebooks/support/probability-distributions/support.html
calc.pro.0120,pro,Probability Distributions,probability-distributions.tex,906,Figure \ref{fig:H2_hyp_appr_bin.png} shows a comparison of the probability mass functions for samples of different sizes from a population of $N =$ 1000 elements. The population error rate $\pi = 0.05$.,"1000, 0.05",must_be_checked_against_support_notebook,checked_in_support_output,Numeric token(s) found in chapter support notebook output.,notebooks/support/probability-distributions/support.html
calc.pro.0121,pro,Probability Distributions,probability-distributions.tex,910,"The third panel is borderline because $n = 100 = 10\% \cdot N$. The last two panels show a much larger sample size, and the approximation is not very close: the binomial distribution has fatter tails than the hypergeo...","100, 10%",must_be_checked_against_support_notebook,checked_in_support_output,Numeric token(s) found in chapter support notebook output.,notebooks/support/probability-distributions/support.html
calc.pro.0122,pro,Probability Distributions,probability-distributions.tex,922,"\node[blueblock, below= 0.5 cm of hype] (bino) {binomial};",0.5,must_be_checked_against_support_notebook,checked_in_support_output,Numeric token(s) found in chapter support notebook output.,notebooks/support/probability-distributions/support.html
calc.pro.0123,pro,Probability Distributions,probability-distributions.tex,923,"\node[blueblock, below= 0.5 cm of bino] (pois) {Poisson};",0.5,must_be_checked_against_support_notebook,checked_in_support_output,Numeric token(s) found in chapter support notebook output.,notebooks/support/probability-distributions/support.html
calc.pro.0124,pro,Probability Distributions,probability-distributions.tex,924,"\node[whiteblock, right= 1.5 cm of bino] (stud) {Student's $t$};",1.5,must_be_checked_against_support_notebook,checked_in_support_output,Numeric token(s) found in chapter support notebook output.,notebooks/support/probability-distributions/support.html
calc.pro.0125,pro,Probability Distributions,probability-distributions.tex,925,"\node[whiteblock, right= 1.5 cm of pois] (norm) {normal};",1.5,must_be_checked_against_support_notebook,checked_in_support_output,Numeric token(s) found in chapter support notebook output.,notebooks/support/probability-distributions/support.html
calc.pro.0126,pro,Probability Distributions,probability-distributions.tex,957,"Similar to what we discussed in \ref{sub:hypergeometric_approximated_by_binomial}, the difference between the two distributions lies in their variance. As $n$ tends to infinity and $n\pi$ remains constant, the differe...","1, 0",must_be_checked_against_support_notebook,checked_in_support_output,Numeric token(s) found in chapter support notebook output.,notebooks/support/probability-distributions/support.html
calc.pro.0127,pro,Probability Distributions,probability-distributions.tex,959,"We observe that the variance of the Poisson distribution is always greater than that of the binomial distribution, and the difference is smaller for lower values of $\pi$. If $\pi < 0.1$ the adjustment factor $1 - \pi...","0.1, 1, 0.9",must_be_checked_against_support_notebook,checked_in_support_output,Numeric token(s) found in chapter support notebook output.,notebooks/support/probability-distributions/support.html
calc.pro.0128,pro,Probability Distributions,probability-distributions.tex,965,Figure \ref{fig:H2_hyp_appr_poiss.png} shows a comparison of the probability mass functions for a sample of $n = 60$ elements from populations with different error rates.,60,must_be_checked_against_support_notebook,checked_in_support_output,Numeric token(s) found in chapter support notebook output.,notebooks/support/probability-distributions/support.html
calc.pro.0129,pro,Probability Distributions,probability-distributions.tex,986,"\node[whiteblock, below= 0.5 cm of hype] (bino) {binomial};",0.5,must_be_checked_against_support_notebook,checked_in_support_output,Numeric token(s) found in chapter support notebook output.,notebooks/support/probability-distributions/support.html
calc.pro.0130,pro,Probability Distributions,probability-distributions.tex,987,"\node[whiteblock, below= 0.5 cm of bino] (pois) {Poisson};",0.5,must_be_checked_against_support_notebook,checked_in_support_output,Numeric token(s) found in chapter support notebook output.,notebooks/support/probability-distributions/support.html
calc.pro.0131,pro,Probability Distributions,probability-distributions.tex,988,"\node[blueblock, right= 1.5 cm of bino] (stud) {Student's $t$};",1.5,must_be_checked_against_support_notebook,checked_in_support_output,Numeric token(s) found in chapter support notebook output.,notebooks/support/probability-distributions/support.html
calc.pro.0132,pro,Probability Distributions,probability-distributions.tex,989,"\node[blueblock, right= 1.5 cm of pois] (norm) {normal};",1.5,must_be_checked_against_support_notebook,checked_in_support_output,Numeric token(s) found in chapter support notebook output.,notebooks/support/probability-distributions/support.html
calc.pro.0133,pro,Probability Distributions,probability-distributions.tex,1000,"The advantage of approximating the Student's $t$ distribution with the normal distribution lies in the fact that we do not need to consider the number of degrees of freedom ($df = n - 1$). Generally, we assume that th...","1, 200",must_be_checked_against_support_notebook,checked_in_support_output,Numeric token(s) found in chapter support notebook output.,notebooks/support/probability-distributions/support.html
calc.pro.0134,pro,Probability Distributions,probability-distributions.tex,1002,"Table \ref{tab:vergPoissNorm} compares $t$-values for samples of size $n = 50, 100$, and $200$ with the $z$-value from the normal distribution at different significance levels\footnote{Significance levels are explaine...","50, 100, 200",must_be_checked_against_support_notebook,checked_in_support_output,Numeric token(s) found in chapter support notebook output.,notebooks/support/probability-distributions/support.html
calc.pro.0135,pro,Probability Distributions,probability-distributions.tex,1020,1\%  & 2.405 & 2.365 & 2.345 & 2.326 \\,"1%, 2.405, 2.365, 2.345, 2.326",must_be_generated_from_support_notebook,migration_required,Dense numeric row detected; strict policy requires generated linkage instead of hard-coded table/prose values.,notebooks/support/probability-distributions/support.html
calc.pro.0136,pro,Probability Distributions,probability-distributions.tex,1021,5\%  & 1.677 & 1.660 & 1.653 & 1.645 \\,"5%, 1.677, 1.660, 1.653, 1.645",must_be_generated_from_support_notebook,migration_required,Dense numeric row detected; strict policy requires generated linkage instead of hard-coded table/prose values.,notebooks/support/probability-distributions/support.html
calc.pro.0137,pro,Probability Distributions,probability-distributions.tex,1022,10\% & 1.299 & 1.290 & 1.286 & 1.282 \\,"10%, 1.299, 1.290, 1.286, 1.282",must_be_generated_from_support_notebook,migration_required,Dense numeric row detected; strict policy requires generated linkage instead of hard-coded table/prose values.,notebooks/support/probability-distributions/support.html
calc.pro.0138,pro,Probability Distributions,probability-distributions.tex,1040,Hypergeometric & Binomial & $\frac{n}{N} < 0.10$ \\,0.10,must_be_checked_against_support_notebook,checked_in_support_output,Numeric token(s) found in chapter support notebook output.,notebooks/support/probability-distributions/support.html
calc.est.0139,est,Estimation,estimation.tex,124,\input{generated/worked-calculations/est-mean-point-estimate},,must_be_generated_from_support_notebook,generated_snippet_linked,Line links to generated worked-calculation snippet path.,notebooks/support/population-estimation/support.html
calc.est.0140,est,Estimation,estimation.tex,125,\input{generated/worked-calculations/est-mean-point-estimate-inline-value},,must_be_generated_from_support_notebook,generated_snippet_linked,Line links to generated worked-calculation snippet path.,notebooks/support/population-estimation/support.html
calc.est.0141,est,Estimation,estimation.tex,136,\input{generated/worked-calculations/est-total-point-estimate},,must_be_generated_from_support_notebook,generated_snippet_linked,Line links to generated worked-calculation snippet path.,notebooks/support/population-estimation/support.html
calc.est.0142,est,Estimation,estimation.tex,241,\input{generated/worked-calculations/est-mean-two-sided-interval-95},,must_be_generated_from_support_notebook,generated_snippet_linked,Line links to generated worked-calculation snippet path.,notebooks/support/population-estimation/support.html
calc.est.0143,est,Estimation,estimation.tex,245,\input{generated/worked-calculations/est-mean-two-sided-interval-99},,must_be_generated_from_support_notebook,generated_snippet_linked,Line links to generated worked-calculation snippet path.,notebooks/support/population-estimation/support.html
calc.est.0144,est,Estimation,estimation.tex,263,\input{generated/worked-calculations/est-mean-one-sided-upper-95},,must_be_generated_from_support_notebook,generated_snippet_linked,Line links to generated worked-calculation snippet path.,notebooks/support/population-estimation/support.html
calc.est.0145,est,Estimation,estimation.tex,286,\input{generated/worked-calculations/est-mean-two-sided-finite-95},,must_be_generated_from_support_notebook,generated_snippet_linked,Line links to generated worked-calculation snippet path.,notebooks/support/population-estimation/support.html
calc.est.0146,est,Estimation,estimation.tex,319,\input{generated/worked-calculations/est-mean-minimum-sample-size-infinite},,must_be_generated_from_support_notebook,generated_snippet_linked,Line links to generated worked-calculation snippet path.,notebooks/support/population-estimation/support.html
calc.est.0147,est,Estimation,estimation.tex,337,\input{generated/worked-calculations/est-mean-stein-interval},,must_be_generated_from_support_notebook,generated_snippet_linked,Line links to generated worked-calculation snippet path.,notebooks/support/population-estimation/support.html
calc.est.0148,est,Estimation,estimation.tex,366,\input{generated/worked-calculations/est-mean-minimum-sample-size-finite},,must_be_generated_from_support_notebook,generated_snippet_linked,Line links to generated worked-calculation snippet path.,notebooks/support/population-estimation/support.html
calc.est.0149,est,Estimation,estimation.tex,387,\input{generated/worked-calculations/est-prop-point-estimate},,must_be_generated_from_support_notebook,generated_snippet_linked,Line links to generated worked-calculation snippet path.,notebooks/support/population-estimation/support.html
calc.est.0150,est,Estimation,estimation.tex,396,\input{generated/worked-calculations/est-prop-total-point-estimate},,must_be_generated_from_support_notebook,generated_snippet_linked,Line links to generated worked-calculation snippet path.,notebooks/support/population-estimation/support.html
calc.est.0151,est,Estimation,estimation.tex,440,\input{generated/worked-calculations/est-prop-binomial-interval-95},,must_be_generated_from_support_notebook,generated_snippet_linked,Line links to generated worked-calculation snippet path.,notebooks/support/population-estimation/support.html
calc.est.0152,est,Estimation,estimation.tex,469,\input{generated/worked-calculations/est-prop-minimum-sample-size-normal},,must_be_generated_from_support_notebook,generated_snippet_linked,Line links to generated worked-calculation snippet path.,notebooks/support/population-estimation/support.html
calc.est.0153,est,Estimation,estimation.tex,470,\input{generated/worked-calculations/est-prop-binomial-interval-extended},,must_be_generated_from_support_notebook,generated_snippet_linked,Line links to generated worked-calculation snippet path.,notebooks/support/population-estimation/support.html
calc.est.0154,est,Estimation,estimation.tex,74,"Winesburg (OH) employs 2,222 civil servants. A full list of employee IDs is available. To perform a substantive analysis of the monthly personnel expenses, you want to make a substantive test of the charge for one mon...","2222, 12",static_theoretical_or_illustrative,intentional_manual,Numeric reference appears contextual rather than a computed manuscript result.,notebooks/support/population-estimation/support.html
calc.est.0155,est,Estimation,estimation.tex,76,"To do this, you obtain a random sample of 50 employees employed in January 20XX and determine their gross salaries and genders. The sample results have been partially reproduced in Table \ref{tab:sample50}. The total ...","50, 20, 0, 150708, 31",static_theoretical_or_illustrative,intentional_manual,Context appears referential/illustrative without explicit computation operator.,notebooks/support/population-estimation/support.html
calc.est.0156,est,Estimation,estimation.tex,79,"Estimate, with 95\% confidence, the total monthly payroll for January 20XX, and the proportions of men and women employed by the town.","95%, 20",static_theoretical_or_illustrative,intentional_manual,Numeric reference appears contextual rather than a computed manuscript result.,notebooks/support/population-estimation/support.html
calc.est.0157,est,Estimation,estimation.tex,96,"1602  & 6  & 1 & 1,612 & 910046 & 0 \\","1602, 6, 1, 1612, 910046, 0",must_be_generated_from_support_notebook,migration_required,Dense numeric row detected; strict policy requires generated linkage instead of hard-coded table/prose values.,notebooks/support/population-estimation/support.html
calc.est.0158,est,Estimation,estimation.tex,97,"1946  & 13 & 8 & 4,818 & 536825 & 1 \\","1946, 13, 8, 4818, 536825, 1",must_be_generated_from_support_notebook,migration_required,Dense numeric row detected; strict policy requires generated linkage instead of hard-coded table/prose values.,notebooks/support/population-estimation/support.html
calc.est.0159,est,Estimation,estimation.tex,98,"1690  & 4  & 0 & 1,399 & 468652 & 0 \\","1690, 4, 0, 1399, 468652, 0",must_be_generated_from_support_notebook,migration_required,Dense numeric row detected; strict policy requires generated linkage instead of hard-coded table/prose values.,notebooks/support/population-estimation/support.html
calc.est.0160,est,Estimation,estimation.tex,99,"1967  & 10 & 4 & 2,845 & 890951 & 0 \\","1967, 10, 4, 2845, 890951, 0",must_be_generated_from_support_notebook,migration_required,Dense numeric row detected; strict policy requires generated linkage instead of hard-coded table/prose values.,notebooks/support/population-estimation/support.html
calc.est.0161,est,Estimation,estimation.tex,100,"1013  & 8  & 6 & 2,486 & 688734 & 0 \\","1013, 8, 6, 2486, 688734, 0",must_be_generated_from_support_notebook,migration_required,Dense numeric row detected; strict policy requires generated linkage instead of hard-coded table/prose values.,notebooks/support/population-estimation/support.html
calc.est.0162,est,Estimation,estimation.tex,101,"369   & 15 & 7 & 5,585 & 798493 & 0 \\","369, 15, 7, 5585, 798493, 0",must_be_generated_from_support_notebook,migration_required,Dense numeric row detected; strict policy requires generated linkage instead of hard-coded table/prose values.,notebooks/support/population-estimation/support.html
calc.est.0163,est,Estimation,estimation.tex,169,"If the true population mean is 3,200.00, as in Figure \ref{fig:H3low_estimate}, the sample mean found to be \EstMeanPointEstimate (marked with an `x') is still close to the true value. This is not as good an estimate ...",3200.00,static_theoretical_or_illustrative,intentional_manual,Numeric reference appears contextual rather than a computed manuscript result.,notebooks/support/population-estimation/support.html
calc.est.0164,est,Estimation,estimation.tex,172,"We see two borderline sampling distributions, one for samples from a population with a low population mean ($\mu$ = \EstMeanLower95) and one for samples from a population with a high population mean ($\mu$ = \EstMeanU...","5, 5",must_be_checked_against_support_notebook,checked_in_support_output,Numeric token(s) found in chapter support notebook output.,notebooks/support/population-estimation/support.html
calc.est.0165,est,Estimation,estimation.tex,173,"~is just acceptable. If the true population mean is less than \EstMeanLower95, the observed sample mean ends up in the right tail and is distrusted as being exceptionally high, whereas if the true population mean is g...","5, 5",static_theoretical_or_illustrative,intentional_manual,Numeric reference appears contextual rather than a computed manuscript result.,notebooks/support/population-estimation/support.html
calc.est.0166,est,Estimation,estimation.tex,179,"For all values of the population mean between \EstMeanLower95 and \EstMeanUpper95, the sample mean is consistent with the assumption that the sample is obtained from a population with this mean. Hence, we infer that t...","5, 5, 5, 5",must_be_generated_from_support_notebook,migration_required,Dense numeric row detected; strict policy requires generated linkage instead of hard-coded table/prose values.,notebooks/support/population-estimation/support.html
calc.est.0167,est,Estimation,estimation.tex,186,"Under certain conditions (we validate these conditions in Chapter \ref{cha:stratified_sampling}), we know that the sample mean has a $t$ distribution with $n-1$ degrees of freedom. To calculate the lower and upper bou...","1, 2",static_theoretical_or_illustrative,intentional_manual,Numeric reference appears contextual rather than a computed manuscript result.,notebooks/support/population-estimation/support.html
calc.est.0168,est,Estimation,estimation.tex,189,s^2_{\bar{y}} = \frac{s^2}{n},"2, 2",must_be_checked_against_support_notebook,checked_in_support_output,Numeric token(s) found in chapter support notebook output.,notebooks/support/population-estimation/support.html
calc.est.0169,est,Estimation,estimation.tex,198,"In this equation, $s^2$ is the estimated population \emph{variance}\index{variance} from Equation \ref{eq:sample_variance}:",2,static_theoretical_or_illustrative,intentional_manual,Numeric reference appears contextual rather than a computed manuscript result.,notebooks/support/population-estimation/support.html
calc.est.0170,est,Estimation,estimation.tex,201,s^2 = \frac{\sum (y_i - \bar{y})^2}{n-1},"2, 2, 1",must_be_checked_against_support_notebook,checked_in_support_output,Numeric token(s) found in chapter support notebook output.,notebooks/support/population-estimation/support.html
calc.est.0171,est,Estimation,estimation.tex,216,\bar{y} \pm t_{\alpha/2} \frac{s}{\sqrt{n}},2,must_be_checked_against_support_notebook,checked_in_support_output,Numeric token(s) found in chapter support notebook output.,notebooks/support/population-estimation/support.html
calc.est.0172,est,Estimation,estimation.tex,220,The quantity $t_{\alpha/2} {s}/{\sqrt{n}}$\nomenclature{$t_{\alpha/2}$}{two-tailed $t$ value} is referred to as \hlblue{precision achieved}\index{precision!achieved}. The interval around the mean value of an element o...,"2, 2, 100",must_be_checked_against_support_notebook,checked_in_support_output,Numeric token(s) found in chapter support notebook output.,notebooks/support/population-estimation/support.html
calc.est.0173,est,Estimation,estimation.tex,224,N \bar{y} \pm N t_{\alpha/2} \frac{s}{\sqrt{n}},2,must_be_checked_against_support_notebook,checked_in_support_output,Numeric token(s) found in chapter support notebook output.,notebooks/support/population-estimation/support.html
calc.est.0174,est,Estimation,estimation.tex,239,"We use the $t$ distribution with an $\alpha$ value of 5\% to obtain a confidence level of 95\%, and we use $n - 1 = \EstMeanDf$ degrees of freedom.","5%, 95%, 1",must_be_generated_from_support_notebook,generated_snippet_linked,Line links to generated worked-calculation snippet path.,notebooks/support/population-estimation/support.html
calc.est.0175,est,Estimation,estimation.tex,241,\input{generated/worked-calculations/est-mean-two-sided-interval-95},95,must_be_generated_from_support_notebook,generated_snippet_linked,Line links to generated worked-calculation snippet path.,notebooks/support/population-estimation/support.html
calc.est.0176,est,Estimation,estimation.tex,245,\input{generated/worked-calculations/est-mean-two-sided-interval-99},99,must_be_generated_from_support_notebook,generated_snippet_linked,Line links to generated worked-calculation snippet path.,notebooks/support/population-estimation/support.html
calc.est.0177,est,Estimation,estimation.tex,252,"In the previous section, we found a 95\% confidence interval for the mean monthly payroll of [\EstMeanLower95,\hspace{0.5em} \EstMeanUpper95]. We can make similar statements about the minimum or maximum mean monthly p...","95%, 5, 0.5, 5",must_be_generated_from_support_notebook,migration_required,Dense numeric row detected; strict policy requires generated linkage instead of hard-coded table/prose values.,notebooks/support/population-estimation/support.html
calc.est.0178,est,Estimation,estimation.tex,263,\input{generated/worked-calculations/est-mean-one-sided-upper-95},95,must_be_generated_from_support_notebook,generated_snippet_linked,Line links to generated worked-calculation snippet path.,notebooks/support/population-estimation/support.html
calc.est.0179,est,Estimation,estimation.tex,270,"So far, we have worked with a sample from a large population and have ignored the fact that the population is finite. To consider this effect, we require the \hlblue{finite-population correction factor}\index{finite-p...",1,must_be_checked_against_support_notebook,checked_in_support_output,Numeric token(s) found in chapter support notebook output.,notebooks/support/population-estimation/support.html
calc.est.0180,est,Estimation,estimation.tex,273,\bar{y} \pm t_{\alpha/2} \frac{s}{\sqrt{n}}\sqrt{\frac{N-n}{N-1}},"2, 1",must_be_checked_against_support_notebook,checked_in_support_output,Numeric token(s) found in chapter support notebook output.,notebooks/support/population-estimation/support.html
calc.est.0181,est,Estimation,estimation.tex,283,Figure \ref{fig:fpcf} shows the effects of the finite-population correction factor. The $x$-axis represents the sample size $n$ as a fraction of the population size $N$. The $y$-axis shows the value of $\sqrt{(N - n)/...,1,must_be_checked_against_support_notebook,checked_in_support_output,Numeric token(s) found in chapter support notebook output.,notebooks/support/population-estimation/support.html
calc.est.0182,est,Estimation,estimation.tex,286,\input{generated/worked-calculations/est-mean-two-sided-finite-95},95,must_be_generated_from_support_notebook,generated_snippet_linked,Line links to generated worked-calculation snippet path.,notebooks/support/population-estimation/support.html
calc.est.0183,est,Estimation,estimation.tex,295,"When we presented the results of the sample, a sample size of $n =$ \EstMeanSampleSize was  determined. The resulting 95\% confidence intervals for the mean monthly payroll of [\EstMeanLower95, \EstMeanUpper95], and f...","95%, 5, 5, 5, 5",must_be_generated_from_support_notebook,migration_required,Dense numeric row detected; strict policy requires generated linkage instead of hard-coded table/prose values.,notebooks/support/population-estimation/support.html
calc.est.0184,est,Estimation,estimation.tex,303,N \bar{y} \pm N t_{\alpha/2} \frac{s}{\sqrt{n}},2,must_be_checked_against_support_notebook,checked_in_support_output,Numeric token(s) found in chapter support notebook output.,notebooks/support/population-estimation/support.html
calc.est.0185,est,Estimation,estimation.tex,306,"Suppose we are not satisfied with the precision achieved of \EstMeanTotalPrecision95, which leads to a 95\% two-sided confidence interval of [\EstMeanTotalLower95, \EstMeanTotalUpper95]. Instead, let us assume that we...","5, 95%, 5, 5, 600000",must_be_checked_against_support_notebook,checked_in_support_output,Numeric token(s) found in chapter support notebook output.,notebooks/support/population-estimation/support.html
calc.est.0186,est,Estimation,estimation.tex,309,N t_{\alpha/2} \frac{s}{\sqrt{n}} \leq E,2,must_be_checked_against_support_notebook,checked_in_support_output,Numeric token(s) found in chapter support notebook output.,notebooks/support/population-estimation/support.html
calc.est.0187,est,Estimation,estimation.tex,316,n \geq \frac{N^2 t_{\alpha/2}^2 s^2}{E^2},"2, 2, 2, 2, 2",must_be_checked_against_support_notebook,checked_in_support_output,Numeric token(s) found in chapter support notebook output.,notebooks/support/population-estimation/support.html
calc.est.0188,est,Estimation,estimation.tex,327,"To address these problems, Stein (1945) developed a two-step procedure\footnote{Note that, in this procedure, Stein uses $s_1$ from the initial sample and $\bar{y}$ based on both the initial and additional samples.} g...","1945, 1",static_theoretical_or_illustrative,intentional_manual,Numeric reference appears contextual rather than a computed manuscript result.,notebooks/support/population-estimation/support.html
calc.est.0189,est,Estimation,estimation.tex,330,N \bar{y}_{tot} \pm N t_{\alpha/2}[n_1-1] \frac{s_1}{\sqrt{n_{tot}}},"2, 1, 1, 1",must_be_checked_against_support_notebook,checked_in_support_output,Numeric token(s) found in chapter support notebook output.,notebooks/support/population-estimation/support.html
calc.est.0190,est,Estimation,estimation.tex,344,We saw in Section \ref{sub:the_effect_of_finiteness} that the finiteness of the population from which we sample has a noticeable effect when the sample size is greater than 10\% of the population size. In the example ...,"10%, 300000",must_be_checked_against_support_notebook,checked_in_support_output,Numeric token(s) found in chapter support notebook output.,notebooks/support/population-estimation/support.html
calc.est.0191,est,Estimation,estimation.tex,349,N \bar{y} \pm N t_{\alpha/2} \frac{s}{\sqrt{n}}\sqrt{\frac{N-n}{N-1}},"2, 1",must_be_checked_against_support_notebook,checked_in_support_output,Numeric token(s) found in chapter support notebook output.,notebooks/support/population-estimation/support.html
calc.est.0192,est,Estimation,estimation.tex,355,N t_{\alpha/2} \frac{s}{\sqrt{n}} \sqrt{\frac{N - n}{N-1}} \leq E,"2, 1",must_be_checked_against_support_notebook,checked_in_support_output,Numeric token(s) found in chapter support notebook output.,notebooks/support/population-estimation/support.html
calc.est.0193,est,Estimation,estimation.tex,360,n \geq \frac{N}{1 + \gamma},1,must_be_checked_against_support_notebook,checked_in_support_output,Numeric token(s) found in chapter support notebook output.,notebooks/support/population-estimation/support.html
calc.est.0194,est,Estimation,estimation.tex,364,\gamma = \frac{E^2 (N-1)}{N^2 t_{\alpha/2}^2 s^2} \approx \frac{E^2}{N t_{\alpha/2}^2 s^2},"2, 1, 2, 2, 2, 2, 2, 2, 2, 2",must_be_generated_from_support_notebook,generated_snippet_linked,Line links to generated worked-calculation snippet path.,notebooks/support/population-estimation/support.html
calc.est.0195,est,Estimation,estimation.tex,377,"The sample data presented in Table \ref{tab:sample50} also shows the number of men and women. Men were coded with 0, and women were coded with 1. This is an example of a \hlblue{nominal variable}\index{nominal variabl...","0, 0, 1",static_theoretical_or_illustrative,intentional_manual,Context appears referential/illustrative without explicit computation operator.,notebooks/support/population-estimation/support.html
calc.est.0196,est,Estimation,estimation.tex,385,"where $k$ denotes the number of women in the sample. Note that when conveniently coding a nominal variable that consists of only two possible values, we can simply sum the observations to obtain a count of the class t...",1,must_be_generated_from_support_notebook,generated_snippet_linked,Line links to generated worked-calculation snippet path.,notebooks/support/population-estimation/support.html
calc.est.0197,est,Estimation,estimation.tex,407,"To calculate a confidence interval\index{confidence interval!proportion}\index{interval!confidence!proportion} for a proportion in a finite population, we should employ the hypergeometric distribution.\footnote{Only i...",0.1,static_theoretical_or_illustrative,intentional_manual,Numeric reference appears contextual rather than a computed manuscript result.,notebooks/support/population-estimation/support.html
calc.est.0198,est,Estimation,estimation.tex,409,The \hlblue{hypergeometric lower bound}\index{hypergeometric lower bound}\index{lower bound!hypergeometric} is defined as the smallest value of $M$ such that the probability of finding this sample result or worse exce...,2,static_theoretical_or_illustrative,intentional_manual,Numeric reference appears contextual rather than a computed manuscript result.,notebooks/support/population-estimation/support.html
calc.est.0199,est,Estimation,estimation.tex,412,"M_L(k) = min{\sum_{i=k}^n hyp(N, M, n, i) > \alpha /2}",2,must_be_checked_against_support_notebook,checked_in_support_output,Numeric token(s) found in chapter support notebook output.,notebooks/support/population-estimation/support.html
calc.est.0200,est,Estimation,estimation.tex,415,The \hlblue{hypergeometric upper bound}\index{hypergeometric upper bound}\index{upper bound!hypergeometric} is defined as the largest value of $M$ such that the probability of finding this sample result or better exce...,2,static_theoretical_or_illustrative,intentional_manual,Numeric reference appears contextual rather than a computed manuscript result.,notebooks/support/population-estimation/support.html
calc.est.0201,est,Estimation,estimation.tex,418,"M_U(k) = max{\sum_{i=0}^k hyp(N, M, n, i) > \alpha /2}","0, 2",must_be_checked_against_support_notebook,checked_in_support_output,Numeric token(s) found in chapter support notebook output.,notebooks/support/population-estimation/support.html
calc.est.0202,est,Estimation,estimation.tex,425,p_l(k) = \frac{k}{k + (n - k + 1) F_{\alpha/2}},"1, 2",must_be_checked_against_support_notebook,checked_in_support_output,Numeric token(s) found in chapter support notebook output.,notebooks/support/population-estimation/support.html
calc.est.0203,est,Estimation,estimation.tex,429,"with the number of degrees of freedom of $F$ given by $\nu_1 = 2n - 2k + 2$ and $\nu_2 = 2k$.\nomenclature{$p_l$}{lower bound on the proportion of successes in the population $p$, based on the sample result $k$}","1, 2, 2, 2, 2, 2",must_be_checked_against_support_notebook,checked_in_support_output,Numeric token(s) found in chapter support notebook output.,notebooks/support/population-estimation/support.html
calc.est.0204,est,Estimation,estimation.tex,434,p_u(k) = \frac{k + 1}{k + 1 + (n - k)/F_{\alpha/2}},"1, 1, 2",must_be_checked_against_support_notebook,checked_in_support_output,Numeric token(s) found in chapter support notebook output.,notebooks/support/population-estimation/support.html
calc.est.0205,est,Estimation,estimation.tex,437,"with the number of degrees of freedom of $F$ given by $\nu_1 = 2k + 2$ and $\nu_2 = 2n - 2k$.\nomenclature{$p_u$}{upper bound on the proportion of successes in the population $p$, based on the sample result $k$}","1, 2, 2, 2, 2, 2",must_be_checked_against_support_notebook,checked_in_support_output,Numeric token(s) found in chapter support notebook output.,notebooks/support/population-estimation/support.html
calc.est.0206,est,Estimation,estimation.tex,440,\input{generated/worked-calculations/est-prop-binomial-interval-95},95,must_be_generated_from_support_notebook,generated_snippet_linked,Line links to generated worked-calculation snippet path.,notebooks/support/population-estimation/support.html
calc.est.0207,est,Estimation,estimation.tex,442,"To obtain a one-sided confidence interval for a proportion, we can use Equations \ref{eq:lower_bound_binomial} or \ref{eq:upper_bound_binomial}, again using $\alpha$ rather than $\alpha/2$.",2,must_be_generated_from_support_notebook,generated_snippet_linked,Line links to generated worked-calculation snippet path.,notebooks/support/population-estimation/support.html
calc.est.0208,est,Estimation,estimation.tex,451,"Therefore, we use the normal approximation\footnote{We approve of this approximation if $n \geq 20$, $n\pi \geq 5$ and $n(1-\pi) \geq 5$} for the binomial distribution, using the following equation for a confidence in...","20, 5, 1, 5, 0.5",must_be_checked_against_support_notebook,checked_in_support_output,Numeric token(s) found in chapter support notebook output.,notebooks/support/population-estimation/support.html
calc.est.0209,est,Estimation,estimation.tex,454,p \pm z_{\alpha/2} \sqrt{p(1-p)/n},"2, 1",must_be_checked_against_support_notebook,checked_in_support_output,Numeric token(s) found in chapter support notebook output.,notebooks/support/population-estimation/support.html
calc.est.0210,est,Estimation,estimation.tex,460,z_{\alpha/2} \sqrt{p(1-p)/n} \leq E,"2, 1",must_be_checked_against_support_notebook,checked_in_support_output,Numeric token(s) found in chapter support notebook output.,notebooks/support/population-estimation/support.html
calc.est.0211,est,Estimation,estimation.tex,465,n \geq \frac{(z_{\alpha/2})^2 p(1-p)}{E^2},"2, 2, 1, 2",must_be_checked_against_support_notebook,checked_in_support_output,Numeric token(s) found in chapter support notebook output.,notebooks/support/population-estimation/support.html
calc.est.0212,est,Estimation,estimation.tex,477,We notice that  $p-p_l$ is slightly above the target $E = \EstPropTargetPrecision$; this is due to the fact that the normal approximation is \hlblue{anti-conservative}\index{anti-conservative}\footnote{anti-conservati...,"1, 100%, 0, 1, 0.5",must_be_generated_from_support_notebook,migration_required,Dense numeric row detected; strict policy requires generated linkage instead of hard-coded table/prose values.,notebooks/support/population-estimation/support.html
calc.est.0213,est,Estimation,estimation.tex,502,\input{generated/workshop-output/exercise-2-1-1},"2, 1, 1",static_theoretical_or_illustrative,intentional_manual,Line contains numeric content but no compute-signal pattern.,notebooks/support/population-estimation/support.html
calc.est.0214,est,Estimation,estimation.tex,503,\input{generated/workshop-output/exercise-2-1-2},"2, 1, 2",static_theoretical_or_illustrative,intentional_manual,Line contains numeric content but no compute-signal pattern.,notebooks/support/population-estimation/support.html
calc.est.0215,est,Estimation,estimation.tex,512,\input{generated/workshop-output/exercise-2-2-1},"2, 2, 1",static_theoretical_or_illustrative,intentional_manual,Line contains numeric content but no compute-signal pattern.,notebooks/support/population-estimation/support.html
calc.est.0216,est,Estimation,estimation.tex,513,\input{generated/workshop-output/exercise-2-2-2},"2, 2, 2",static_theoretical_or_illustrative,intentional_manual,Line contains numeric content but no compute-signal pattern.,notebooks/support/population-estimation/support.html
calc.est.0217,est,Estimation,estimation.tex,522,\input{generated/workshop-output/exercise-2-3-1},"2, 3, 1",static_theoretical_or_illustrative,intentional_manual,Line contains numeric content but no compute-signal pattern.,notebooks/support/population-estimation/support.html
calc.est.0218,est,Estimation,estimation.tex,523,\input{generated/workshop-output/exercise-2-3-2},"2, 3, 2",static_theoretical_or_illustrative,intentional_manual,Line contains numeric content but no compute-signal pattern.,notebooks/support/population-estimation/support.html
calc.est.0219,est,Estimation,estimation.tex,524,\input{generated/workshop-output/exercise-2-3-3},"2, 3, 3",static_theoretical_or_illustrative,intentional_manual,Line contains numeric content but no compute-signal pattern.,notebooks/support/population-estimation/support.html
calc.est.0220,est,Estimation,estimation.tex,525,\input{generated/workshop-output/exercise-2-3-4},"2, 3, 4",static_theoretical_or_illustrative,intentional_manual,Line contains numeric content but no compute-signal pattern.,notebooks/support/population-estimation/support.html
calc.est.0221,est,Estimation,estimation.tex,526,\input{generated/workshop-output/exercise-2-3-5},"2, 3, 5",static_theoretical_or_illustrative,intentional_manual,Line contains numeric content but no compute-signal pattern.,notebooks/support/population-estimation/support.html
calc.est.0222,est,Estimation,estimation.tex,527,\input{generated/workshop-output/exercise-2-3-6},"2, 3, 6",static_theoretical_or_illustrative,intentional_manual,Line contains numeric content but no compute-signal pattern.,notebooks/support/population-estimation/support.html
calc.est.0223,est,Estimation,estimation.tex,536,\input{generated/workshop-output/exercise-2-4-1},"2, 4, 1",static_theoretical_or_illustrative,intentional_manual,Line contains numeric content but no compute-signal pattern.,notebooks/support/population-estimation/support.html
calc.est.0224,est,Estimation,estimation.tex,537,\input{generated/workshop-output/exercise-2-4-2},"2, 4, 2",static_theoretical_or_illustrative,intentional_manual,Line contains numeric content but no compute-signal pattern.,notebooks/support/population-estimation/support.html
calc.est.0225,est,Estimation,estimation.tex,546,\input{generated/workshop-output/exercise-2-5-1},"2, 5, 1",static_theoretical_or_illustrative,intentional_manual,Line contains numeric content but no compute-signal pattern.,notebooks/support/population-estimation/support.html
calc.est.0226,est,Estimation,estimation.tex,547,\input{generated/workshop-output/exercise-2-5-2},"2, 5, 2",static_theoretical_or_illustrative,intentional_manual,Line contains numeric content but no compute-signal pattern.,notebooks/support/population-estimation/support.html
calc.est.0227,est,Estimation,estimation.tex,556,\input{generated/workshop-output/exercise-2-6-1},"2, 6, 1",static_theoretical_or_illustrative,intentional_manual,Line contains numeric content but no compute-signal pattern.,notebooks/support/population-estimation/support.html
calc.est.0228,est,Estimation,estimation.tex,557,\input{generated/workshop-output/exercise-2-6-2},"2, 6, 2",static_theoretical_or_illustrative,intentional_manual,Line contains numeric content but no compute-signal pattern.,notebooks/support/population-estimation/support.html
calc.est.0229,est,Estimation,estimation.tex,571,\input{generated/workshop-output-python/exercise-2-1-1},"2, 1, 1",static_theoretical_or_illustrative,intentional_manual,Line contains numeric content but no compute-signal pattern.,notebooks/support/population-estimation/support.html
calc.est.0230,est,Estimation,estimation.tex,572,\input{generated/workshop-output-python/exercise-2-1-2},"2, 1, 2",static_theoretical_or_illustrative,intentional_manual,Line contains numeric content but no compute-signal pattern.,notebooks/support/population-estimation/support.html
calc.est.0231,est,Estimation,estimation.tex,581,\input{generated/workshop-output-python/exercise-2-2-1},"2, 2, 1",static_theoretical_or_illustrative,intentional_manual,Line contains numeric content but no compute-signal pattern.,notebooks/support/population-estimation/support.html
calc.est.0232,est,Estimation,estimation.tex,582,\input{generated/workshop-output-python/exercise-2-2-2},"2, 2, 2",static_theoretical_or_illustrative,intentional_manual,Line contains numeric content but no compute-signal pattern.,notebooks/support/population-estimation/support.html
calc.est.0233,est,Estimation,estimation.tex,591,\input{generated/workshop-output-python/exercise-2-3-1},"2, 3, 1",static_theoretical_or_illustrative,intentional_manual,Line contains numeric content but no compute-signal pattern.,notebooks/support/population-estimation/support.html
calc.est.0234,est,Estimation,estimation.tex,592,\input{generated/workshop-output-python/exercise-2-3-2},"2, 3, 2",static_theoretical_or_illustrative,intentional_manual,Line contains numeric content but no compute-signal pattern.,notebooks/support/population-estimation/support.html
calc.est.0235,est,Estimation,estimation.tex,593,\input{generated/workshop-output-python/exercise-2-3-3},"2, 3, 3",static_theoretical_or_illustrative,intentional_manual,Line contains numeric content but no compute-signal pattern.,notebooks/support/population-estimation/support.html
calc.est.0236,est,Estimation,estimation.tex,594,\input{generated/workshop-output-python/exercise-2-3-4},"2, 3, 4",static_theoretical_or_illustrative,intentional_manual,Line contains numeric content but no compute-signal pattern.,notebooks/support/population-estimation/support.html
calc.est.0237,est,Estimation,estimation.tex,595,\input{generated/workshop-output-python/exercise-2-3-5},"2, 3, 5",static_theoretical_or_illustrative,intentional_manual,Line contains numeric content but no compute-signal pattern.,notebooks/support/population-estimation/support.html
calc.est.0238,est,Estimation,estimation.tex,596,\input{generated/workshop-output-python/exercise-2-3-6},"2, 3, 6",static_theoretical_or_illustrative,intentional_manual,Line contains numeric content but no compute-signal pattern.,notebooks/support/population-estimation/support.html
calc.est.0239,est,Estimation,estimation.tex,605,\input{generated/workshop-output-python/exercise-2-4-1},"2, 4, 1",static_theoretical_or_illustrative,intentional_manual,Line contains numeric content but no compute-signal pattern.,notebooks/support/population-estimation/support.html
calc.est.0240,est,Estimation,estimation.tex,606,\input{generated/workshop-output-python/exercise-2-4-2},"2, 4, 2",static_theoretical_or_illustrative,intentional_manual,Line contains numeric content but no compute-signal pattern.,notebooks/support/population-estimation/support.html
calc.est.0241,est,Estimation,estimation.tex,615,\input{generated/workshop-output-python/exercise-2-5-1},"2, 5, 1",static_theoretical_or_illustrative,intentional_manual,Line contains numeric content but no compute-signal pattern.,notebooks/support/population-estimation/support.html
calc.est.0242,est,Estimation,estimation.tex,616,\input{generated/workshop-output-python/exercise-2-5-2},"2, 5, 2",static_theoretical_or_illustrative,intentional_manual,Line contains numeric content but no compute-signal pattern.,notebooks/support/population-estimation/support.html
calc.est.0243,est,Estimation,estimation.tex,625,\input{generated/workshop-output-python/exercise-2-6-1},"2, 6, 1",static_theoretical_or_illustrative,intentional_manual,Line contains numeric content but no compute-signal pattern.,notebooks/support/population-estimation/support.html
calc.est.0244,est,Estimation,estimation.tex,626,\input{generated/workshop-output-python/exercise-2-6-2},"2, 6, 2",static_theoretical_or_illustrative,intentional_manual,Line contains numeric content but no compute-signal pattern.,notebooks/support/population-estimation/support.html
calc.aux.0245,aux,Estimation with Auxiliary Variables and Stratification,auxiliary.tex,4,\input{generated/worked-calculations/aux-inline-linked-values},,must_be_generated_from_support_notebook,generated_snippet_linked,Line links to generated worked-calculation snippet path.,notebooks/support/auxiliary-variables-and-stratification/support.html
calc.aux.0246,aux,Estimation with Auxiliary Variables and Stratification,auxiliary.tex,123,\input{generated/worked-calculations/aux-mpu-estimator},,must_be_generated_from_support_notebook,generated_snippet_linked,Line links to generated worked-calculation snippet path.,notebooks/support/auxiliary-variables-and-stratification/support.html
calc.aux.0247,aux,Estimation with Auxiliary Variables and Stratification,auxiliary.tex,253,\input{generated/worked-calculations/aux-regression-estimator},,must_be_generated_from_support_notebook,generated_snippet_linked,Line links to generated worked-calculation snippet path.,notebooks/support/auxiliary-variables-and-stratification/support.html
calc.aux.0248,aux,Estimation with Auxiliary Variables and Stratification,auxiliary.tex,285,\input{generated/worked-calculations/aux-difference-estimator},,must_be_generated_from_support_notebook,generated_snippet_linked,Line links to generated worked-calculation snippet path.,notebooks/support/auxiliary-variables-and-stratification/support.html
calc.aux.0249,aux,Estimation with Auxiliary Variables and Stratification,auxiliary.tex,319,\input{generated/worked-calculations/aux-ratio-estimator},,must_be_generated_from_support_notebook,generated_snippet_linked,Line links to generated worked-calculation snippet path.,notebooks/support/auxiliary-variables-and-stratification/support.html
calc.aux.0250,aux,Estimation with Auxiliary Variables and Stratification,auxiliary.tex,12,In Chapter \ref{cha:probability_distributions} we see that the distribution of the sample mean depends on both the distribution from which we sample and the sample size. In Chapter \ref{cha:estimation} we assume that ...,100,static_theoretical_or_illustrative,intentional_manual,Numeric reference appears contextual rather than a computed manuscript result.,notebooks/support/auxiliary-variables-and-stratification/support.html
calc.aux.0251,aux,Estimation with Auxiliary Variables and Stratification,auxiliary.tex,14,This chapter addresses these issues. The use of an auxiliary variable and/or stratification reduces the imprecision of the estimate and promotes normal distribution of the sample mean. The estimators discussed in this...,2,static_theoretical_or_illustrative,intentional_manual,Numeric reference appears contextual rather than a computed manuscript result.,notebooks/support/auxiliary-variables-and-stratification/support.html
calc.aux.0252,aux,Estimation with Auxiliary Variables and Stratification,auxiliary.tex,71,"As part of the financial statement audit, you perform procedures for the valuation of inventories. There are 3,500 elements, with a total value of $B = 7,360,816$\nomenclature{$B$}{total book value of the population}.","3500, 7360816",must_be_checked_against_support_notebook,checked_in_support_output,Numeric token(s) found in chapter support notebook output.,notebooks/support/auxiliary-variables-and-stratification/support.html
calc.aux.0253,aux,Estimation with Auxiliary Variables and Stratification,auxiliary.tex,77,"\item the cross-product of book value ($x$) and audit value ($y$)\nomenclature{$y$}{audit value}\\ $\sum x y = $ 3,550,437,464;",3550437464,must_be_checked_against_support_notebook,checked_in_support_output,Numeric token(s) found in chapter support notebook output.,notebooks/support/auxiliary-variables-and-stratification/support.html
calc.aux.0254,aux,Estimation with Auxiliary Variables and Stratification,auxiliary.tex,78,"\item the squared book values $\sum x^2 = $3,586,086,982;","2, 3586086982",must_be_checked_against_support_notebook,checked_in_support_output,Numeric token(s) found in chapter support notebook output.,notebooks/support/auxiliary-variables-and-stratification/support.html
calc.aux.0255,aux,Estimation with Auxiliary Variables and Stratification,auxiliary.tex,79,"\item the squared audit values $\sum y^2 = $3,649,977,984;","2, 3649977984",must_be_checked_against_support_notebook,checked_in_support_output,Numeric token(s) found in chapter support notebook output.,notebooks/support/auxiliary-variables-and-stratification/support.html
calc.aux.0256,aux,Estimation with Auxiliary Variables and Stratification,auxiliary.tex,80,"\item the squared differences $\sum d^2\nomenclature{$d$}{difference $x - y$ between the book value $x$ and audit value $y$} = $135,190,038.","2, 135190038",must_be_checked_against_support_notebook,checked_in_support_output,Numeric token(s) found in chapter support notebook output.,notebooks/support/auxiliary-variables-and-stratification/support.html
calc.aux.0257,aux,Estimation with Auxiliary Variables and Stratification,auxiliary.tex,84,"The audited values are then extrapolated to obtain a 95\% two-sided prediction interval for the true value of inventories. The target precision for this estimate is 200,000.","95%, 200000",static_theoretical_or_illustrative,intentional_manual,Numeric reference appears contextual rather than a computed manuscript result.,notebooks/support/auxiliary-variables-and-stratification/support.html
calc.aux.0258,aux,Estimation with Auxiliary Variables and Stratification,auxiliary.tex,88,Obtain a 95\% prediction interval for the true value of inventories.,95%,static_theoretical_or_illustrative,intentional_manual,Numeric reference appears contextual rather than a computed manuscript result.,notebooks/support/auxiliary-variables-and-stratification/support.html
calc.aux.0259,aux,Estimation with Auxiliary Variables and Stratification,auxiliary.tex,102,2524 &   728.40 &   842.99 & -114.59 \\,"2524, 728.40, 842.99, 114.59",must_be_generated_from_support_notebook,migration_required,Dense numeric row detected; strict policy requires generated linkage instead of hard-coded table/prose values.,notebooks/support/auxiliary-variables-and-stratification/support.html
calc.aux.0260,aux,Estimation with Auxiliary Variables and Stratification,auxiliary.tex,103,"3065 & 2,199.37 & 1,999.96 &  199.41 \\","3065, 2199.37, 1999.96, 199.41",must_be_generated_from_support_notebook,migration_required,Dense numeric row detected; strict policy requires generated linkage instead of hard-coded table/prose values.,notebooks/support/auxiliary-variables-and-stratification/support.html
calc.aux.0261,aux,Estimation with Auxiliary Variables and Stratification,auxiliary.tex,104,"2662 & 1,452.48 & 1,589.65 & -137.17 \\","2662, 1452.48, 1589.65, 137.17",must_be_generated_from_support_notebook,migration_required,Dense numeric row detected; strict policy requires generated linkage instead of hard-coded table/prose values.,notebooks/support/auxiliary-variables-and-stratification/support.html
calc.aux.0262,aux,Estimation with Auxiliary Variables and Stratification,auxiliary.tex,105,3099 &    68.61 &    36.39 &   32.22 \\,"3099, 68.61, 36.39, 32.22",must_be_generated_from_support_notebook,migration_required,Dense numeric row detected; strict policy requires generated linkage instead of hard-coded table/prose values.,notebooks/support/auxiliary-variables-and-stratification/support.html
calc.aux.0263,aux,Estimation with Auxiliary Variables and Stratification,auxiliary.tex,106,"1596 & 5,292.84 & 5,273.66 &   19.18 \\","1596, 5292.84, 5273.66, 19.18",must_be_generated_from_support_notebook,migration_required,Dense numeric row detected; strict policy requires generated linkage instead of hard-coded table/prose values.,notebooks/support/auxiliary-variables-and-stratification/support.html
calc.aux.0264,aux,Estimation with Auxiliary Variables and Stratification,auxiliary.tex,107,582 &   910.03 &   969.29 &  -59.26 \\,"582, 910.03, 969.29, 59.26",must_be_generated_from_support_notebook,migration_required,Dense numeric row detected; strict policy requires generated linkage instead of hard-coded table/prose values.,notebooks/support/auxiliary-variables-and-stratification/support.html
calc.aux.0265,aux,Estimation with Auxiliary Variables and Stratification,auxiliary.tex,110,"Total & 863,201.37 & 864,212.48 & -1,011.11 \\","863201.37, 864212.48, 1011.11",must_be_generated_from_support_notebook,migration_required,Dense numeric row detected; strict policy requires generated linkage instead of hard-coded table/prose values.,notebooks/support/auxiliary-variables-and-stratification/support.html
calc.aux.0266,aux,Estimation with Auxiliary Variables and Stratification,auxiliary.tex,121,We start addressing the problem in the \emph{Case: Valuation of inventories} with the estimator introduced in the previous chapter. An estimate of the correct value of the population is obtained by extrapolating the a...,400,must_be_generated_from_support_notebook,generated_snippet_linked,Line links to generated worked-calculation snippet path.,notebooks/support/auxiliary-variables-and-stratification/support.html
calc.aux.0267,aux,Estimation with Auxiliary Variables and Stratification,auxiliary.tex,125,"A 95\% two-sided prediction interval on the correct population value is then calculated by applying Equation \ref{eq:two-sided_finite}, multiplied by $N$",95%,must_be_generated_from_support_notebook,generated_snippet_linked,Line links to generated worked-calculation snippet path.,notebooks/support/auxiliary-variables-and-stratification/support.html
calc.aux.0268,aux,Estimation with Auxiliary Variables and Stratification,auxiliary.tex,128,\hat{Y}_{MPU} \pm N t_{\alpha/2} \frac{s_{y}}{\sqrt{n}}\sqrt{\frac{N-n}{N}},2,must_be_checked_against_support_notebook,checked_in_support_output,Numeric token(s) found in chapter support notebook output.,notebooks/support/auxiliary-variables-and-stratification/support.html
calc.aux.0269,aux,Estimation with Auxiliary Variables and Stratification,auxiliary.tex,137,\hat{Y}_{MPU} \pm g t_{\alpha/2} s_{y},2,must_be_checked_against_support_notebook,checked_in_support_output,Numeric token(s) found in chapter support notebook output.,notebooks/support/auxiliary-variables-and-stratification/support.html
calc.aux.0270,aux,Estimation with Auxiliary Variables and Stratification,auxiliary.tex,142,"g = \sqrt{\frac{3,500(3,500 - 400)}{400}} = 164.6967","3500, 3500, 400, 400, 164.6967",must_be_checked_against_support_notebook,checked_in_support_output,Numeric token(s) found in chapter support notebook output.,notebooks/support/auxiliary-variables-and-stratification/support.html
calc.aux.0271,aux,Estimation with Auxiliary Variables and Stratification,auxiliary.tex,145,"7,561,859 \pm  164.6967 \cdot 1.966 \cdot \sqrt{4,468,220} =","7561859, 164.6967, 1.966, 4468220",must_be_checked_against_support_notebook,checked_in_support_output,Numeric token(s) found in chapter support notebook output.,notebooks/support/auxiliary-variables-and-stratification/support.html
calc.aux.0272,aux,Estimation with Auxiliary Variables and Stratification,auxiliary.tex,148,"7,561,859 \pm 684,415","7561859, 684415",must_be_checked_against_support_notebook,checked_in_support_output,Numeric token(s) found in chapter support notebook output.,notebooks/support/auxiliary-variables-and-stratification/support.html
calc.aux.0273,aux,Estimation with Auxiliary Variables and Stratification,auxiliary.tex,150,"which then yields the prediction interval [6,877,444; 8,246,274].","6877444, 8246274",static_theoretical_or_illustrative,intentional_manual,Numeric reference appears contextual rather than a computed manuscript result.,notebooks/support/auxiliary-variables-and-stratification/support.html
calc.aux.0274,aux,Estimation with Auxiliary Variables and Stratification,auxiliary.tex,152,"We can see that the precision achieved is 684,415, exceeding the desired precision of 200,000. To achieve this precision by just extending the sample, the sample size should be 2,107,\footnote{Use equation \ref{eq:min...","684415, 200000, 2107",static_theoretical_or_illustrative,intentional_manual,Line contains numeric content but no compute-signal pattern.,notebooks/support/auxiliary-variables-and-stratification/support.html
calc.aux.0275,aux,Estimation with Auxiliary Variables and Stratification,auxiliary.tex,174,\hat{y} = b_0 + b_1 x,"0, 1",must_be_checked_against_support_notebook,checked_in_support_output,Numeric token(s) found in chapter support notebook output.,notebooks/support/auxiliary-variables-and-stratification/support.html
calc.aux.0276,aux,Estimation with Auxiliary Variables and Stratification,auxiliary.tex,178,Coefficients $b_0$ and $b_1$ are estimated using a technique called \hlblue{least squares estimation}\index{least squares estimation}\index{estimation!least squares}. This minimizes the vertical distances between each...,"0, 1, 0",static_theoretical_or_illustrative,intentional_manual,Context appears referential/illustrative without explicit computation operator.,notebooks/support/auxiliary-variables-and-stratification/support.html
calc.aux.0277,aux,Estimation with Auxiliary Variables and Stratification,auxiliary.tex,180,b_0 = \bar{y} - b_1 \bar{x},"0, 1",must_be_checked_against_support_notebook,checked_in_support_output,Numeric token(s) found in chapter support notebook output.,notebooks/support/auxiliary-variables-and-stratification/support.html
calc.aux.0278,aux,Estimation with Auxiliary Variables and Stratification,auxiliary.tex,185,b_1 = \frac{\sum{xy - n \bar{x} \bar{y}}}{\sum{x^2} - n \bar{x}^2},"1, 2, 2",must_be_checked_against_support_notebook,checked_in_support_output,Numeric token(s) found in chapter support notebook output.,notebooks/support/auxiliary-variables-and-stratification/support.html
calc.aux.0279,aux,Estimation with Auxiliary Variables and Stratification,auxiliary.tex,186,= \frac{\sum{x y} - \frac{\sum{x}\sum{y}}{n}}{\sum{x^2} - \frac{(\sum{x})^2}{n}},"2, 2",must_be_checked_against_support_notebook,checked_in_support_output,Numeric token(s) found in chapter support notebook output.,notebooks/support/auxiliary-variables-and-stratification/support.html
calc.aux.0280,aux,Estimation with Auxiliary Variables and Stratification,auxiliary.tex,191,\hat{y} = \bar{y} - b_1 \bar{x} + b_1 x = \bar{y} + b_1(x - \bar{x}),"1, 1, 1",must_be_checked_against_support_notebook,checked_in_support_output,Numeric token(s) found in chapter support notebook output.,notebooks/support/auxiliary-variables-and-stratification/support.html
calc.aux.0281,aux,Estimation with Auxiliary Variables and Stratification,auxiliary.tex,196,N \hat{y} &= N \bar{y} + N b_1(x - \bar{x}) \\,1,must_be_checked_against_support_notebook,checked_in_support_output,Numeric token(s) found in chapter support notebook output.,notebooks/support/auxiliary-variables-and-stratification/support.html
calc.aux.0282,aux,Estimation with Auxiliary Variables and Stratification,auxiliary.tex,197,\hat{Y}_R &= N \overline{y} + b_1 (X - N \overline{x}),1,must_be_checked_against_support_notebook,checked_in_support_output,Numeric token(s) found in chapter support notebook output.,notebooks/support/auxiliary-variables-and-stratification/support.html
calc.aux.0283,aux,Estimation with Auxiliary Variables and Stratification,auxiliary.tex,214,"\hat{Y}_R \pm g t_{\alpha/2} s_{y, R}",2,must_be_checked_against_support_notebook,checked_in_support_output,Numeric token(s) found in chapter support notebook output.,notebooks/support/auxiliary-variables-and-stratification/support.html
calc.aux.0284,aux,Estimation with Auxiliary Variables and Stratification,auxiliary.tex,217,"The regression variance is calculated as\footnote{Both versions of the formula are valid. Recall that $b_1 = \frac{c_{xy}}{s_x^2}$, and use $r = \frac{c_{xy}}{s_x s_y}$ from Equation \ref{eq:correlation}.}","1, 2",must_be_checked_against_support_notebook,checked_in_support_output,Numeric token(s) found in chapter support notebook output.,notebooks/support/auxiliary-variables-and-stratification/support.html
calc.aux.0285,aux,Estimation with Auxiliary Variables and Stratification,auxiliary.tex,219,"s_{y, R}^2 = \frac{n - 1}{n - 2}(s_y^2 - 2 b_1 c_{xy} + b_1^2 s_x^2) = s_y^2 \frac{n - 1}{n - 2} (1 - r^2)","2, 1, 2, 2, 2, 1, 1, 2, 2, 2, 1, 2, 1, 2",must_be_checked_against_support_notebook,checked_in_support_output,Numeric token(s) found in chapter support notebook output.,notebooks/support/auxiliary-variables-and-stratification/support.html
calc.aux.0286,aux,Estimation with Auxiliary Variables and Stratification,auxiliary.tex,224,c_{xy} = \frac{\sum{x y} - n \bar{x} \bar{y}}{n - 1}= \frac{\sum{xy} - \frac{\sum{x}\sum{y}}{n}}{(n - 1)},"1, 1",must_be_checked_against_support_notebook,checked_in_support_output,Numeric token(s) found in chapter support notebook output.,notebooks/support/auxiliary-variables-and-stratification/support.html
calc.aux.0287,aux,Estimation with Auxiliary Variables and Stratification,auxiliary.tex,234,r^2_{xy} = \left( \frac{c_{xy}}{s_{x} s_{y}} \right)^2,"2, 2",must_be_checked_against_support_notebook,checked_in_support_output,Numeric token(s) found in chapter support notebook output.,notebooks/support/auxiliary-variables-and-stratification/support.html
calc.aux.0288,aux,Estimation with Auxiliary Variables and Stratification,auxiliary.tex,238,"If we approximate the regression variance using a factor $n - 1$ in the denominator rather than $n - 2$, we obtain the following equality relationship:","1, 2",static_theoretical_or_illustrative,intentional_manual,Numeric reference appears contextual rather than a computed manuscript result.,notebooks/support/auxiliary-variables-and-stratification/support.html
calc.aux.0289,aux,Estimation with Auxiliary Variables and Stratification,auxiliary.tex,240,"s_{y, R}^2 = s_y^2 (1 - r_{xy}^2)","2, 2, 1, 2",must_be_checked_against_support_notebook,checked_in_support_output,Numeric token(s) found in chapter support notebook output.,notebooks/support/auxiliary-variables-and-stratification/support.html
calc.aux.0290,aux,Estimation with Auxiliary Variables and Stratification,auxiliary.tex,242,"This implies that the precision of the regression estimator is always smaller than that of the MPU estimator because $-1 \leq r_{xy} \leq 1$, and therefore, $0 \leq r_{xy}^2 \leq 1$. Consequently, the factor $1 - r^2$...","1, 1, 0, 2, 1, 1, 2, 1",static_theoretical_or_illustrative,intentional_manual,Line contains numeric content but no compute-signal pattern.,notebooks/support/auxiliary-variables-and-stratification/support.html
calc.aux.0291,aux,Estimation with Auxiliary Variables and Stratification,auxiliary.tex,244,"If there is a strong correlation between the book and audit values, the effect on precision achieved could be considerable. If there is perfect correlation and $r^2 = 1$, the precision achieved is reduced to zero. Thi...","2, 1",must_be_checked_against_support_notebook,checked_in_support_output,Numeric token(s) found in chapter support notebook output.,notebooks/support/auxiliary-variables-and-stratification/support.html
calc.aux.0292,aux,Estimation with Auxiliary Variables and Stratification,auxiliary.tex,255,"We can also conclude that using the correlation between book and audit values reduces the precision of the estimate of the correct population value to below the desired precision of 200,000. Therefore, by using the re...",200000,must_be_generated_from_support_notebook,generated_snippet_linked,Line links to generated worked-calculation snippet path.,notebooks/support/auxiliary-variables-and-stratification/support.html
calc.aux.0293,aux,Estimation with Auxiliary Variables and Stratification,auxiliary.tex,262,An alternative estimation technique uses the \hlblue{difference estimator}\index{difference estimator}\index{estimator!difference}. It has been very popular with auditors because the calculation of the estimate is not...,"1, 1, 1",must_be_checked_against_support_notebook,checked_in_support_output,Numeric token(s) found in chapter support notebook output.,notebooks/support/auxiliary-variables-and-stratification/support.html
calc.aux.0294,aux,Estimation with Auxiliary Variables and Stratification,auxiliary.tex,275,\hat{Y}_D \pm g t_{\alpha/2} s_d,2,must_be_checked_against_support_notebook,checked_in_support_output,Numeric token(s) found in chapter support notebook output.,notebooks/support/auxiliary-variables-and-stratification/support.html
calc.aux.0295,aux,Estimation with Auxiliary Variables and Stratification,auxiliary.tex,277,where $s_d^2$ is the variance of the differences $d$,2,static_theoretical_or_illustrative,intentional_manual,Numeric reference appears contextual rather than a computed manuscript result.,notebooks/support/auxiliary-variables-and-stratification/support.html
calc.aux.0296,aux,Estimation with Auxiliary Variables and Stratification,auxiliary.tex,280,s_d^2 = \frac{\sum{d^2} - (\sum{d})^2/n}{n - 1},"2, 2, 2, 1",must_be_checked_against_support_notebook,checked_in_support_output,Numeric token(s) found in chapter support notebook output.,notebooks/support/auxiliary-variables-and-stratification/support.html
calc.aux.0297,aux,Estimation with Auxiliary Variables and Stratification,auxiliary.tex,294,"Another estimation technique popular among auditors is the \hlblue{ratio estimator}\index{ratio estimator}. Similar to the difference estimator, the point estimate calculation is straightforward and can be performed m...","0, 0",must_be_checked_against_support_notebook,checked_in_support_output,Numeric token(s) found in chapter support notebook output.,notebooks/support/auxiliary-variables-and-stratification/support.html
calc.aux.0298,aux,Estimation with Auxiliary Variables and Stratification,auxiliary.tex,302,"where $q = \frac{\sum{y}}{\sum{x}}$ is the ratio of the average audit and book values\nomenclature{$q$}{ratio of the average audit and book values}. In \emph{Case: Valuation of inventories}, using the values from Tabl...","864212.48, 863201.37, 1.00117",must_be_checked_against_support_notebook,checked_in_support_output,Numeric token(s) found in chapter support notebook output.,notebooks/support/auxiliary-variables-and-stratification/support.html
calc.aux.0299,aux,Estimation with Auxiliary Variables and Stratification,auxiliary.tex,308,\hat{Y}_Q \pm g t_{\alpha/2} s_q,2,must_be_checked_against_support_notebook,checked_in_support_output,Numeric token(s) found in chapter support notebook output.,notebooks/support/auxiliary-variables-and-stratification/support.html
calc.aux.0300,aux,Estimation with Auxiliary Variables and Stratification,auxiliary.tex,311,where $s_q^2$ is the variance of the ratio estimator,2,static_theoretical_or_illustrative,intentional_manual,Numeric reference appears contextual rather than a computed manuscript result.,notebooks/support/auxiliary-variables-and-stratification/support.html
calc.aux.0301,aux,Estimation with Auxiliary Variables and Stratification,auxiliary.tex,314,s_q^2 = \frac{\sum{y^2} - 2q\sum{xy} + q^2\sum{x^2}}{n - 1},"2, 2, 2, 2, 2, 1",must_be_checked_against_support_notebook,checked_in_support_output,Numeric token(s) found in chapter support notebook output.,notebooks/support/auxiliary-variables-and-stratification/support.html
calc.aux.0302,aux,Estimation with Auxiliary Variables and Stratification,auxiliary.tex,335,\hat{Y}_R \underset{b_1 = 1}{=} N \overline{y} + (X - N \overline{x}),"1, 1",must_be_checked_against_support_notebook,checked_in_support_output,Numeric token(s) found in chapter support notebook output.,notebooks/support/auxiliary-variables-and-stratification/support.html
calc.aux.0303,aux,Estimation with Auxiliary Variables and Stratification,auxiliary.tex,341,\hat{Y}_R \underset{b_1 = 1}{=} X - N \frac{\sum{x} - \sum{y}}{n},"1, 1",must_be_checked_against_support_notebook,checked_in_support_output,Numeric token(s) found in chapter support notebook output.,notebooks/support/auxiliary-variables-and-stratification/support.html
calc.aux.0304,aux,Estimation with Auxiliary Variables and Stratification,auxiliary.tex,347,\hat{Y}_R \underset{b_1 = 1}{=} X - N \frac{\sum{d}}{n} = \hat{Y}_D,"1, 1",must_be_checked_against_support_notebook,checked_in_support_output,Numeric token(s) found in chapter support notebook output.,notebooks/support/auxiliary-variables-and-stratification/support.html
calc.aux.0305,aux,Estimation with Auxiliary Variables and Stratification,auxiliary.tex,351,"Therefore, if we set the slope parameter $b_1$ to equal 1,\footnote{If $b_1 = 1$, then $y = b_0 + x$, or $y - x = b_0$ is constant.} the regression estimator degenerates into the difference estimator. This implies tha...","1, 1, 1, 1, 0, 0",must_be_generated_from_support_notebook,migration_required,Dense numeric row detected; strict policy requires generated linkage instead of hard-coded table/prose values.,notebooks/support/auxiliary-variables-and-stratification/support.html
calc.aux.0306,aux,Estimation with Auxiliary Variables and Stratification,auxiliary.tex,356,b_0 = \overline{y} - b_1 \overline{x} \equiv 0,"0, 1, 0",must_be_checked_against_support_notebook,checked_in_support_output,Numeric token(s) found in chapter support notebook output.,notebooks/support/auxiliary-variables-and-stratification/support.html
calc.aux.0307,aux,Estimation with Auxiliary Variables and Stratification,auxiliary.tex,362,b_1 = \frac{\overline{y}}{\overline{x}} = \frac{\sum{y}/n}{\sum{x}/n} =\frac{\sum{y}}{\sum{x}} = q,1,must_be_checked_against_support_notebook,checked_in_support_output,Numeric token(s) found in chapter support notebook output.,notebooks/support/auxiliary-variables-and-stratification/support.html
calc.aux.0308,aux,Estimation with Auxiliary Variables and Stratification,auxiliary.tex,365,"If we use $b_1 = q$ in the formula for the regression estimator, we obtain",1,must_be_checked_against_support_notebook,checked_in_support_output,Numeric token(s) found in chapter support notebook output.,notebooks/support/auxiliary-variables-and-stratification/support.html
calc.aux.0309,aux,Estimation with Auxiliary Variables and Stratification,auxiliary.tex,368,\hat{Y}_R \underset{b_1 = q}{=} N \overline{y} + q(X - N \overline{x}),1,must_be_checked_against_support_notebook,checked_in_support_output,Numeric token(s) found in chapter support notebook output.,notebooks/support/auxiliary-variables-and-stratification/support.html
calc.aux.0310,aux,Estimation with Auxiliary Variables and Stratification,auxiliary.tex,374,\hat{Y}_R \underset{b_1 = q}{=} qB + N \frac{\sum{y}}{n} - N \frac{\sum{y}}{\sum{x}} \frac{\sum{x}}{n} = qB = \hat{Y}_Q,1,must_be_checked_against_support_notebook,checked_in_support_output,Numeric token(s) found in chapter support notebook output.,notebooks/support/auxiliary-variables-and-stratification/support.html
calc.aux.0311,aux,Estimation with Auxiliary Variables and Stratification,auxiliary.tex,401,"Subtract $X$ from both sides of the equation and then divide the result by $-\overline{d}$\footnote{If $\overline{d} = $ 0, then the two estimators also yield the same result.}",0,must_be_checked_against_support_notebook,checked_in_support_output,Numeric token(s) found in chapter support notebook output.,notebooks/support/auxiliary-variables-and-stratification/support.html
calc.aux.0312,aux,Estimation with Auxiliary Variables and Stratification,auxiliary.tex,430,\item provides good \hlblue{coverage}\index{coverage} -- the estimator yields a precision interval that contains the population parameter with a probability of at least $(1 - \alpha)$. Estimators with bad coverage are...,1,static_theoretical_or_illustrative,intentional_manual,Numeric reference appears contextual rather than a computed manuscript result.,notebooks/support/auxiliary-variables-and-stratification/support.html
calc.aux.0313,aux,Estimation with Auxiliary Variables and Stratification,auxiliary.tex,434,"To further clarify these criteria, we seeded the \emph{Inventories} population with different error patterns, with a total error of 260,000. The \emph{constant difference} pattern differences are normally distributed,...","260000, 82, 200, 3.7%, 0, 200, 96, 10, 0, 200, 116, 0",must_be_generated_from_support_notebook,migration_required,Dense numeric row detected; strict policy requires generated linkage instead of hard-coded table/prose values.,notebooks/support/auxiliary-variables-and-stratification/support.html
calc.aux.0314,aux,Estimation with Auxiliary Variables and Stratification,auxiliary.tex,444,We then repeatedly obtained samples of size $n = 100$ and collected the results. The precomputed simulation results are available as a downloadable artifact from the project repository.\footnote{\url{https://github.co...,100,must_be_checked_against_support_notebook,checked_in_support_output,Numeric token(s) found in chapter support notebook output.,notebooks/support/auxiliary-variables-and-stratification/support.html
calc.aux.0315,aux,Estimation with Auxiliary Variables and Stratification,auxiliary.tex,472,"Difference & 260,061 & 259,469 & 258,983 & 261,954 \\","260061, 259469, 258983, 261954",must_be_generated_from_support_notebook,migration_required,Dense numeric row detected; strict policy requires generated linkage instead of hard-coded table/prose values.,notebooks/support/auxiliary-variables-and-stratification/support.html
calc.aux.0316,aux,Estimation with Auxiliary Variables and Stratification,auxiliary.tex,473,"Ratio      & 262,571 & 259,493 & 255,750 & 262,293 \\","262571, 259493, 255750, 262293",must_be_generated_from_support_notebook,migration_required,Dense numeric row detected; strict policy requires generated linkage instead of hard-coded table/prose values.,notebooks/support/auxiliary-variables-and-stratification/support.html
calc.aux.0317,aux,Estimation with Auxiliary Variables and Stratification,auxiliary.tex,474,"Regression & 260,227 & 260,002 & 259,453 & 262,544 \\","260227, 260002, 259453, 262544",must_be_generated_from_support_notebook,migration_required,Dense numeric row detected; strict policy requires generated linkage instead of hard-coded table/prose values.,notebooks/support/auxiliary-variables-and-stratification/support.html
calc.aux.0318,aux,Estimation with Auxiliary Variables and Stratification,auxiliary.tex,496,"Difference & 66,480 & 72,079 & 90,768 & 189,442 \\","66480, 72079, 90768, 189442",must_be_generated_from_support_notebook,migration_required,Dense numeric row detected; strict policy requires generated linkage instead of hard-coded table/prose values.,notebooks/support/auxiliary-variables-and-stratification/support.html
calc.aux.0319,aux,Estimation with Auxiliary Variables and Stratification,auxiliary.tex,497,"Ratio & 71,356 & 67,540 & 77,348 & 187,828 \\","71356, 67540, 77348, 187828",must_be_generated_from_support_notebook,migration_required,Dense numeric row detected; strict policy requires generated linkage instead of hard-coded table/prose values.,notebooks/support/auxiliary-variables-and-stratification/support.html
calc.aux.0320,aux,Estimation with Auxiliary Variables and Stratification,auxiliary.tex,498,"Regression & 66,827 & 67,194 & 67,731 & 192,016 \\","66827, 67194, 67731, 192016",must_be_generated_from_support_notebook,migration_required,Dense numeric row detected; strict policy requires generated linkage instead of hard-coded table/prose values.,notebooks/support/auxiliary-variables-and-stratification/support.html
calc.aux.0321,aux,Estimation with Auxiliary Variables and Stratification,auxiliary.tex,509,"Finally, we counted the fraction of samples that yielded a confidence interval that contained the true seeded error of 260,000. Because the confidence level used was 95\%, an ideal estimator would cover the correct va...","260000, 95%, 95%, 95%",must_be_checked_against_support_notebook,checked_in_support_output,Numeric token(s) found in chapter support notebook output.,notebooks/support/auxiliary-variables-and-stratification/support.html
calc.aux.0322,aux,Estimation with Auxiliary Variables and Stratification,auxiliary.tex,522,Difference & 94.94\% & 94.85\% & 94.94\% & 78.41\% \\,"94.94%, 94.85%, 94.94%, 78.41%",must_be_generated_from_support_notebook,migration_required,Dense numeric row detected; strict policy requires generated linkage instead of hard-coded table/prose values.,notebooks/support/auxiliary-variables-and-stratification/support.html
calc.aux.0323,aux,Estimation with Auxiliary Variables and Stratification,auxiliary.tex,523,Ratio & 94.87\% & 95.14\% & 94.51\% & 79.08\% \\,"94.87%, 95.14%, 94.51%, 79.08%",must_be_generated_from_support_notebook,migration_required,Dense numeric row detected; strict policy requires generated linkage instead of hard-coded table/prose values.,notebooks/support/auxiliary-variables-and-stratification/support.html
calc.aux.0324,aux,Estimation with Auxiliary Variables and Stratification,auxiliary.tex,524,Regression & 94.78\% & 94.88\% & 94.65\% & 78.07\% \\,"94.78%, 94.88%, 94.65%, 78.07%",must_be_generated_from_support_notebook,migration_required,Dense numeric row detected; strict policy requires generated linkage instead of hard-coded table/prose values.,notebooks/support/auxiliary-variables-and-stratification/support.html
calc.aux.0325,aux,Estimation with Auxiliary Variables and Stratification,auxiliary.tex,533,The results in Table \ref{tab:coverage_of_estimators} illustrate two important aspects of the application of the Central Limit Theorem: convergence to a normal distribution is from below\footnote{Convergence from belo...,"95%, 80%, 116, 3500, 100, 35%",must_be_generated_from_support_notebook,migration_required,Dense numeric row detected; strict policy requires generated linkage instead of hard-coded table/prose values.,notebooks/support/auxiliary-variables-and-stratification/support.html
calc.aux.0326,aux,Estimation with Auxiliary Variables and Stratification,auxiliary.tex,555,"Roberts (1978) proposed a modification to the calculation of the standard error. If the number of differences $m$\nomenclature{$m$}{number of (non-zero) differences in the sample} is less than three, the standard erro...",1978,static_theoretical_or_illustrative,intentional_manual,Numeric reference appears contextual rather than a computed manuscript result.,notebooks/support/auxiliary-variables-and-stratification/support.html
calc.aux.0327,aux,Estimation with Auxiliary Variables and Stratification,auxiliary.tex,557,"If the number of differences is between three and 19, the standard error is calculated as follows: all three estimators require the upper bound on the percentage of differences, $M_U(k)$, as defined in Equation \ref{e...","19, 1, 1, 3",must_be_checked_against_support_notebook,checked_in_support_output,Numeric token(s) found in chapter support notebook output.,notebooks/support/auxiliary-variables-and-stratification/support.html
calc.aux.0328,aux,Estimation with Auxiliary Variables and Stratification,auxiliary.tex,559,"We use an example\footnote{See Exercise \ref{ex:sporadic}} from a file that will be used in the next Chapter. The \ttblue{accounts\_receivable} data file contains 10,000 invoices, and the total value of the \ttblue{am...","10000, 13500000, 122, 100000, 100, 1%, 20",must_be_checked_against_support_notebook,checked_in_support_output,Numeric token(s) found in chapter support notebook output.,notebooks/support/auxiliary-variables-and-stratification/support.html
calc.aux.0329,aux,Estimation with Auxiliary Variables and Stratification,auxiliary.tex,567,"\bar{d}_m = \frac{\sum{d_m}}{m} = \frac{1,937.98}{6} = 322.9967","1937.98, 6, 322.9967",must_be_checked_against_support_notebook,checked_in_support_output,Numeric token(s) found in chapter support notebook output.,notebooks/support/auxiliary-variables-and-stratification/support.html
calc.aux.0330,aux,Estimation with Auxiliary Variables and Stratification,auxiliary.tex,573,"s_{d, m}^2 = \frac{\sum{d_m^2} - \frac{(\sum{d_m})^2}{m}}{m - 1}","2, 2, 2, 1",must_be_checked_against_support_notebook,checked_in_support_output,Numeric token(s) found in chapter support notebook output.,notebooks/support/auxiliary-variables-and-stratification/support.html
calc.aux.0331,aux,Estimation with Auxiliary Variables and Stratification,auxiliary.tex,577,"s_{d, m}^2 = \frac{2,059,679 - \frac{1,937.98^2}{6}}{6 - 1} = 286,744","2, 2059679, 1937.98, 2, 6, 6, 1, 286744",must_be_checked_against_support_notebook,checked_in_support_output,Numeric token(s) found in chapter support notebook output.,notebooks/support/auxiliary-variables-and-stratification/support.html
calc.aux.0332,aux,Estimation with Auxiliary Variables and Stratification,auxiliary.tex,581,"{s'_d}^2 = M_U(m) s_{d, m}^2 + M_U(m)(1 - M_U(m))(\bar{d}_m)^2","2, 2, 1, 2",must_be_checked_against_support_notebook,checked_in_support_output,Numeric token(s) found in chapter support notebook output.,notebooks/support/auxiliary-variables-and-stratification/support.html
calc.aux.0333,aux,Estimation with Auxiliary Variables and Stratification,auxiliary.tex,586,"{s'_d}^2 &= 0.1147 \cdot 286,744 + 0.1147 \cdot (1 - 0.1147) \cdot 322.9967^2 \\","2, 0.1147, 286744, 0.1147, 1, 0.1147, 322.9967, 2",must_be_generated_from_support_notebook,migration_required,Dense numeric row detected; strict policy requires generated linkage instead of hard-coded table/prose values.,notebooks/support/auxiliary-variables-and-stratification/support.html
calc.aux.0334,aux,Estimation with Auxiliary Variables and Stratification,auxiliary.tex,587,"&= 43,483.25",43483.25,must_be_checked_against_support_notebook,checked_in_support_output,Numeric token(s) found in chapter support notebook output.,notebooks/support/auxiliary-variables-and-stratification/support.html
calc.aux.0335,aux,Estimation with Auxiliary Variables and Stratification,auxiliary.tex,589,where we have used $M_U(m) = 0.1147$.,0.1147,must_be_checked_against_support_notebook,checked_in_support_output,Numeric token(s) found in chapter support notebook output.,notebooks/support/auxiliary-variables-and-stratification/support.html
calc.aux.0336,aux,Estimation with Auxiliary Variables and Stratification,auxiliary.tex,590,"Note that $M_U(m)$ is the upper bound on the proportion of errors, given $m = 6$.\footnote{See Equation \ref{eq:upper_bound}}",6,must_be_checked_against_support_notebook,checked_in_support_output,Numeric token(s) found in chapter support notebook output.,notebooks/support/auxiliary-variables-and-stratification/support.html
calc.aux.0337,aux,Estimation with Auxiliary Variables and Stratification,auxiliary.tex,593,"g = \sqrt{\frac{N(N - n)}{n}} = \sqrt{\frac{10,000 \cdot (10,000 - 100)}{100}} = 994.9874","10000, 10000, 100, 100, 994.9874",must_be_checked_against_support_notebook,checked_in_support_output,Numeric token(s) found in chapter support notebook output.,notebooks/support/auxiliary-variables-and-stratification/support.html
calc.aux.0338,aux,Estimation with Auxiliary Variables and Stratification,auxiliary.tex,595,such that the result is\footnote{The $t$ value of 2.571 is for a two-sided interval with $\alpha = 0.05$ and df = 5.},"2.571, 0.05, 5",must_be_checked_against_support_notebook,checked_in_support_output,Numeric token(s) found in chapter support notebook output.,notebooks/support/auxiliary-variables-and-stratification/support.html
calc.aux.0339,aux,Estimation with Auxiliary Variables and Stratification,auxiliary.tex,597,"994.9874 \cdot 2.571 \cdot \sqrt{43,483.25} = 533,347.23","994.9874, 2.571, 43483.25, 533347.23",must_be_checked_against_support_notebook,checked_in_support_output,Numeric token(s) found in chapter support notebook output.,notebooks/support/auxiliary-variables-and-stratification/support.html
calc.aux.0340,aux,Estimation with Auxiliary Variables and Stratification,auxiliary.tex,603,"s_{q, m}^2 = \frac{\sum{y^2} - 2q\sum{xy} + q^2\sum{x^2}}{m - 1}","2, 2, 2, 2, 2, 1",must_be_checked_against_support_notebook,checked_in_support_output,Numeric token(s) found in chapter support notebook output.,notebooks/support/auxiliary-variables-and-stratification/support.html
calc.aux.0341,aux,Estimation with Auxiliary Variables and Stratification,auxiliary.tex,608,"s_{q, m}^2 &= \frac{230,244,509 - 2 \cdot 0.9825 \cdot 231,280,871 + 0.9825^2 \cdot 234,376,912}{6 - 1} \\","2, 230244509, 2, 0.9825, 231280871, 0.9825, 2, 234376912, 6, 1",must_be_generated_from_support_notebook,migration_required,Dense numeric row detected; strict policy requires generated linkage instead of hard-coded table/prose values.,notebooks/support/auxiliary-variables-and-stratification/support.html
calc.aux.0342,aux,Estimation with Auxiliary Variables and Stratification,auxiliary.tex,613,"{s'_Q}^2 = M_U(m) s_{Q, m}^2","2, 2",must_be_checked_against_support_notebook,checked_in_support_output,Numeric token(s) found in chapter support notebook output.,notebooks/support/auxiliary-variables-and-stratification/support.html
calc.aux.0343,aux,Estimation with Auxiliary Variables and Stratification,auxiliary.tex,616,"= 0.1147 \cdot \AuxSporadicRatioVariance = 46,410.33","0.1147, 46410.33",must_be_checked_against_support_notebook,checked_in_support_output,Numeric token(s) found in chapter support notebook output.,notebooks/support/auxiliary-variables-and-stratification/support.html
calc.aux.0344,aux,Estimation with Auxiliary Variables and Stratification,auxiliary.tex,623,"994.9874 \cdot 2.571 \cdot \sqrt{46,410.33} = 551,006","994.9874, 2.571, 46410.33, 551006",must_be_checked_against_support_notebook,checked_in_support_output,Numeric token(s) found in chapter support notebook output.,notebooks/support/auxiliary-variables-and-stratification/support.html
calc.aux.0345,aux,Estimation with Auxiliary Variables and Stratification,auxiliary.tex,631,{s'_{r}}^2 = {s'_{d}}^2 - 2(b_1 - 1)(c_{xy} - s_x^2) + (b_1 - 1)^2 s_x^2,"2, 2, 2, 1, 1, 2, 1, 1, 2, 2",must_be_checked_against_support_notebook,checked_in_support_output,Numeric token(s) found in chapter support notebook output.,notebooks/support/auxiliary-variables-and-stratification/support.html
calc.aux.0346,aux,Estimation with Auxiliary Variables and Stratification,auxiliary.tex,634,"where ${s'_{d}}^2$ is the result obtained for the difference estimator in Equation \ref{eq:sd_diff_sporadic} $b_1$ is the slope coefficient, as defined in Equation \ref{eq:regression_slope}, and $s_x^2$ is the varianc...","2, 1, 2",must_be_checked_against_support_notebook,checked_in_support_output,Numeric token(s) found in chapter support notebook output.,notebooks/support/auxiliary-variables-and-stratification/support.html
calc.aux.0347,aux,Estimation with Auxiliary Variables and Stratification,auxiliary.tex,637,"{s'_{r}}^2 &= 43,483.25 - 2(0.9915 - 1)(1,120,631 - 1,130,239) \\","2, 43483.25, 2, 0.9915, 1, 1120631, 1130239",must_be_generated_from_support_notebook,migration_required,Dense numeric row detected; strict policy requires generated linkage instead of hard-coded table/prose values.,notebooks/support/auxiliary-variables-and-stratification/support.html
calc.aux.0348,aux,Estimation with Auxiliary Variables and Stratification,auxiliary.tex,638,"&+ (0.9915 - 1)^2 \cdot 1,130,239 \\","0.9915, 1, 2, 1130239",must_be_generated_from_support_notebook,migration_required,Dense numeric row detected; strict policy requires generated linkage instead of hard-coded table/prose values.,notebooks/support/auxiliary-variables-and-stratification/support.html
calc.aux.0349,aux,Estimation with Auxiliary Variables and Stratification,auxiliary.tex,639,"&= 43,401.57",43401.57,must_be_checked_against_support_notebook,checked_in_support_output,Numeric token(s) found in chapter support notebook output.,notebooks/support/auxiliary-variables-and-stratification/support.html
calc.aux.0350,aux,Estimation with Auxiliary Variables and Stratification,auxiliary.tex,646,"994.9874 \cdot 2.571 \cdot \sqrt{43,401.57} = 532,846","994.9874, 2.571, 43401.57, 532846",must_be_checked_against_support_notebook,checked_in_support_output,Numeric token(s) found in chapter support notebook output.,notebooks/support/auxiliary-variables-and-stratification/support.html
calc.aux.0351,aux,Estimation with Auxiliary Variables and Stratification,auxiliary.tex,667,"In some cases, we test all items in a stratum. This stratum is called the \hlblue{census stratum}\index{census stratum}\index{stratum!census} or \hlblue{100\% stratum}\index{100\% stratum}\index{stratum!100\%}.","100%, 100%, 100%",static_theoretical_or_illustrative,intentional_manual,Line contains numeric content but no compute-signal pattern.,notebooks/support/auxiliary-variables-and-stratification/support.html
calc.aux.0352,aux,Estimation with Auxiliary Variables and Stratification,auxiliary.tex,691,"Apart from an unfortunate distribution of audit differences across strata, as the number of strata increases, we lose degrees of freedom as we make separate estimates of the mean and standard deviation in each stratum...","5, 20",static_theoretical_or_illustrative,intentional_manual,Numeric reference appears contextual rather than a computed manuscript result.,notebooks/support/auxiliary-variables-and-stratification/support.html
calc.aux.0353,aux,Estimation with Auxiliary Variables and Stratification,auxiliary.tex,715,"The desired total book value per stratum is therefore 7,360,816 / 3 = 2,453,605.","7360816, 3, 2453605",must_be_checked_against_support_notebook,checked_in_support_output,Numeric token(s) found in chapter support notebook output.,notebooks/support/auxiliary-variables-and-stratification/support.html
calc.aux.0354,aux,Estimation with Auxiliary Variables and Stratification,auxiliary.tex,726,"1 & 2,431 & 1.57 -- 2,478.93 & 2,452,927.31 \\","1, 2431, 1.57, 2478.93, 2452927.31",must_be_generated_from_support_notebook,migration_required,Dense numeric row detected; strict policy requires generated linkage instead of hard-coded table/prose values.,notebooks/support/auxiliary-variables-and-stratification/support.html
calc.aux.0355,aux,Estimation with Auxiliary Variables and Stratification,auxiliary.tex,727,"2 & 710   & 2,480.29 -- 4,833.28 & 2,453,454.96 \\","2, 710, 2480.29, 4833.28, 2453454.96",must_be_generated_from_support_notebook,migration_required,Dense numeric row detected; strict policy requires generated linkage instead of hard-coded table/prose values.,notebooks/support/auxiliary-variables-and-stratification/support.html
calc.aux.0356,aux,Estimation with Auxiliary Variables and Stratification,auxiliary.tex,728,"3 & 359   & 4,839.62 -- 18,496.21 & 2,454,433.73 \\","3, 359, 4839.62, 18496.21, 2454433.73",must_be_generated_from_support_notebook,migration_required,Dense numeric row detected; strict policy requires generated linkage instead of hard-coded table/prose values.,notebooks/support/auxiliary-variables-and-stratification/support.html
calc.aux.0357,aux,Estimation with Auxiliary Variables and Stratification,auxiliary.tex,747,"The range between the values is thus divided into ten equal parts, each with a width of 1849.46.\footnote{It is also possible to use cells of unequal length. In that case, the square root of the frequency is multiplie...","1849.46, 1851.03, 3700.50, 5549.96",static_theoretical_or_illustrative,intentional_manual,Line contains numeric content but no compute-signal pattern.,notebooks/support/auxiliary-variables-and-stratification/support.html
calc.aux.0358,aux,Estimation with Auxiliary Variables and Stratification,auxiliary.tex,763,"1 & 1.57 - 1,848.60 & 2,030 & 45.06 & 45.06\\","1, 1.57, 1848.60, 2030, 45.06, 45.06",must_be_generated_from_support_notebook,migration_required,Dense numeric row detected; strict policy requires generated linkage instead of hard-coded table/prose values.,notebooks/support/auxiliary-variables-and-stratification/support.html
calc.aux.0359,aux,Estimation with Auxiliary Variables and Stratification,auxiliary.tex,764,"2 & 1,851.65 - 3,694.56 & 857 & 29.27 & 74.33 \\","2, 1851.65, 3694.56, 857, 29.27, 74.33",must_be_generated_from_support_notebook,migration_required,Dense numeric row detected; strict policy requires generated linkage instead of hard-coded table/prose values.,notebooks/support/auxiliary-variables-and-stratification/support.html
calc.aux.0360,aux,Estimation with Auxiliary Variables and Stratification,auxiliary.tex,765,"3 & 3,700.70 - 5,547.71 & 360 & 18.97 & 93.30 \\","3, 3700.70, 5547.71, 360, 18.97, 93.30",must_be_generated_from_support_notebook,migration_required,Dense numeric row detected; strict policy requires generated linkage instead of hard-coded table/prose values.,notebooks/support/auxiliary-variables-and-stratification/support.html
calc.aux.0361,aux,Estimation with Auxiliary Variables and Stratification,auxiliary.tex,766,"4 & 5,556.67 - 7,398.87 & 154 & 12.41 & 105.71 \\","4, 5556.67, 7398.87, 154, 12.41, 105.71",must_be_generated_from_support_notebook,migration_required,Dense numeric row detected; strict policy requires generated linkage instead of hard-coded table/prose values.,notebooks/support/auxiliary-variables-and-stratification/support.html
calc.aux.0362,aux,Estimation with Auxiliary Variables and Stratification,auxiliary.tex,767,"5 & 7,406.10 - 9,238.08 & 63 & 7.94 & 113.65 \\","5, 7406.10, 9238.08, 63, 7.94, 113.65",must_be_generated_from_support_notebook,migration_required,Dense numeric row detected; strict policy requires generated linkage instead of hard-coded table/prose values.,notebooks/support/auxiliary-variables-and-stratification/support.html
calc.aux.0363,aux,Estimation with Auxiliary Variables and Stratification,auxiliary.tex,768,"6 & 9,273.30 - 11,077.31 & 24 & 4.90 & 118.55 \\","6, 9273.30, 11077.31, 24, 4.90, 118.55",must_be_generated_from_support_notebook,migration_required,Dense numeric row detected; strict policy requires generated linkage instead of hard-coded table/prose values.,notebooks/support/auxiliary-variables-and-stratification/support.html
calc.aux.0364,aux,Estimation with Auxiliary Variables and Stratification,auxiliary.tex,769,"7 & 11,299.53 - 12,723.03 & 7 & 2.65 & 121.20 \\","7, 11299.53, 12723.03, 7, 2.65, 121.20",must_be_generated_from_support_notebook,migration_required,Dense numeric row detected; strict policy requires generated linkage instead of hard-coded table/prose values.,notebooks/support/auxiliary-variables-and-stratification/support.html
calc.aux.0365,aux,Estimation with Auxiliary Variables and Stratification,auxiliary.tex,770,"8 & 13,131.76 - 14,125.05 & 4 & 2.00 & 123.20 \\","8, 13131.76, 14125.05, 4, 2.00, 123.20",must_be_generated_from_support_notebook,migration_required,Dense numeric row detected; strict policy requires generated linkage instead of hard-coded table/prose values.,notebooks/support/auxiliary-variables-and-stratification/support.html
calc.aux.0366,aux,Estimation with Auxiliary Variables and Stratification,auxiliary.tex,771,9 & - & 0 & 0.00 & 123.20 \\,"9, 0, 0.00, 123.20",must_be_generated_from_support_notebook,migration_required,Dense numeric row detected; strict policy requires generated linkage instead of hard-coded table/prose values.,notebooks/support/auxiliary-variables-and-stratification/support.html
calc.aux.0367,aux,Estimation with Auxiliary Variables and Stratification,auxiliary.tex,772,"10 & 18,496.21 & 1 & 1.00 & 124.20 \\","10, 18496.21, 1, 1.00, 124.20",must_be_generated_from_support_notebook,migration_required,Dense numeric row detected; strict policy requires generated linkage instead of hard-coded table/prose values.,notebooks/support/auxiliary-variables-and-stratification/support.html
calc.aux.0368,aux,Estimation with Auxiliary Variables and Stratification,auxiliary.tex,782,"The total sum of square roots of frequencies of 124.20 is divided by the desired number of strata 3, resulting in a target sum of 41.40.","124.20, 3, 41.40",must_be_checked_against_support_notebook,checked_in_support_output,Numeric token(s) found in chapter support notebook output.,notebooks/support/auxiliary-variables-and-stratification/support.html
calc.aux.0369,aux,Estimation with Auxiliary Variables and Stratification,auxiliary.tex,784,"In the example in Table \ref{tab:class_inventories} the first stratum is formed by class 1. The cumulative sum for class 1 is 45.05, which is greater than 41.40. The sum without class 1 is 0. Since 45.05 is closer to ...","1, 1, 45.05, 41.40, 1, 0, 45.05, 41.40, 0, 1, 1",must_be_checked_against_support_notebook,checked_in_support_output,Numeric token(s) found in chapter support notebook output.,notebooks/support/auxiliary-variables-and-stratification/support.html
calc.aux.0370,aux,Estimation with Auxiliary Variables and Stratification,auxiliary.tex,786,"For the second stratum, we add classes 2 and 3 for a subtotal of 48.24, which is closer to 41.40 than the subtotal of 29.27 for class 2 only. Hence, stratum 2 contains classes 2 and 3.","2, 3, 48.24, 41.40, 29.27, 2, 2, 2, 3",static_theoretical_or_illustrative,intentional_manual,Line contains numeric content but no compute-signal pattern.,notebooks/support/auxiliary-variables-and-stratification/support.html
calc.aux.0371,aux,Estimation with Auxiliary Variables and Stratification,auxiliary.tex,804,"1 & 1.57 - 1,848.60 & 2,030 & 45.06 \\","1, 1.57, 1848.60, 2030, 45.06",must_be_generated_from_support_notebook,migration_required,Dense numeric row detected; strict policy requires generated linkage instead of hard-coded table/prose values.,notebooks/support/auxiliary-variables-and-stratification/support.html
calc.aux.0372,aux,Estimation with Auxiliary Variables and Stratification,auxiliary.tex,805,"2 & 1,851.65 - 5,547.71 & 1,217 & 48.25 \\","2, 1851.65, 5547.71, 1217, 48.25",must_be_generated_from_support_notebook,migration_required,Dense numeric row detected; strict policy requires generated linkage instead of hard-coded table/prose values.,notebooks/support/auxiliary-variables-and-stratification/support.html
calc.aux.0373,aux,Estimation with Auxiliary Variables and Stratification,auxiliary.tex,806,"3 & 5,556.67 - 18,496.21 & 253 & 30.89 \\","3, 5556.67, 18496.21, 253, 30.89",must_be_generated_from_support_notebook,migration_required,Dense numeric row detected; strict policy requires generated linkage instead of hard-coded table/prose values.,notebooks/support/auxiliary-variables-and-stratification/support.html
calc.aux.0374,aux,Estimation with Auxiliary Variables and Stratification,auxiliary.tex,831,"Therefore, it is recommended to first obtain a pilot sample of sufficient size (at least 50) to estimate reasonable approximations of these input variables. However, in practice this may not always be possible.",50,static_theoretical_or_illustrative,intentional_manual,Numeric reference appears contextual rather than a computed manuscript result.,notebooks/support/auxiliary-variables-and-stratification/support.html
calc.aux.0375,aux,Estimation with Auxiliary Variables and Stratification,auxiliary.tex,836,"n = \frac{t^2(\sum{N_h s_{y,h}})^2}{E^2 + t^2\sum{N_h s_{y,h}^2}}","2, 2, 2, 2, 2",must_be_checked_against_support_notebook,checked_in_support_output,Numeric token(s) found in chapter support notebook output.,notebooks/support/auxiliary-variables-and-stratification/support.html
calc.aux.0376,aux,Estimation with Auxiliary Variables and Stratification,auxiliary.tex,854,"1 & 2,030 & 524.12 & 1,063,964 & 557,644,952 \\","1, 2030, 524.12, 1063964, 557644952",must_be_generated_from_support_notebook,migration_required,Dense numeric row detected; strict policy requires generated linkage instead of hard-coded table/prose values.,notebooks/support/auxiliary-variables-and-stratification/support.html
calc.aux.0377,aux,Estimation with Auxiliary Variables and Stratification,auxiliary.tex,855,"2 & 1,217 & 1,001.24 & 1,218,515 & 1,220,031,365 \\","2, 1217, 1001.24, 1218515, 1220031365",must_be_generated_from_support_notebook,migration_required,Dense numeric row detected; strict policy requires generated linkage instead of hard-coded table/prose values.,notebooks/support/auxiliary-variables-and-stratification/support.html
calc.aux.0378,aux,Estimation with Auxiliary Variables and Stratification,auxiliary.tex,856,"3 & 253 & 1,828.32 & 462,564 & 845,712,351 \\","3, 253, 1828.32, 462564, 845712351",must_be_generated_from_support_notebook,migration_required,Dense numeric row detected; strict policy requires generated linkage instead of hard-coded table/prose values.,notebooks/support/auxiliary-variables-and-stratification/support.html
calc.aux.0379,aux,Estimation with Auxiliary Variables and Stratification,auxiliary.tex,860,"Total & 3,500 & & 2,745,042 & 2,623,388,667 \\","3500, 2745042, 2623388667",must_be_generated_from_support_notebook,migration_required,Dense numeric row detected; strict policy requires generated linkage instead of hard-coded table/prose values.,notebooks/support/auxiliary-variables-and-stratification/support.html
calc.aux.0380,aux,Estimation with Auxiliary Variables and Stratification,auxiliary.tex,869,"\footnote{At this stage, the determination of the mean-per-unit $t$ value is arbitrary. We presume that the calculated sample size is greater than 200, and therefore use a mean-per-unit $t$ value with 200 degrees of f...","200, 200",static_theoretical_or_illustrative,intentional_manual,Numeric reference appears contextual rather than a computed manuscript result.,notebooks/support/auxiliary-variables-and-stratification/support.html
calc.aux.0381,aux,Estimation with Auxiliary Variables and Stratification,auxiliary.tex,871,"n = \frac{1.972^2 \cdot 2,745,042^2} {200,000^2 + 1.972^2 \cdot 2,623,388,667} = 584","1.972, 2, 2745042, 2, 200000, 2, 1.972, 2, 2623388667, 584",must_be_checked_against_support_notebook,checked_in_support_output,Numeric token(s) found in chapter support notebook output.,notebooks/support/auxiliary-variables-and-stratification/support.html
calc.aux.0382,aux,Estimation with Auxiliary Variables and Stratification,auxiliary.tex,879,"Sample allocation is different for the two stratification methods. When we stratify the population by equal recorded value boundaries, the sample is evenly distributed over the strata. With a sample size of $n = 584$,...","584, 195",must_be_checked_against_support_notebook,checked_in_support_output,Numeric token(s) found in chapter support notebook output.,notebooks/support/auxiliary-variables-and-stratification/support.html
calc.aux.0383,aux,Estimation with Auxiliary Variables and Stratification,auxiliary.tex,900,"1 & 2,030 & 524.12 & 1,063,964 & 226 \\","1, 2030, 524.12, 1063964, 226",must_be_generated_from_support_notebook,migration_required,Dense numeric row detected; strict policy requires generated linkage instead of hard-coded table/prose values.,notebooks/support/auxiliary-variables-and-stratification/support.html
calc.aux.0384,aux,Estimation with Auxiliary Variables and Stratification,auxiliary.tex,901,"2 & 1,217 & 1,001.24 & 1,218,515 & 259 \\","2, 1217, 1001.24, 1218515, 259",must_be_generated_from_support_notebook,migration_required,Dense numeric row detected; strict policy requires generated linkage instead of hard-coded table/prose values.,notebooks/support/auxiliary-variables-and-stratification/support.html
calc.aux.0385,aux,Estimation with Auxiliary Variables and Stratification,auxiliary.tex,902,"3 & 253 & 1,828.32 & 462,564 & 98 \\","3, 253, 1828.32, 462564, 98",must_be_generated_from_support_notebook,migration_required,Dense numeric row detected; strict policy requires generated linkage instead of hard-coded table/prose values.,notebooks/support/auxiliary-variables-and-stratification/support.html
calc.aux.0386,aux,Estimation with Auxiliary Variables and Stratification,auxiliary.tex,906,"Total & 3,500 & & 2,745,042 & 583 \\","3500, 2745042, 583",must_be_generated_from_support_notebook,migration_required,Dense numeric row detected; strict policy requires generated linkage instead of hard-coded table/prose values.,notebooks/support/auxiliary-variables-and-stratification/support.html
calc.aux.0387,aux,Estimation with Auxiliary Variables and Stratification,auxiliary.tex,917,"n_1 = 584 \cdot \frac{1,063,964}{2,745,042}= 226","1, 584, 1063964, 2745042, 226",must_be_checked_against_support_notebook,checked_in_support_output,Numeric token(s) found in chapter support notebook output.,notebooks/support/auxiliary-variables-and-stratification/support.html
calc.aux.0388,aux,Estimation with Auxiliary Variables and Stratification,auxiliary.tex,945,"1 & 2,030 & 226 & 183,746.92 &   545.26 \\","1, 2030, 226, 183746.92, 545.26",must_be_generated_from_support_notebook,migration_required,Dense numeric row detected; strict policy requires generated linkage instead of hard-coded table/prose values.,notebooks/support/auxiliary-variables-and-stratification/support.html
calc.aux.0389,aux,Estimation with Auxiliary Variables and Stratification,auxiliary.tex,946,"2 & 1,217 & 259 & 853,049.17 & 1,302.54 \\","2, 1217, 259, 853049.17, 1302.54",must_be_generated_from_support_notebook,migration_required,Dense numeric row detected; strict policy requires generated linkage instead of hard-coded table/prose values.,notebooks/support/auxiliary-variables-and-stratification/support.html
calc.aux.0390,aux,Estimation with Auxiliary Variables and Stratification,auxiliary.tex,947,"3 &   253 &  98 & 779,308.12 & 2,824.72 \\","3, 253, 98, 779308.12, 2824.72",must_be_generated_from_support_notebook,migration_required,Dense numeric row detected; strict policy requires generated linkage instead of hard-coded table/prose values.,notebooks/support/auxiliary-variables-and-stratification/support.html
calc.aux.0391,aux,Estimation with Auxiliary Variables and Stratification,auxiliary.tex,971,"1 & 2,030  &   813.04 & 1,650,470.12 \\","1, 2030, 813.04, 1650470.12",must_be_generated_from_support_notebook,migration_required,Dense numeric row detected; strict policy requires generated linkage instead of hard-coded table/prose values.,notebooks/support/auxiliary-variables-and-stratification/support.html
calc.aux.0392,aux,Estimation with Auxiliary Variables and Stratification,auxiliary.tex,972,"2 & 1,217  & 3,293.63 & 4,008,343.01 \\","2, 1217, 3293.63, 4008343.01",must_be_generated_from_support_notebook,migration_required,Dense numeric row detected; strict policy requires generated linkage instead of hard-coded table/prose values.,notebooks/support/auxiliary-variables-and-stratification/support.html
calc.aux.0393,aux,Estimation with Auxiliary Variables and Stratification,auxiliary.tex,973,"3 &   253  & 7,952.12 & 2,011,887.29 \\","3, 253, 7952.12, 2011887.29",must_be_generated_from_support_notebook,migration_required,Dense numeric row detected; strict policy requires generated linkage instead of hard-coded table/prose values.,notebooks/support/auxiliary-variables-and-stratification/support.html
calc.aux.0394,aux,Estimation with Auxiliary Variables and Stratification,auxiliary.tex,991,"s^2_{MPU} = \sum_{h = 1}^{L}g_h^2 s_{y,h}^2","2, 1, 2, 2",must_be_checked_against_support_notebook,checked_in_support_output,Numeric token(s) found in chapter support notebook output.,notebooks/support/auxiliary-variables-and-stratification/support.html
calc.aux.0395,aux,Estimation with Auxiliary Variables and Stratification,auxiliary.tex,1013,"1 & 2,030 & 226 & 16,204.07 &   297,308 &  4,817,605,606 \\","1, 2030, 226, 16204.07, 297308, 4817605606",must_be_generated_from_support_notebook,migration_required,Dense numeric row detected; strict policy requires generated linkage instead of hard-coded table/prose values.,notebooks/support/auxiliary-variables-and-stratification/support.html
calc.aux.0396,aux,Estimation with Auxiliary Variables and Stratification,auxiliary.tex,1014,"2 & 1,217 & 259 &  4,501.49 & 1,696,612 &  7,637,282,583 \\","2, 1217, 259, 4501.49, 1696612, 7637282583",must_be_generated_from_support_notebook,migration_required,Dense numeric row detected; strict policy requires generated linkage instead of hard-coded table/prose values.,notebooks/support/auxiliary-variables-and-stratification/support.html
calc.aux.0397,aux,Estimation with Auxiliary Variables and Stratification,auxiliary.tex,1015,"3 &   253 &  98 &    400.15 & 7,979,066 &  3,192,847,772 \\","3, 253, 98, 400.15, 7979066, 3192847772",must_be_generated_from_support_notebook,migration_required,Dense numeric row detected; strict policy requires generated linkage instead of hard-coded table/prose values.,notebooks/support/auxiliary-variables-and-stratification/support.html
calc.aux.0398,aux,Estimation with Auxiliary Variables and Stratification,auxiliary.tex,1023,"The standard error of the MPU estimate is the square root of its variance $s_{MPU} = \sqrt{15,647,735,961} = 125,090.91.$ This standard error $s_{MPU}$ is then used to obtain the lower and upper bounds of the predicti...","15647735961, 125090.91",must_be_checked_against_support_notebook,checked_in_support_output,Numeric token(s) found in chapter support notebook output.,notebooks/support/auxiliary-variables-and-stratification/support.html
calc.aux.0399,aux,Estimation with Auxiliary Variables and Stratification,auxiliary.tex,1033,"df_e = \frac{(\sum g_h^2 s_{y,h}^2)^2}{\sum \frac{(g_h^2 s_{y,h}^2)^2}{n_h - 1}}","2, 2, 2, 2, 2, 2, 1",must_be_checked_against_support_notebook,checked_in_support_output,Numeric token(s) found in chapter support notebook output.,notebooks/support/auxiliary-variables-and-stratification/support.html
calc.aux.0400,aux,Estimation with Auxiliary Variables and Stratification,auxiliary.tex,1040,"df_{e, MPU} = \frac{15,647,735,961^2}{\frac{4,817,605,606^2}{225} + \frac{7,637,282,583^2}{258} + \frac{3,192,847,772^2}{97}} = 564","15647735961, 2, 4817605606, 2, 225, 7637282583, 2, 258, 3192847772, 2, 97, 564",must_be_checked_against_support_notebook,checked_in_support_output,Numeric token(s) found in chapter support notebook output.,notebooks/support/auxiliary-variables-and-stratification/support.html
calc.aux.0401,aux,Estimation with Auxiliary Variables and Stratification,auxiliary.tex,1043,"In this case, the effective number of degrees of freedom $df_e = 564$ and the corresponding $t$ value equals $1.9642$. Therefore, using Equation \ref{eq:pred_interval_strat_MPU}","564, 1.9642",must_be_checked_against_support_notebook,checked_in_support_output,Numeric token(s) found in chapter support notebook output.,notebooks/support/auxiliary-variables-and-stratification/support.html
calc.aux.0402,aux,Estimation with Auxiliary Variables and Stratification,auxiliary.tex,1046,"7,670,700 \pm 245,704","7670700, 245704",must_be_checked_against_support_notebook,checked_in_support_output,Numeric token(s) found in chapter support notebook output.,notebooks/support/auxiliary-variables-and-stratification/support.html
calc.aux.0403,aux,Estimation with Auxiliary Variables and Stratification,auxiliary.tex,1048,"leads to a prediction interval of [7,424,999,\hspace{0.5em} 7,916,401]. This result is more precise than that for unstratified sampling but is not sufficiently precise for the target precision of 200,000.","7424999, 0.5, 7916401, 200000",must_be_checked_against_support_notebook,checked_in_support_output,Numeric token(s) found in chapter support notebook output.,notebooks/support/auxiliary-variables-and-stratification/support.html
calc.aux.0404,aux,Estimation with Auxiliary Variables and Stratification,auxiliary.tex,1057,\parbox[t]{2cm}{\raggedleft $\sum{x y}$} &,2,static_theoretical_or_illustrative,intentional_manual,Numeric reference appears contextual rather than a computed manuscript result.,notebooks/support/auxiliary-variables-and-stratification/support.html
calc.aux.0405,aux,Estimation with Auxiliary Variables and Stratification,auxiliary.tex,1065,"1 &   212,652,334 & 226 &   827.20 &   813.04 &   269,587 \\","1, 212652334, 226, 827.20, 813.04, 269587",must_be_generated_from_support_notebook,migration_required,Dense numeric row detected; strict policy requires generated linkage instead of hard-coded table/prose values.,notebooks/support/auxiliary-variables-and-stratification/support.html
calc.aux.0406,aux,Estimation with Auxiliary Variables and Stratification,auxiliary.tex,1066,"2 & 3,067,091,255 & 259 & 3,268.20 & 3,293.63 & 1,082,008 \\","2, 3067091255, 259, 3268.20, 3293.63, 1082008",must_be_generated_from_support_notebook,migration_required,Dense numeric row detected; strict policy requires generated linkage instead of hard-coded table/prose values.,notebooks/support/auxiliary-variables-and-stratification/support.html
calc.aux.0407,aux,Estimation with Auxiliary Variables and Stratification,auxiliary.tex,1067,"3 & 6,492,159,030 &  98 & 7,731.59 & 7,952.12 & 4,813,063 \\","3, 6492159030, 98, 7731.59, 7952.12, 4813063",must_be_generated_from_support_notebook,migration_required,Dense numeric row detected; strict policy requires generated linkage instead of hard-coded table/prose values.,notebooks/support/auxiliary-variables-and-stratification/support.html
calc.aux.0408,aux,Estimation with Auxiliary Variables and Stratification,auxiliary.tex,1078,"b_1 = \frac{\sum{g_h^2 c_{xy, h}}}{\sum{g_h^2 s_{x, h}^2}}","1, 2, 2, 2",must_be_checked_against_support_notebook,checked_in_support_output,Numeric token(s) found in chapter support notebook output.,notebooks/support/auxiliary-variables-and-stratification/support.html
calc.aux.0409,aux,Estimation with Auxiliary Variables and Stratification,auxiliary.tex,1082,"Table \ref{tab:calculation_slope} shows the intermediate results that lead to the calculation of coefficient $b_1 = \frac{11,165,022,188}{10,881,902,823} = 1.026$.","1, 11165022188, 10881902823, 1.026",must_be_generated_from_support_notebook,migration_required,Dense numeric row detected; strict policy requires generated linkage instead of hard-coded table/prose values.,notebooks/support/auxiliary-variables-and-stratification/support.html
calc.aux.0410,aux,Estimation with Auxiliary Variables and Stratification,auxiliary.tex,1092,\parbox[t]{2cm}{\raggedleft $g^2 s_{x}^2$} \\,"2, 2, 2",static_theoretical_or_illustrative,intentional_manual,Line contains numeric content but no compute-signal pattern.,notebooks/support/auxiliary-variables-and-stratification/support.html
calc.aux.0411,aux,Estimation with Auxiliary Variables and Stratification,auxiliary.tex,1094,"1 & 16,204.07 &   269,587 &   528.93 & 4,368,411,054 & 4,533,333,210 \\","1, 16204.07, 269587, 528.93, 4368411054, 4533333210",must_be_generated_from_support_notebook,migration_required,Dense numeric row detected; strict policy requires generated linkage instead of hard-coded table/prose values.,notebooks/support/auxiliary-variables-and-stratification/support.html
calc.aux.0412,aux,Estimation with Auxiliary Variables and Stratification,auxiliary.tex,1095,"2 &  4,501.49 & 1,082,008 & 1,027.37 & 4,870,649,168 & 4,751,253,947 \\","2, 4501.49, 1082008, 1027.37, 4870649168, 4751253947",must_be_generated_from_support_notebook,migration_required,Dense numeric row detected; strict policy requires generated linkage instead of hard-coded table/prose values.,notebooks/support/auxiliary-variables-and-stratification/support.html
calc.aux.0413,aux,Estimation with Auxiliary Variables and Stratification,auxiliary.tex,1096,"3 &    400.15 & 4,813,063 & 1,997.94 & 1,925,961,966 & 1,597,315,666 \\","3, 400.15, 4813063, 1997.94, 1925961966, 1597315666",must_be_generated_from_support_notebook,migration_required,Dense numeric row detected; strict policy requires generated linkage instead of hard-coded table/prose values.,notebooks/support/auxiliary-variables-and-stratification/support.html
calc.aux.0414,aux,Estimation with Auxiliary Variables and Stratification,auxiliary.tex,1108,\hat{Y}_R = \sum{N \overline{y}} + b_1 (X - \sum{N \overline{x}}),1,must_be_checked_against_support_notebook,checked_in_support_output,Numeric token(s) found in chapter support notebook output.,notebooks/support/auxiliary-variables-and-stratification/support.html
calc.aux.0415,aux,Estimation with Auxiliary Variables and Stratification,auxiliary.tex,1122,"1 & 2,030 &   827.20 & 1,679,213.22 \\","1, 2030, 827.20, 1679213.22",must_be_generated_from_support_notebook,migration_required,Dense numeric row detected; strict policy requires generated linkage instead of hard-coded table/prose values.,notebooks/support/auxiliary-variables-and-stratification/support.html
calc.aux.0416,aux,Estimation with Auxiliary Variables and Stratification,auxiliary.tex,1123,"2 & 1,217 & 3,268.20 & 3,977,396.35 \\","2, 1217, 3268.20, 3977396.35",must_be_generated_from_support_notebook,migration_required,Dense numeric row detected; strict policy requires generated linkage instead of hard-coded table/prose values.,notebooks/support/auxiliary-variables-and-stratification/support.html
calc.aux.0417,aux,Estimation with Auxiliary Variables and Stratification,auxiliary.tex,1124,"3 &   253 & 7,731.59 & 1,956,092.61 \\","3, 253, 7731.59, 1956092.61",must_be_generated_from_support_notebook,migration_required,Dense numeric row detected; strict policy requires generated linkage instead of hard-coded table/prose values.,notebooks/support/auxiliary-variables-and-stratification/support.html
calc.aux.0418,aux,Estimation with Auxiliary Variables and Stratification,auxiliary.tex,1139,"\hat{Y}_R = \AuxStratifiedMpuEstimate + 1.026 \cdot (7,360,816.00 - 7,612,702.17) = 7,412,261","1.026, 7360816.00, 7612702.17, 7412261",must_be_checked_against_support_notebook,checked_in_support_output,Numeric token(s) found in chapter support notebook output.,notebooks/support/auxiliary-variables-and-stratification/support.html
calc.aux.0419,aux,Estimation with Auxiliary Variables and Stratification,auxiliary.tex,1145,"s_{y_{r, h}} = \sqrt{\frac{n_h - 1}{n_h - 2}(s_{y, h}^2 - 2 b_1 c_{xy, h} + b_1^2 s_{x, h}^2)}","1, 2, 2, 2, 1, 1, 2, 2",must_be_checked_against_support_notebook,checked_in_support_output,Numeric token(s) found in chapter support notebook output.,notebooks/support/auxiliary-variables-and-stratification/support.html
calc.aux.0420,aux,Estimation with Auxiliary Variables and Stratification,auxiliary.tex,1163,"1 & 226 &   297,308 &   269,587 &   279,765 &    38,790 \\","1, 226, 297308, 269587, 279765, 38790",must_be_generated_from_support_notebook,migration_required,Dense numeric row detected; strict policy requires generated linkage instead of hard-coded table/prose values.,notebooks/support/auxiliary-variables-and-stratification/support.html
calc.aux.0421,aux,Estimation with Auxiliary Variables and Stratification,auxiliary.tex,1164,"2 & 259 & 1,696,612 & 1,082,008 & 1,055,485 &   589,700 \\","2, 259, 1696612, 1082008, 1055485, 589700",must_be_generated_from_support_notebook,migration_required,Dense numeric row detected; strict policy requires generated linkage instead of hard-coded table/prose values.,notebooks/support/auxiliary-variables-and-stratification/support.html
calc.aux.0422,aux,Estimation with Auxiliary Variables and Stratification,auxiliary.tex,1165,"3 &  98 & 7,979,066 & 4,813,063 & 3,991,762 & 2,328,674 \\","3, 98, 7979066, 4813063, 3991762, 2328674",must_be_generated_from_support_notebook,migration_required,Dense numeric row detected; strict policy requires generated linkage instead of hard-coded table/prose values.,notebooks/support/auxiliary-variables-and-stratification/support.html
calc.aux.0423,aux,Estimation with Auxiliary Variables and Stratification,auxiliary.tex,1177,"s^2_{R} = \sum_{h = 1}^{L}g_h^2 s_{y_r,h}^2","2, 1, 2, 2",must_be_checked_against_support_notebook,checked_in_support_output,Numeric token(s) found in chapter support notebook output.,notebooks/support/auxiliary-variables-and-stratification/support.html
calc.aux.0424,aux,Estimation with Auxiliary Variables and Stratification,auxiliary.tex,1195,"1 & 2,030 & 226 & 16,204.07 &    38,790 &   628,560,668 \\","1, 2030, 226, 16204.07, 38790, 628560668",must_be_generated_from_support_notebook,migration_required,Dense numeric row detected; strict policy requires generated linkage instead of hard-coded table/prose values.,notebooks/support/auxiliary-variables-and-stratification/support.html
calc.aux.0425,aux,Estimation with Auxiliary Variables and Stratification,auxiliary.tex,1196,"2 & 1,217 & 259 &  4,501,49 &   589,700 & 2,654,530,513 \\","2, 1217, 259, 4501, 49, 589700, 2654530513",must_be_generated_from_support_notebook,migration_required,Dense numeric row detected; strict policy requires generated linkage instead of hard-coded table/prose values.,notebooks/support/auxiliary-variables-and-stratification/support.html
calc.aux.0426,aux,Estimation with Auxiliary Variables and Stratification,auxiliary.tex,1197,"3 &   253 &  98 &    400.15 & 2,328,674 &   931,826,118 \\","3, 253, 98, 400.15, 2328674, 931826118",must_be_generated_from_support_notebook,migration_required,Dense numeric row detected; strict policy requires generated linkage instead of hard-coded table/prose values.,notebooks/support/auxiliary-variables-and-stratification/support.html
calc.aux.0427,aux,Estimation with Auxiliary Variables and Stratification,auxiliary.tex,1210,"The standard error of the regression estimate is the square root of the variance $s_{R} = \sqrt{4,214,917,300} = 64,922.39.$ This standard error $s_{R}$ is then used to obtain the lower and upper bounds of the predict...","4214917300, 64922.39",must_be_checked_against_support_notebook,checked_in_support_output,Numeric token(s) found in chapter support notebook output.,notebooks/support/auxiliary-variables-and-stratification/support.html
calc.aux.0428,aux,Estimation with Auxiliary Variables and Stratification,auxiliary.tex,1220,"df_{e, R} = \frac{4,214,917,300^2}{\frac{628,560,668^2}{225} + \frac{2,654,530,513^2}{258} + \frac{931,826,118^2}{97}} = 467","4214917300, 2, 628560668, 2, 225, 2654530513, 2, 258, 931826118, 2, 97, 467",must_be_checked_against_support_notebook,checked_in_support_output,Numeric token(s) found in chapter support notebook output.,notebooks/support/auxiliary-variables-and-stratification/support.html
calc.aux.0429,aux,Estimation with Auxiliary Variables and Stratification,auxiliary.tex,1224,"In this case, the effective number of degrees of freedom $df_e = 467$, and the corresponding mean-per-unit$t$ value equals $1.9651$. Therefore, using Equation \ref{eq:pred_interval_strat_reg}","467, 1.9651",must_be_checked_against_support_notebook,checked_in_support_output,Numeric token(s) found in chapter support notebook output.,notebooks/support/auxiliary-variables-and-stratification/support.html
calc.aux.0430,aux,Estimation with Auxiliary Variables and Stratification,auxiliary.tex,1227,"7,412,261 \pm 1.9651 \cdot 64,922.39 = 7,412,261 \pm 127.576","7412261, 1.9651, 64922.39, 7412261, 127.576",must_be_checked_against_support_notebook,checked_in_support_output,Numeric token(s) found in chapter support notebook output.,notebooks/support/auxiliary-variables-and-stratification/support.html
calc.aux.0431,aux,Estimation with Auxiliary Variables and Stratification,auxiliary.tex,1229,"leads to a prediction interval of [7,284,685,\hspace{0.5em} 7,539,837]. The regression estimator yielded an estimate that is sufficiently precise, given the target precision of 200,000.","7284685, 0.5, 7539837, 200000",must_be_checked_against_support_notebook,checked_in_support_output,Numeric token(s) found in chapter support notebook output.,notebooks/support/auxiliary-variables-and-stratification/support.html
calc.aux.0432,aux,Estimation with Auxiliary Variables and Stratification,auxiliary.tex,1253,"1 & 2,030 & 226 &   3,199.97 &   194.68 \\","1, 2030, 226, 3199.97, 194.68",must_be_generated_from_support_notebook,migration_required,Dense numeric row detected; strict policy requires generated linkage instead of hard-coded table/prose values.,notebooks/support/auxiliary-variables-and-stratification/support.html
calc.aux.0433,aux,Estimation with Auxiliary Variables and Stratification,auxiliary.tex,1254,"2 & 1,217 & 259 &  -6,586.02 &   766.86 \\","2, 1217, 259, 6586.02, 766.86",must_be_generated_from_support_notebook,migration_required,Dense numeric row detected; strict policy requires generated linkage instead of hard-coded table/prose values.,notebooks/support/auxiliary-variables-and-stratification/support.html
calc.aux.0434,aux,Estimation with Auxiliary Variables and Stratification,auxiliary.tex,1255,"3 &   253 &  98 & -21,612.17 & 1,531.24 \\","3, 253, 98, 21612.17, 1531.24",must_be_generated_from_support_notebook,migration_required,Dense numeric row detected; strict policy requires generated linkage instead of hard-coded table/prose values.,notebooks/support/auxiliary-variables-and-stratification/support.html
calc.aux.0435,aux,Estimation with Auxiliary Variables and Stratification,auxiliary.tex,1279,"1 & 2,030 &   14.16 &  28,743.09 \\","1, 2030, 14.16, 28743.09",must_be_generated_from_support_notebook,migration_required,Dense numeric row detected; strict policy requires generated linkage instead of hard-coded table/prose values.,notebooks/support/auxiliary-variables-and-stratification/support.html
calc.aux.0436,aux,Estimation with Auxiliary Variables and Stratification,auxiliary.tex,1280,"2 & 1,217 &  -25.43 & -30,946.67 \\","2, 1217, 25.43, 30946.67",must_be_generated_from_support_notebook,migration_required,Dense numeric row detected; strict policy requires generated linkage instead of hard-coded table/prose values.,notebooks/support/auxiliary-variables-and-stratification/support.html
calc.aux.0437,aux,Estimation with Auxiliary Variables and Stratification,auxiliary.tex,1281,"3 &   253 & -220.53 & -55,794.68 \\","3, 253, 220.53, 55794.68",must_be_generated_from_support_notebook,migration_required,Dense numeric row detected; strict policy requires generated linkage instead of hard-coded table/prose values.,notebooks/support/auxiliary-variables-and-stratification/support.html
calc.aux.0438,aux,Estimation with Auxiliary Variables and Stratification,auxiliary.tex,1293,"The difference estimate of the population audit value is $7,360,816 - (-57,998.26) = 7,418,814$.","7360816, 57998.26, 7418814",must_be_checked_against_support_notebook,checked_in_support_output,Numeric token(s) found in chapter support notebook output.,notebooks/support/auxiliary-variables-and-stratification/support.html
calc.aux.0439,aux,Estimation with Auxiliary Variables and Stratification,auxiliary.tex,1299,"s^2_{D} = \sum_{h = 1}^{L}g_h^2 s_{d,h}^2","2, 1, 2, 2",must_be_checked_against_support_notebook,checked_in_support_output,Numeric token(s) found in chapter support notebook output.,notebooks/support/auxiliary-variables-and-stratification/support.html
calc.aux.0440,aux,Estimation with Auxiliary Variables and Stratification,auxiliary.tex,1318,"1 & 2,030 & 226 & 16,204.07 &    37,898.92 &   614,116,709 \\","1, 2030, 226, 16204.07, 37898.92, 614116709",must_be_generated_from_support_notebook,migration_required,Dense numeric row detected; strict policy requires generated linkage instead of hard-coded table/prose values.,notebooks/support/auxiliary-variables-and-stratification/support.html
calc.aux.0441,aux,Estimation with Auxiliary Variables and Stratification,auxiliary.tex,1319,"2 & 1,217 & 259 &  4,501.49 &   588,080.39 & 2,647,238,193 \\","2, 1217, 259, 4501.49, 588080.39, 2647238193",must_be_generated_from_support_notebook,migration_required,Dense numeric row detected; strict policy requires generated linkage instead of hard-coded table/prose values.,notebooks/support/auxiliary-variables-and-stratification/support.html
calc.aux.0442,aux,Estimation with Auxiliary Variables and Stratification,auxiliary.tex,1320,"3 &   253 &  98 &    400.15 & 2,344,701.56 &   938,239,506 \\","3, 253, 98, 400.15, 2344701.56, 938239506",must_be_generated_from_support_notebook,migration_required,Dense numeric row detected; strict policy requires generated linkage instead of hard-coded table/prose values.,notebooks/support/auxiliary-variables-and-stratification/support.html
calc.aux.0443,aux,Estimation with Auxiliary Variables and Stratification,auxiliary.tex,1332,"The standard error of the difference estimate is the square root of its variance $s_D = \sqrt{4,199,594,408} = 64,804.28.$ This standard error $s_D$ is then used to obtain the lower and upper bounds of the prediction ...","4199594408, 64804.28",must_be_checked_against_support_notebook,checked_in_support_output,Numeric token(s) found in chapter support notebook output.,notebooks/support/auxiliary-variables-and-stratification/support.html
calc.aux.0444,aux,Estimation with Auxiliary Variables and Stratification,auxiliary.tex,1342,"df_{e, D} = \frac{4,199,594,408^2}{\frac{614,116,709^2}{225} + \frac{2,647,238,193^2}{258} + \frac{938,239,506^2}{97}} = 465","4199594408, 2, 614116709, 2, 225, 2647238193, 2, 258, 938239506, 2, 97, 465",must_be_checked_against_support_notebook,checked_in_support_output,Numeric token(s) found in chapter support notebook output.,notebooks/support/auxiliary-variables-and-stratification/support.html
calc.aux.0445,aux,Estimation with Auxiliary Variables and Stratification,auxiliary.tex,1345,"For the difference estimator, the effective number of degrees of freedom $df_{e, d} = 465$, and the corresponding mean-per-unit$t$ value equals $1.9651$. Therefore, using Equation \ref{eq:pred_interval_strat_diff}","465, 1.9651",must_be_checked_against_support_notebook,checked_in_support_output,Numeric token(s) found in chapter support notebook output.,notebooks/support/auxiliary-variables-and-stratification/support.html
calc.aux.0446,aux,Estimation with Auxiliary Variables and Stratification,auxiliary.tex,1348,"7,418,814 \pm 1.9651 \cdot 64,804 = 7,418,814 \pm 127,346","7418814, 1.9651, 64804, 7418814, 127346",must_be_checked_against_support_notebook,checked_in_support_output,Numeric token(s) found in chapter support notebook output.,notebooks/support/auxiliary-variables-and-stratification/support.html
calc.aux.0447,aux,Estimation with Auxiliary Variables and Stratification,auxiliary.tex,1350,"leads to a prediction interval of [7,291,468,\hspace{0.5em} 7,546,160]. This result is more precise than that for unstratified sampling, and sufficiently precise, given the target precision of 200,000.","7291468, 0.5, 7546160, 200000",must_be_checked_against_support_notebook,checked_in_support_output,Numeric token(s) found in chapter support notebook output.,notebooks/support/auxiliary-variables-and-stratification/support.html
calc.aux.0448,aux,Estimation with Auxiliary Variables and Stratification,auxiliary.tex,1370,"1 & 2,030 &   827.20 &   813.04 & 1,679,213.22 & 1,650,470.12 \\","1, 2030, 827.20, 813.04, 1679213.22, 1650470.12",must_be_generated_from_support_notebook,migration_required,Dense numeric row detected; strict policy requires generated linkage instead of hard-coded table/prose values.,notebooks/support/auxiliary-variables-and-stratification/support.html
calc.aux.0449,aux,Estimation with Auxiliary Variables and Stratification,auxiliary.tex,1371,"2 & 1,217 & 3,268.20 & 3,293.63 & 3,977,396.35 & 4,008,343.01 \\","2, 1217, 3268.20, 3293.63, 3977396.35, 4008343.01",must_be_generated_from_support_notebook,migration_required,Dense numeric row detected; strict policy requires generated linkage instead of hard-coded table/prose values.,notebooks/support/auxiliary-variables-and-stratification/support.html
calc.aux.0450,aux,Estimation with Auxiliary Variables and Stratification,auxiliary.tex,1372,"3 &   253 & 7,731.59 & 7,952.12 & 1,956,092.61 & 2,011,887.29\\","3, 253, 7731.59, 7952.12, 1956092.61, 2011887.29",must_be_generated_from_support_notebook,migration_required,Dense numeric row detected; strict policy requires generated linkage instead of hard-coded table/prose values.,notebooks/support/auxiliary-variables-and-stratification/support.html
calc.aux.0451,aux,Estimation with Auxiliary Variables and Stratification,auxiliary.tex,1387,"q = \frac{\AuxStratifiedMpuEstimate}{7,612,702.17} = 1.0076","7612702.17, 1.0076",must_be_checked_against_support_notebook,checked_in_support_output,Numeric token(s) found in chapter support notebook output.,notebooks/support/auxiliary-variables-and-stratification/support.html
calc.aux.0452,aux,Estimation with Auxiliary Variables and Stratification,auxiliary.tex,1393,"\hat{Y}_Q = X q = 7,360,816 \cdot 1.0076 =  7,416,895.23","7360816, 1.0076, 7416895.23",must_be_checked_against_support_notebook,checked_in_support_output,Numeric token(s) found in chapter support notebook output.,notebooks/support/auxiliary-variables-and-stratification/support.html
calc.aux.0453,aux,Estimation with Auxiliary Variables and Stratification,auxiliary.tex,1402,"s_Q^2 = \sum_{h = 1}^{L}g_h^2 s_{q,h}^2","2, 1, 2, 2",must_be_checked_against_support_notebook,checked_in_support_output,Numeric token(s) found in chapter support notebook output.,notebooks/support/auxiliary-variables-and-stratification/support.html
calc.aux.0454,aux,Estimation with Auxiliary Variables and Stratification,auxiliary.tex,1405,"where $s_{q,h}^2$ is the stratum variance, the square of the stratum standard deviation calculated using Equation \ref{eq:sd_ratios}.",2,static_theoretical_or_illustrative,intentional_manual,Numeric reference appears contextual rather than a computed manuscript result.,notebooks/support/auxiliary-variables-and-stratification/support.html
calc.aux.0455,aux,Estimation with Auxiliary Variables and Stratification,auxiliary.tex,1420,"1 & 16,204.07 &    38,070.24 &   616,892,795 \\","1, 16204.07, 38070.24, 616892795",must_be_generated_from_support_notebook,migration_required,Dense numeric row detected; strict policy requires generated linkage instead of hard-coded table/prose values.,notebooks/support/auxiliary-variables-and-stratification/support.html
calc.aux.0456,aux,Estimation with Auxiliary Variables and Stratification,auxiliary.tex,1421,"2 &  4,501,49 &   587,737.51 & 2,645,694,719 \\","2, 4501, 49, 587737.51, 2645694719",must_be_generated_from_support_notebook,migration_required,Dense numeric row detected; strict policy requires generated linkage instead of hard-coded table/prose values.,notebooks/support/auxiliary-variables-and-stratification/support.html
calc.aux.0457,aux,Estimation with Auxiliary Variables and Stratification,auxiliary.tex,1422,"3 &    400.15 & 2,332,418.89 &   933,324,559 \\","3, 400.15, 2332418.89, 933324559",must_be_generated_from_support_notebook,migration_required,Dense numeric row detected; strict policy requires generated linkage instead of hard-coded table/prose values.,notebooks/support/auxiliary-variables-and-stratification/support.html
calc.aux.0458,aux,Estimation with Auxiliary Variables and Stratification,auxiliary.tex,1434,"The standard error of the ratio estimate is the square root of its variance $s_Q = \sqrt{4,195,912,074} = 64,775.86.$ This standard error $s_{\hat{Y}_d}$ is then used to obtain the lower and upper bounds of the predic...","4195912074, 64775.86",must_be_checked_against_support_notebook,checked_in_support_output,Numeric token(s) found in chapter support notebook output.,notebooks/support/auxiliary-variables-and-stratification/support.html
calc.aux.0459,aux,Estimation with Auxiliary Variables and Stratification,auxiliary.tex,1444,"df_{e, Q} = \frac{4,195,912,074^2}{\frac{616,892,795^2}{225} + \frac{2,645,694,719^2}{258} + \frac{933,324,559^2}{97}} = 465","4195912074, 2, 616892795, 2, 225, 2645694719, 2, 258, 933324559, 2, 97, 465",must_be_checked_against_support_notebook,checked_in_support_output,Numeric token(s) found in chapter support notebook output.,notebooks/support/auxiliary-variables-and-stratification/support.html
calc.aux.0460,aux,Estimation with Auxiliary Variables and Stratification,auxiliary.tex,1447,"The effective number of degrees of freedom $df_{e, Q} = 465$, and the corresponding mean-per-unit $t$ value equals $1.9651$. Therefore, using Equation \ref{eq:pred_interval_ratio}","465, 1.9651",must_be_checked_against_support_notebook,checked_in_support_output,Numeric token(s) found in chapter support notebook output.,notebooks/support/auxiliary-variables-and-stratification/support.html
calc.aux.0461,aux,Estimation with Auxiliary Variables and Stratification,auxiliary.tex,1450,"7,416,895 \pm 1.9651 \cdot 64,776 = 7,416,895 \pm 127,290","7416895, 1.9651, 64776, 7416895, 127290",must_be_checked_against_support_notebook,checked_in_support_output,Numeric token(s) found in chapter support notebook output.,notebooks/support/auxiliary-variables-and-stratification/support.html
calc.aux.0462,aux,Estimation with Auxiliary Variables and Stratification,auxiliary.tex,1452,"leads to a prediction interval of [7,289,605,\hspace{0.5em} 7,544,185]. This result is more precise than that for unstratified sampling and is sufficiently precise, given the target precision of 200,000.","7289605, 0.5, 7544185, 200000",must_be_checked_against_support_notebook,checked_in_support_output,Numeric token(s) found in chapter support notebook output.,notebooks/support/auxiliary-variables-and-stratification/support.html
calc.aux.0463,aux,Estimation with Auxiliary Variables and Stratification,auxiliary.tex,1466,\input{generated/workshop-output/exercise-3-1-1},"3, 1, 1",static_theoretical_or_illustrative,intentional_manual,Line contains numeric content but no compute-signal pattern.,notebooks/support/auxiliary-variables-and-stratification/support.html
calc.aux.0464,aux,Estimation with Auxiliary Variables and Stratification,auxiliary.tex,1477,\input{generated/workshop-output/exercise-3-2-1},"3, 2, 1",static_theoretical_or_illustrative,intentional_manual,Line contains numeric content but no compute-signal pattern.,notebooks/support/auxiliary-variables-and-stratification/support.html
calc.aux.0465,aux,Estimation with Auxiliary Variables and Stratification,auxiliary.tex,1478,\input{generated/workshop-output/exercise-3-2-2},"3, 2, 2",static_theoretical_or_illustrative,intentional_manual,Line contains numeric content but no compute-signal pattern.,notebooks/support/auxiliary-variables-and-stratification/support.html
calc.aux.0466,aux,Estimation with Auxiliary Variables and Stratification,auxiliary.tex,1479,\input{generated/workshop-output/exercise-3-2-3},"3, 2, 3",static_theoretical_or_illustrative,intentional_manual,Line contains numeric content but no compute-signal pattern.,notebooks/support/auxiliary-variables-and-stratification/support.html
calc.aux.0467,aux,Estimation with Auxiliary Variables and Stratification,auxiliary.tex,1480,\input{generated/workshop-output/exercise-3-2-4},"3, 2, 4",static_theoretical_or_illustrative,intentional_manual,Line contains numeric content but no compute-signal pattern.,notebooks/support/auxiliary-variables-and-stratification/support.html
calc.aux.0468,aux,Estimation with Auxiliary Variables and Stratification,auxiliary.tex,1481,\input{generated/workshop-output/exercise-3-2-5},"3, 2, 5",static_theoretical_or_illustrative,intentional_manual,Line contains numeric content but no compute-signal pattern.,notebooks/support/auxiliary-variables-and-stratification/support.html
calc.aux.0469,aux,Estimation with Auxiliary Variables and Stratification,auxiliary.tex,1482,\input{generated/workshop-output/exercise-3-2-6},"3, 2, 6",static_theoretical_or_illustrative,intentional_manual,Line contains numeric content but no compute-signal pattern.,notebooks/support/auxiliary-variables-and-stratification/support.html
calc.aux.0470,aux,Estimation with Auxiliary Variables and Stratification,auxiliary.tex,1483,\input{generated/workshop-output/exercise-3-2-7},"3, 2, 7",static_theoretical_or_illustrative,intentional_manual,Line contains numeric content but no compute-signal pattern.,notebooks/support/auxiliary-variables-and-stratification/support.html
calc.aux.0471,aux,Estimation with Auxiliary Variables and Stratification,auxiliary.tex,1492,\input{generated/workshop-output/exercise-3-3-1},"3, 3, 1",static_theoretical_or_illustrative,intentional_manual,Line contains numeric content but no compute-signal pattern.,notebooks/support/auxiliary-variables-and-stratification/support.html
calc.aux.0472,aux,Estimation with Auxiliary Variables and Stratification,auxiliary.tex,1493,\input{generated/workshop-output/exercise-3-3-2},"3, 3, 2",static_theoretical_or_illustrative,intentional_manual,Line contains numeric content but no compute-signal pattern.,notebooks/support/auxiliary-variables-and-stratification/support.html
calc.aux.0473,aux,Estimation with Auxiliary Variables and Stratification,auxiliary.tex,1494,\input{generated/workshop-output/exercise-3-3-3},"3, 3, 3",static_theoretical_or_illustrative,intentional_manual,Line contains numeric content but no compute-signal pattern.,notebooks/support/auxiliary-variables-and-stratification/support.html
calc.aux.0474,aux,Estimation with Auxiliary Variables and Stratification,auxiliary.tex,1495,\input{generated/workshop-output/exercise-3-3-4},"3, 3, 4",static_theoretical_or_illustrative,intentional_manual,Line contains numeric content but no compute-signal pattern.,notebooks/support/auxiliary-variables-and-stratification/support.html
calc.aux.0475,aux,Estimation with Auxiliary Variables and Stratification,auxiliary.tex,1506,\input{generated/workshop-output/exercise-3-4-1},"3, 4, 1",static_theoretical_or_illustrative,intentional_manual,Line contains numeric content but no compute-signal pattern.,notebooks/support/auxiliary-variables-and-stratification/support.html
calc.aux.0476,aux,Estimation with Auxiliary Variables and Stratification,auxiliary.tex,1507,\input{generated/workshop-output/exercise-3-4-2},"3, 4, 2",static_theoretical_or_illustrative,intentional_manual,Line contains numeric content but no compute-signal pattern.,notebooks/support/auxiliary-variables-and-stratification/support.html
calc.aux.0477,aux,Estimation with Auxiliary Variables and Stratification,auxiliary.tex,1508,\input{generated/workshop-output/exercise-3-4-3},"3, 4, 3",static_theoretical_or_illustrative,intentional_manual,Line contains numeric content but no compute-signal pattern.,notebooks/support/auxiliary-variables-and-stratification/support.html
calc.aux.0478,aux,Estimation with Auxiliary Variables and Stratification,auxiliary.tex,1519,\input{generated/workshop-output/exercise-3-5-1},"3, 5, 1",static_theoretical_or_illustrative,intentional_manual,Line contains numeric content but no compute-signal pattern.,notebooks/support/auxiliary-variables-and-stratification/support.html
calc.aux.0479,aux,Estimation with Auxiliary Variables and Stratification,auxiliary.tex,1520,\input{generated/workshop-output/exercise-3-5-2},"3, 5, 2",static_theoretical_or_illustrative,intentional_manual,Line contains numeric content but no compute-signal pattern.,notebooks/support/auxiliary-variables-and-stratification/support.html
calc.aux.0480,aux,Estimation with Auxiliary Variables and Stratification,auxiliary.tex,1521,\input{generated/workshop-output/exercise-3-5-3},"3, 5, 3",static_theoretical_or_illustrative,intentional_manual,Line contains numeric content but no compute-signal pattern.,notebooks/support/auxiliary-variables-and-stratification/support.html
calc.aux.0481,aux,Estimation with Auxiliary Variables and Stratification,auxiliary.tex,1532,\input{generated/workshop-output/exercise-3-6-1},"3, 6, 1",static_theoretical_or_illustrative,intentional_manual,Line contains numeric content but no compute-signal pattern.,notebooks/support/auxiliary-variables-and-stratification/support.html
calc.aux.0482,aux,Estimation with Auxiliary Variables and Stratification,auxiliary.tex,1533,\input{generated/workshop-output/exercise-3-6-2},"3, 6, 2",static_theoretical_or_illustrative,intentional_manual,Line contains numeric content but no compute-signal pattern.,notebooks/support/auxiliary-variables-and-stratification/support.html
calc.aux.0483,aux,Estimation with Auxiliary Variables and Stratification,auxiliary.tex,1534,\input{generated/workshop-output/exercise-3-6-3},"3, 6, 3",static_theoretical_or_illustrative,intentional_manual,Line contains numeric content but no compute-signal pattern.,notebooks/support/auxiliary-variables-and-stratification/support.html
calc.aux.0484,aux,Estimation with Auxiliary Variables and Stratification,auxiliary.tex,1535,\input{generated/workshop-output/exercise-3-6-4},"3, 6, 4",static_theoretical_or_illustrative,intentional_manual,Line contains numeric content but no compute-signal pattern.,notebooks/support/auxiliary-variables-and-stratification/support.html
calc.aux.0485,aux,Estimation with Auxiliary Variables and Stratification,auxiliary.tex,1546,\input{generated/workshop-output/exercise-3-7-1},"3, 7, 1",static_theoretical_or_illustrative,intentional_manual,Line contains numeric content but no compute-signal pattern.,notebooks/support/auxiliary-variables-and-stratification/support.html
calc.aux.0486,aux,Estimation with Auxiliary Variables and Stratification,auxiliary.tex,1547,\input{generated/workshop-output/exercise-3-7-2},"3, 7, 2",static_theoretical_or_illustrative,intentional_manual,Line contains numeric content but no compute-signal pattern.,notebooks/support/auxiliary-variables-and-stratification/support.html
calc.aux.0487,aux,Estimation with Auxiliary Variables and Stratification,auxiliary.tex,1548,\input{generated/workshop-output/exercise-3-7-3},"3, 7, 3",static_theoretical_or_illustrative,intentional_manual,Line contains numeric content but no compute-signal pattern.,notebooks/support/auxiliary-variables-and-stratification/support.html
calc.aux.0488,aux,Estimation with Auxiliary Variables and Stratification,auxiliary.tex,1549,\input{generated/workshop-output/exercise-3-7-4},"3, 7, 4",static_theoretical_or_illustrative,intentional_manual,Line contains numeric content but no compute-signal pattern.,notebooks/support/auxiliary-variables-and-stratification/support.html
calc.aux.0489,aux,Estimation with Auxiliary Variables and Stratification,auxiliary.tex,1550,\input{generated/workshop-output/exercise-3-7-5},"3, 7, 5",static_theoretical_or_illustrative,intentional_manual,Line contains numeric content but no compute-signal pattern.,notebooks/support/auxiliary-variables-and-stratification/support.html
calc.aux.0490,aux,Estimation with Auxiliary Variables and Stratification,auxiliary.tex,1551,\input{generated/workshop-output/exercise-3-7-6},"3, 7, 6",static_theoretical_or_illustrative,intentional_manual,Line contains numeric content but no compute-signal pattern.,notebooks/support/auxiliary-variables-and-stratification/support.html
calc.aux.0491,aux,Estimation with Auxiliary Variables and Stratification,auxiliary.tex,1552,\input{generated/workshop-output/exercise-3-7-7},"3, 7, 7",static_theoretical_or_illustrative,intentional_manual,Line contains numeric content but no compute-signal pattern.,notebooks/support/auxiliary-variables-and-stratification/support.html
calc.aux.0492,aux,Estimation with Auxiliary Variables and Stratification,auxiliary.tex,1563,\input{generated/workshop-output/exercise-3-8-1},"3, 8, 1",static_theoretical_or_illustrative,intentional_manual,Line contains numeric content but no compute-signal pattern.,notebooks/support/auxiliary-variables-and-stratification/support.html
calc.aux.0493,aux,Estimation with Auxiliary Variables and Stratification,auxiliary.tex,1564,\input{generated/workshop-output/exercise-3-8-2},"3, 8, 2",static_theoretical_or_illustrative,intentional_manual,Line contains numeric content but no compute-signal pattern.,notebooks/support/auxiliary-variables-and-stratification/support.html
calc.aux.0494,aux,Estimation with Auxiliary Variables and Stratification,auxiliary.tex,1573,\input{generated/workshop-output/exercise-3-9-1},"3, 9, 1",static_theoretical_or_illustrative,intentional_manual,Line contains numeric content but no compute-signal pattern.,notebooks/support/auxiliary-variables-and-stratification/support.html
calc.aux.0495,aux,Estimation with Auxiliary Variables and Stratification,auxiliary.tex,1574,\input{generated/workshop-output/exercise-3-9-2},"3, 9, 2",static_theoretical_or_illustrative,intentional_manual,Line contains numeric content but no compute-signal pattern.,notebooks/support/auxiliary-variables-and-stratification/support.html
calc.aux.0496,aux,Estimation with Auxiliary Variables and Stratification,auxiliary.tex,1575,\input{generated/workshop-output/exercise-3-9-3},"3, 9, 3",static_theoretical_or_illustrative,intentional_manual,Line contains numeric content but no compute-signal pattern.,notebooks/support/auxiliary-variables-and-stratification/support.html
calc.aux.0497,aux,Estimation with Auxiliary Variables and Stratification,auxiliary.tex,1576,\input{generated/workshop-output/exercise-3-9-4},"3, 9, 4",static_theoretical_or_illustrative,intentional_manual,Line contains numeric content but no compute-signal pattern.,notebooks/support/auxiliary-variables-and-stratification/support.html
calc.aux.0498,aux,Estimation with Auxiliary Variables and Stratification,auxiliary.tex,1577,\input{generated/workshop-output/exercise-3-9-5},"3, 9, 5",static_theoretical_or_illustrative,intentional_manual,Line contains numeric content but no compute-signal pattern.,notebooks/support/auxiliary-variables-and-stratification/support.html
calc.aux.0499,aux,Estimation with Auxiliary Variables and Stratification,auxiliary.tex,1578,\input{generated/workshop-output/exercise-3-9-6},"3, 9, 6",static_theoretical_or_illustrative,intentional_manual,Line contains numeric content but no compute-signal pattern.,notebooks/support/auxiliary-variables-and-stratification/support.html
calc.aux.0500,aux,Estimation with Auxiliary Variables and Stratification,auxiliary.tex,1579,\input{generated/workshop-output/exercise-3-9-7},"3, 9, 7",static_theoretical_or_illustrative,intentional_manual,Line contains numeric content but no compute-signal pattern.,notebooks/support/auxiliary-variables-and-stratification/support.html
calc.aux.0501,aux,Estimation with Auxiliary Variables and Stratification,auxiliary.tex,1593,\input{generated/workshop-output-python/exercise-3-1-1},"3, 1, 1",static_theoretical_or_illustrative,intentional_manual,Line contains numeric content but no compute-signal pattern.,notebooks/support/auxiliary-variables-and-stratification/support.html
calc.aux.0502,aux,Estimation with Auxiliary Variables and Stratification,auxiliary.tex,1602,\input{generated/workshop-output-python/exercise-3-2-1},"3, 2, 1",static_theoretical_or_illustrative,intentional_manual,Line contains numeric content but no compute-signal pattern.,notebooks/support/auxiliary-variables-and-stratification/support.html
calc.aux.0503,aux,Estimation with Auxiliary Variables and Stratification,auxiliary.tex,1603,\input{generated/workshop-output-python/exercise-3-2-2},"3, 2, 2",static_theoretical_or_illustrative,intentional_manual,Line contains numeric content but no compute-signal pattern.,notebooks/support/auxiliary-variables-and-stratification/support.html
calc.aux.0504,aux,Estimation with Auxiliary Variables and Stratification,auxiliary.tex,1604,\input{generated/workshop-output-python/exercise-3-2-3},"3, 2, 3",static_theoretical_or_illustrative,intentional_manual,Line contains numeric content but no compute-signal pattern.,notebooks/support/auxiliary-variables-and-stratification/support.html
calc.aux.0505,aux,Estimation with Auxiliary Variables and Stratification,auxiliary.tex,1605,\input{generated/workshop-output-python/exercise-3-2-4},"3, 2, 4",static_theoretical_or_illustrative,intentional_manual,Line contains numeric content but no compute-signal pattern.,notebooks/support/auxiliary-variables-and-stratification/support.html
calc.aux.0506,aux,Estimation with Auxiliary Variables and Stratification,auxiliary.tex,1606,\input{generated/workshop-output-python/exercise-3-2-5},"3, 2, 5",static_theoretical_or_illustrative,intentional_manual,Line contains numeric content but no compute-signal pattern.,notebooks/support/auxiliary-variables-and-stratification/support.html
calc.aux.0507,aux,Estimation with Auxiliary Variables and Stratification,auxiliary.tex,1607,\input{generated/workshop-output-python/exercise-3-2-6},"3, 2, 6",static_theoretical_or_illustrative,intentional_manual,Line contains numeric content but no compute-signal pattern.,notebooks/support/auxiliary-variables-and-stratification/support.html
calc.aux.0508,aux,Estimation with Auxiliary Variables and Stratification,auxiliary.tex,1608,\input{generated/workshop-output-python/exercise-3-2-7},"3, 2, 7",static_theoretical_or_illustrative,intentional_manual,Line contains numeric content but no compute-signal pattern.,notebooks/support/auxiliary-variables-and-stratification/support.html
calc.aux.0509,aux,Estimation with Auxiliary Variables and Stratification,auxiliary.tex,1617,\input{generated/workshop-output-python/exercise-3-3-1},"3, 3, 1",static_theoretical_or_illustrative,intentional_manual,Line contains numeric content but no compute-signal pattern.,notebooks/support/auxiliary-variables-and-stratification/support.html
calc.aux.0510,aux,Estimation with Auxiliary Variables and Stratification,auxiliary.tex,1618,\input{generated/workshop-output-python/exercise-3-3-2},"3, 3, 2",static_theoretical_or_illustrative,intentional_manual,Line contains numeric content but no compute-signal pattern.,notebooks/support/auxiliary-variables-and-stratification/support.html
calc.aux.0511,aux,Estimation with Auxiliary Variables and Stratification,auxiliary.tex,1619,\input{generated/workshop-output-python/exercise-3-3-3},"3, 3, 3",static_theoretical_or_illustrative,intentional_manual,Line contains numeric content but no compute-signal pattern.,notebooks/support/auxiliary-variables-and-stratification/support.html
calc.aux.0512,aux,Estimation with Auxiliary Variables and Stratification,auxiliary.tex,1620,\input{generated/workshop-output-python/exercise-3-3-4},"3, 3, 4",static_theoretical_or_illustrative,intentional_manual,Line contains numeric content but no compute-signal pattern.,notebooks/support/auxiliary-variables-and-stratification/support.html
calc.aux.0513,aux,Estimation with Auxiliary Variables and Stratification,auxiliary.tex,1629,\input{generated/workshop-output-python/exercise-3-4-1},"3, 4, 1",static_theoretical_or_illustrative,intentional_manual,Line contains numeric content but no compute-signal pattern.,notebooks/support/auxiliary-variables-and-stratification/support.html
calc.aux.0514,aux,Estimation with Auxiliary Variables and Stratification,auxiliary.tex,1630,\input{generated/workshop-output-python/exercise-3-4-2},"3, 4, 2",static_theoretical_or_illustrative,intentional_manual,Line contains numeric content but no compute-signal pattern.,notebooks/support/auxiliary-variables-and-stratification/support.html
calc.aux.0515,aux,Estimation with Auxiliary Variables and Stratification,auxiliary.tex,1631,\input{generated/workshop-output-python/exercise-3-4-3},"3, 4, 3",static_theoretical_or_illustrative,intentional_manual,Line contains numeric content but no compute-signal pattern.,notebooks/support/auxiliary-variables-and-stratification/support.html
calc.aux.0516,aux,Estimation with Auxiliary Variables and Stratification,auxiliary.tex,1640,\input{generated/workshop-output-python/exercise-3-5-1},"3, 5, 1",static_theoretical_or_illustrative,intentional_manual,Line contains numeric content but no compute-signal pattern.,notebooks/support/auxiliary-variables-and-stratification/support.html
calc.aux.0517,aux,Estimation with Auxiliary Variables and Stratification,auxiliary.tex,1641,\input{generated/workshop-output-python/exercise-3-5-2},"3, 5, 2",static_theoretical_or_illustrative,intentional_manual,Line contains numeric content but no compute-signal pattern.,notebooks/support/auxiliary-variables-and-stratification/support.html
calc.aux.0518,aux,Estimation with Auxiliary Variables and Stratification,auxiliary.tex,1642,\input{generated/workshop-output-python/exercise-3-5-3},"3, 5, 3",static_theoretical_or_illustrative,intentional_manual,Line contains numeric content but no compute-signal pattern.,notebooks/support/auxiliary-variables-and-stratification/support.html
calc.aux.0519,aux,Estimation with Auxiliary Variables and Stratification,auxiliary.tex,1651,\input{generated/workshop-output-python/exercise-3-6-1},"3, 6, 1",static_theoretical_or_illustrative,intentional_manual,Line contains numeric content but no compute-signal pattern.,notebooks/support/auxiliary-variables-and-stratification/support.html
calc.aux.0520,aux,Estimation with Auxiliary Variables and Stratification,auxiliary.tex,1652,\input{generated/workshop-output-python/exercise-3-6-2},"3, 6, 2",static_theoretical_or_illustrative,intentional_manual,Line contains numeric content but no compute-signal pattern.,notebooks/support/auxiliary-variables-and-stratification/support.html
calc.aux.0521,aux,Estimation with Auxiliary Variables and Stratification,auxiliary.tex,1653,\input{generated/workshop-output-python/exercise-3-6-3},"3, 6, 3",static_theoretical_or_illustrative,intentional_manual,Line contains numeric content but no compute-signal pattern.,notebooks/support/auxiliary-variables-and-stratification/support.html
calc.aux.0522,aux,Estimation with Auxiliary Variables and Stratification,auxiliary.tex,1654,\input{generated/workshop-output-python/exercise-3-6-4},"3, 6, 4",static_theoretical_or_illustrative,intentional_manual,Line contains numeric content but no compute-signal pattern.,notebooks/support/auxiliary-variables-and-stratification/support.html
calc.aux.0523,aux,Estimation with Auxiliary Variables and Stratification,auxiliary.tex,1663,\input{generated/workshop-output-python/exercise-3-7-1},"3, 7, 1",static_theoretical_or_illustrative,intentional_manual,Line contains numeric content but no compute-signal pattern.,notebooks/support/auxiliary-variables-and-stratification/support.html
calc.aux.0524,aux,Estimation with Auxiliary Variables and Stratification,auxiliary.tex,1664,\input{generated/workshop-output-python/exercise-3-7-2},"3, 7, 2",static_theoretical_or_illustrative,intentional_manual,Line contains numeric content but no compute-signal pattern.,notebooks/support/auxiliary-variables-and-stratification/support.html
calc.aux.0525,aux,Estimation with Auxiliary Variables and Stratification,auxiliary.tex,1665,\input{generated/workshop-output-python/exercise-3-7-3},"3, 7, 3",static_theoretical_or_illustrative,intentional_manual,Line contains numeric content but no compute-signal pattern.,notebooks/support/auxiliary-variables-and-stratification/support.html
calc.aux.0526,aux,Estimation with Auxiliary Variables and Stratification,auxiliary.tex,1666,\input{generated/workshop-output-python/exercise-3-7-4},"3, 7, 4",static_theoretical_or_illustrative,intentional_manual,Line contains numeric content but no compute-signal pattern.,notebooks/support/auxiliary-variables-and-stratification/support.html
calc.aux.0527,aux,Estimation with Auxiliary Variables and Stratification,auxiliary.tex,1667,\input{generated/workshop-output-python/exercise-3-7-5},"3, 7, 5",static_theoretical_or_illustrative,intentional_manual,Line contains numeric content but no compute-signal pattern.,notebooks/support/auxiliary-variables-and-stratification/support.html
calc.aux.0528,aux,Estimation with Auxiliary Variables and Stratification,auxiliary.tex,1668,\input{generated/workshop-output-python/exercise-3-7-6},"3, 7, 6",static_theoretical_or_illustrative,intentional_manual,Line contains numeric content but no compute-signal pattern.,notebooks/support/auxiliary-variables-and-stratification/support.html
calc.aux.0529,aux,Estimation with Auxiliary Variables and Stratification,auxiliary.tex,1669,\input{generated/workshop-output-python/exercise-3-7-7},"3, 7, 7",static_theoretical_or_illustrative,intentional_manual,Line contains numeric content but no compute-signal pattern.,notebooks/support/auxiliary-variables-and-stratification/support.html
calc.aux.0530,aux,Estimation with Auxiliary Variables and Stratification,auxiliary.tex,1678,\input{generated/workshop-output-python/exercise-3-8-1},"3, 8, 1",static_theoretical_or_illustrative,intentional_manual,Line contains numeric content but no compute-signal pattern.,notebooks/support/auxiliary-variables-and-stratification/support.html
calc.aux.0531,aux,Estimation with Auxiliary Variables and Stratification,auxiliary.tex,1679,\input{generated/workshop-output-python/exercise-3-8-2},"3, 8, 2",static_theoretical_or_illustrative,intentional_manual,Line contains numeric content but no compute-signal pattern.,notebooks/support/auxiliary-variables-and-stratification/support.html
calc.aux.0532,aux,Estimation with Auxiliary Variables and Stratification,auxiliary.tex,1688,\input{generated/workshop-output-python/exercise-3-9-1},"3, 9, 1",static_theoretical_or_illustrative,intentional_manual,Line contains numeric content but no compute-signal pattern.,notebooks/support/auxiliary-variables-and-stratification/support.html
calc.aux.0533,aux,Estimation with Auxiliary Variables and Stratification,auxiliary.tex,1689,\input{generated/workshop-output-python/exercise-3-9-2},"3, 9, 2",static_theoretical_or_illustrative,intentional_manual,Line contains numeric content but no compute-signal pattern.,notebooks/support/auxiliary-variables-and-stratification/support.html
calc.aux.0534,aux,Estimation with Auxiliary Variables and Stratification,auxiliary.tex,1690,\input{generated/workshop-output-python/exercise-3-9-3},"3, 9, 3",static_theoretical_or_illustrative,intentional_manual,Line contains numeric content but no compute-signal pattern.,notebooks/support/auxiliary-variables-and-stratification/support.html
calc.aux.0535,aux,Estimation with Auxiliary Variables and Stratification,auxiliary.tex,1691,\input{generated/workshop-output-python/exercise-3-9-4},"3, 9, 4",static_theoretical_or_illustrative,intentional_manual,Line contains numeric content but no compute-signal pattern.,notebooks/support/auxiliary-variables-and-stratification/support.html
calc.aux.0536,aux,Estimation with Auxiliary Variables and Stratification,auxiliary.tex,1692,\input{generated/workshop-output-python/exercise-3-9-5},"3, 9, 5",static_theoretical_or_illustrative,intentional_manual,Line contains numeric content but no compute-signal pattern.,notebooks/support/auxiliary-variables-and-stratification/support.html
calc.aux.0537,aux,Estimation with Auxiliary Variables and Stratification,auxiliary.tex,1693,\input{generated/workshop-output-python/exercise-3-9-6},"3, 9, 6",static_theoretical_or_illustrative,intentional_manual,Line contains numeric content but no compute-signal pattern.,notebooks/support/auxiliary-variables-and-stratification/support.html
calc.aux.0538,aux,Estimation with Auxiliary Variables and Stratification,auxiliary.tex,1694,\input{generated/workshop-output-python/exercise-3-9-7},"3, 9, 7",static_theoretical_or_illustrative,intentional_manual,Line contains numeric content but no compute-signal pattern.,notebooks/support/auxiliary-variables-and-stratification/support.html
calc.hyp.0539,hyp,Hypothesis Testing,hypothesis-testing.tex,668,\input{generated/worked-calculations/hyp-cell-evaluation-steps},,must_be_generated_from_support_notebook,generated_snippet_linked,Line links to generated worked-calculation snippet path.,notebooks/support/hypothesis-testing/support.html
calc.hyp.0540,hyp,Hypothesis Testing,hypothesis-testing.tex,721,\input{generated/worked-calculations/hyp-mus-attribute-sample-sizes-rows},,must_be_generated_from_support_notebook,generated_snippet_linked,Line links to generated worked-calculation snippet path.,notebooks/support/hypothesis-testing/support.html
calc.hyp.0541,hyp,Hypothesis Testing,hypothesis-testing.tex,737,\input{generated/worked-calculations/hyp-mus-sample-size},,must_be_generated_from_support_notebook,generated_snippet_linked,Line links to generated worked-calculation snippet path.,notebooks/support/hypothesis-testing/support.html
calc.hyp.0542,hyp,Hypothesis Testing,hypothesis-testing.tex,84,"\begin{enumerate}[leftmargin=*,labelsep=.5em]",5,must_be_checked_against_support_notebook,checked_in_support_output,Numeric token(s) found in chapter support notebook output.,notebooks/support/hypothesis-testing/support.html
calc.hyp.0543,hyp,Hypothesis Testing,hypothesis-testing.tex,99,"\paragraph{Step 1. Develop the research question.} The research question introduced above in \emph{Case: Information provided by the entity} is: are more than 5\% of the data points incorrect? In this example, the mat...","1, 5%, 5%",static_theoretical_or_illustrative,intentional_manual,Line contains numeric content but no compute-signal pattern.,notebooks/support/hypothesis-testing/support.html
calc.hyp.0544,hyp,Hypothesis Testing,hypothesis-testing.tex,101,"\paragraph{Step 2. State the null and alternative hypotheses.} It is a general practice for auditors to define the \hlblue{null hypothesis}\index{null hypothesis}\index{hypothesis!null} or default position, as the pop...","2, 0",handled_by_epic_214_model_test_output,epic_214_scope,Model/test-statistic style output belongs to Epic #214 verification track.,notebooks/support/hypothesis-testing/support.html
calc.hyp.0545,hyp,Hypothesis Testing,hypothesis-testing.tex,117,"\paragraph{Step 4. Choose an appropriate test and its test statistic.} The test statistic is related to the null hypothesis $\pi$ by calculating $p$, which is the fraction of errors in the sample with $p = k / n$. Thu...",4,handled_by_epic_214_model_test_output,epic_214_scope,Model/test-statistic style output belongs to Epic #214 verification track.,notebooks/support/hypothesis-testing/support.html
calc.hyp.0546,hyp,Hypothesis Testing,hypothesis-testing.tex,119,"\paragraph{Step 5. Derive the distribution of the test statistic under the null hypothesis.} In general, we know the distribution of the test statistic, or approximate it.",5,handled_by_epic_214_model_test_output,epic_214_scope,Model/test-statistic style output belongs to Epic #214 verification track.,notebooks/support/hypothesis-testing/support.html
calc.hyp.0547,hyp,Hypothesis Testing,hypothesis-testing.tex,121,"If the null hypothesis $\pi \geq$ 0.05 is true, then $k$ has a hypergeometric distribution, with parameter population size $N =$ 1,200, number of errors in the population $M = N * \pi = $ 1,200 $\cdot$ 0.05 = 60, and ...","0.05, 1200, 1200, 0.05, 60",handled_by_epic_214_model_test_output,epic_214_scope,Model/test-statistic style output belongs to Epic #214 verification track.,notebooks/support/hypothesis-testing/support.html
calc.hyp.0548,hyp,Hypothesis Testing,hypothesis-testing.tex,123,\paragraph{Step 6. Select a significance level.} The significance level is the level of probability at which the null hypothesis is rejected. The significance level is given in the \emph{Objective} paragraph of \emph{...,"6, 90%, 10%",handled_by_epic_214_model_test_output,epic_214_scope,Model/test-statistic style output belongs to Epic #214 verification track.,notebooks/support/hypothesis-testing/support.html
calc.hyp.0549,hyp,Hypothesis Testing,hypothesis-testing.tex,125,"Calculations are performed with a single value for $\pi$ rather than the range of values of $\pi \geq$ 0.05. Choosing $\pi =$ 0.05, the border value of the null hypothesis, is appropriate, because, at this value, the ...","0.05, 0.05, 10%, 5%, 10%, 5%",handled_by_epic_214_model_test_output,epic_214_scope,Model/test-statistic style output belongs to Epic #214 verification track.,notebooks/support/hypothesis-testing/support.html
calc.hyp.0550,hyp,Hypothesis Testing,hypothesis-testing.tex,127,\paragraph{Step 7. Determine the critical region.} The auditor also determines the \hlblue{critical region}\index{critical region}. It contains the values for the test statistic $k$ for which the null hypothesis is re...,"7, 0, 0, 0, 0",handled_by_epic_214_model_test_output,epic_214_scope,Model/test-statistic style output belongs to Epic #214 verification track.,notebooks/support/hypothesis-testing/support.html
calc.hyp.0551,hyp,Hypothesis Testing,hypothesis-testing.tex,129,"Alternatively, one may want to allow for a small number of errors in the test. For example, we can choose to reject $H_0$ only if no more than two errors are found in the sample. In this case, the critical region is d...","0, 2",handled_by_epic_214_model_test_output,epic_214_scope,Model/test-statistic style output belongs to Epic #214 verification track.,notebooks/support/hypothesis-testing/support.html
calc.hyp.0552,hyp,Hypothesis Testing,hypothesis-testing.tex,132,"The critical region affects the minimum required sample size. We determine the sample size $n$ such that if the null hypothesis is true, that is, the population contains a material misstatement ($\pi \geq 0.05$), the ...","0.05, 10%",handled_by_epic_214_model_test_output,epic_214_scope,Model/test-statistic style output belongs to Epic #214 verification track.,notebooks/support/hypothesis-testing/support.html
calc.hyp.0553,hyp,Hypothesis Testing,hypothesis-testing.tex,134,P(\stoch{k} \leq k_{cr} | \pi = 0.05) \leq \alpha,0.05,must_be_checked_against_support_notebook,checked_in_support_output,Numeric token(s) found in chapter support notebook output.,notebooks/support/hypothesis-testing/support.html
calc.hyp.0554,hyp,Hypothesis Testing,hypothesis-testing.tex,138,"This leads to a sample size of $n =$ 45, if we do not allow for any errors in the sample. If we determine the critical region to be $\{\stoch{k} | k \leq 2\}$, allowing for up to two errors in the sample, the minimum ...","45, 2, 102",handled_by_epic_214_model_test_output,epic_214_scope,Model/test-statistic style output belongs to Epic #214 verification track.,notebooks/support/hypothesis-testing/support.html
calc.hyp.0555,hyp,Hypothesis Testing,hypothesis-testing.tex,147,"\paragraph{Step 8. Compute the value of the test statistic from the sample.} In our case, the computation is simple: only the number of errors in the sample is counted. Alternatively, we can calculate a one-sided conf...",8,handled_by_epic_214_model_test_output,epic_214_scope,Model/test-statistic style output belongs to Epic #214 verification track.,notebooks/support/hypothesis-testing/support.html
calc.hyp.0556,hyp,Hypothesis Testing,hypothesis-testing.tex,149,"\paragraph{Step 9. Conclude on the test, by using the critical region, the $p$-value of the test statistic or the confidence interval.} Let us assume a test with a critical region $\{k | k = 0\}$, and one error was fo...","9, 0, 45, 1",handled_by_epic_214_model_test_output,epic_214_scope,Model/test-statistic style output belongs to Epic #214 verification track.,notebooks/support/hypothesis-testing/support.html
calc.hyp.0557,hyp,Hypothesis Testing,hypothesis-testing.tex,151,"Alternatively, if a test is carried out with a critical region $\{k | k \leq 2\}$, two errors are found in the sample with $n =$ 102. This time, $k = 2$ is an element of the critical region, and therefore, the null hy...","2, 102, 2, 90%",handled_by_epic_214_model_test_output,epic_214_scope,Model/test-statistic style output belongs to Epic #214 verification track.,notebooks/support/hypothesis-testing/support.html
calc.hyp.0558,hyp,Hypothesis Testing,hypothesis-testing.tex,154,The construction of a critical region is a tradition when calculations are difficult to perform manually. The critical regions were derived from extensive tables of the results. A modern alternative is to calculate th...,"1, 45, 1200, 60, 0.3294, 10%, 2, 102, 1200, 60, 0.0999",handled_by_epic_214_model_test_output,epic_214_scope,Model/test-statistic style output belongs to Epic #214 verification track.,notebooks/support/hypothesis-testing/support.html
calc.hyp.0559,hyp,Hypothesis Testing,hypothesis-testing.tex,161,"2\%. The Type II error at a population error rate of 2\% is $P(\stoch{k} \geq 1, n = 45, N = 1,200, M = 0,02 \cdot 1200 = 24) = 0.6040$.\label{type_two_error}","2%, 2%, 1, 45, 1200, 0, 02, 1200, 24, 0.6040",must_be_checked_against_support_notebook,checked_in_support_output,Numeric token(s) found in chapter support notebook output.,notebooks/support/hypothesis-testing/support.html
calc.hyp.0560,hyp,Hypothesis Testing,hypothesis-testing.tex,174,"The hypothesis test can also be performed using a confidence interval. In \emph{Case: Information provided by the entity} we used a significance level of 10\%, and materiality was set at 5\%. Tolerating up to two erro...","10%, 5%, 2, 102, 90%",handled_by_epic_214_model_test_output,epic_214_scope,Model/test-statistic style output belongs to Epic #214 verification track.,notebooks/support/hypothesis-testing/support.html
calc.hyp.0561,hyp,Hypothesis Testing,hypothesis-testing.tex,187,0 & 0.00\% & 0.0 & 25 & 2.08\%  \\,"0, 0.00%, 0.0, 25, 2.08%",must_be_generated_from_support_notebook,migration_required,Dense numeric row detected; strict policy requires generated linkage instead of hard-coded table/prose values.,notebooks/support/hypothesis-testing/support.html
calc.hyp.0562,hyp,Hypothesis Testing,hypothesis-testing.tex,188,1 & 0.98\% & 11.8 & 43 & 3.58\%  \\,"1, 0.98%, 11.8, 43, 3.58%",must_be_generated_from_support_notebook,migration_required,Dense numeric row detected; strict policy requires generated linkage instead of hard-coded table/prose values.,notebooks/support/hypothesis-testing/support.html
calc.hyp.0563,hyp,Hypothesis Testing,hypothesis-testing.tex,189,2 & 1.96\% & 23.5 & 59 & 4.92\%  \\,"2, 1.96%, 23.5, 59, 4.92%",must_be_generated_from_support_notebook,migration_required,Dense numeric row detected; strict policy requires generated linkage instead of hard-coded table/prose values.,notebooks/support/hypothesis-testing/support.html
calc.hyp.0564,hyp,Hypothesis Testing,hypothesis-testing.tex,190,3 & 2.94\% & 35.3 & 75 & 6.25\% \\,"3, 2.94%, 35.3, 75, 6.25%",must_be_generated_from_support_notebook,migration_required,Dense numeric row detected; strict policy requires generated linkage instead of hard-coded table/prose values.,notebooks/support/hypothesis-testing/support.html
calc.hyp.0565,hyp,Hypothesis Testing,hypothesis-testing.tex,198,"Rather than determining whether the number of errors $k$ is an element of the critical region, we now compare the upper bound of the confidence interval with the materiality set. Materiality is 5\% in this example or ...","5%, 60, 5%, 1200, 0, 0.05, 0, 60, 5%",handled_by_epic_214_model_test_output,epic_214_scope,Model/test-statistic style output belongs to Epic #214 verification track.,notebooks/support/hypothesis-testing/support.html
calc.hyp.0566,hyp,Hypothesis Testing,hypothesis-testing.tex,207,"If the critical region is $\{k | k = 0\}$, then the sample is referred to as a \hlblue{discovery sample}\index{discovery sample}\index{sample!discovery}.",0,handled_by_epic_214_model_test_output,epic_214_scope,Model/test-statistic style output belongs to Epic #214 verification track.,notebooks/support/hypothesis-testing/support.html
calc.hyp.0567,hyp,Hypothesis Testing,hypothesis-testing.tex,209,"We observed that the sample size is mainly driven by three parameters: the significance level $\alpha$, critical region $k_{cr}$, and tolerable deviation rate $\pi$.\footnote{The fourth parameter, the population size ...","5, 0, 5%, 10%, 0",handled_by_epic_214_model_test_output,epic_214_scope,Model/test-statistic style output belongs to Epic #214 verification track.,notebooks/support/hypothesis-testing/support.html
calc.hyp.0568,hyp,Hypothesis Testing,hypothesis-testing.tex,215,$\pi = 1\%$ &,1%,must_be_checked_against_support_notebook,checked_in_support_output,Numeric token(s) found in chapter support notebook output.,notebooks/support/hypothesis-testing/support.html
calc.hyp.0569,hyp,Hypothesis Testing,hypothesis-testing.tex,216,$\pi = 5\%$ &,5%,must_be_checked_against_support_notebook,checked_in_support_output,Numeric token(s) found in chapter support notebook output.,notebooks/support/hypothesis-testing/support.html
calc.hyp.0570,hyp,Hypothesis Testing,hypothesis-testing.tex,217,$\pi = 10\%$ &,10%,static_theoretical_or_illustrative,intentional_manual,Table header threshold value is contextual and intentionally manual.,notebooks/support/hypothesis-testing/support.html
calc.hyp.0571,hyp,Hypothesis Testing,hypothesis-testing.tex,218,$\pi = 15\%$ &,15%,must_be_checked_against_support_notebook,checked_in_support_output,Numeric token(s) found in chapter support notebook output.,notebooks/support/hypothesis-testing/support.html
calc.hyp.0572,hyp,Hypothesis Testing,hypothesis-testing.tex,219,$\pi = 20\%$ \\,20%,must_be_checked_against_support_notebook,checked_in_support_output,Numeric token(s) found in chapter support notebook output.,notebooks/support/hypothesis-testing/support.html
calc.hyp.0573,hyp,Hypothesis Testing,hypothesis-testing.tex,223,0 & 299 & 59 & 29 & 19 & 14 \\,"0, 299, 59, 29, 19, 14",must_be_generated_from_support_notebook,migration_required,Dense numeric row detected; strict policy requires generated linkage instead of hard-coded table/prose values.,notebooks/support/hypothesis-testing/support.html
calc.hyp.0574,hyp,Hypothesis Testing,hypothesis-testing.tex,224,1 & 473 & 93 & 46 & 30 & 22 \\,"1, 473, 93, 46, 30, 22",must_be_generated_from_support_notebook,migration_required,Dense numeric row detected; strict policy requires generated linkage instead of hard-coded table/prose values.,notebooks/support/hypothesis-testing/support.html
calc.hyp.0575,hyp,Hypothesis Testing,hypothesis-testing.tex,225,2 & 628 & 124 & 61 & 40 & 30 \\,"2, 628, 124, 61, 40, 30",must_be_generated_from_support_notebook,migration_required,Dense numeric row detected; strict policy requires generated linkage instead of hard-coded table/prose values.,notebooks/support/hypothesis-testing/support.html
calc.hyp.0576,hyp,Hypothesis Testing,hypothesis-testing.tex,226,3 & 773 & 153 & 76 & 50 & 37 \\,"3, 773, 153, 76, 50, 37",must_be_generated_from_support_notebook,migration_required,Dense numeric row detected; strict policy requires generated linkage instead of hard-coded table/prose values.,notebooks/support/hypothesis-testing/support.html
calc.hyp.0577,hyp,Hypothesis Testing,hypothesis-testing.tex,238,$\pi = 1\%$ &,1%,must_be_checked_against_support_notebook,checked_in_support_output,Numeric token(s) found in chapter support notebook output.,notebooks/support/hypothesis-testing/support.html
calc.hyp.0578,hyp,Hypothesis Testing,hypothesis-testing.tex,239,$\pi = 5\%$ &,5%,must_be_checked_against_support_notebook,checked_in_support_output,Numeric token(s) found in chapter support notebook output.,notebooks/support/hypothesis-testing/support.html
calc.hyp.0579,hyp,Hypothesis Testing,hypothesis-testing.tex,240,$\pi = 10\%$ &,10%,static_theoretical_or_illustrative,intentional_manual,Table header threshold value is contextual and intentionally manual.,notebooks/support/hypothesis-testing/support.html
calc.hyp.0580,hyp,Hypothesis Testing,hypothesis-testing.tex,241,$\pi = 15\%$ &,15%,must_be_checked_against_support_notebook,checked_in_support_output,Numeric token(s) found in chapter support notebook output.,notebooks/support/hypothesis-testing/support.html
calc.hyp.0581,hyp,Hypothesis Testing,hypothesis-testing.tex,242,$\pi = 20\%$ \\,20%,must_be_checked_against_support_notebook,checked_in_support_output,Numeric token(s) found in chapter support notebook output.,notebooks/support/hypothesis-testing/support.html
calc.hyp.0582,hyp,Hypothesis Testing,hypothesis-testing.tex,246,0 & 230 & 45 & 22 & 15 & 11 \\,"0, 230, 45, 22, 15, 11",must_be_generated_from_support_notebook,migration_required,Dense numeric row detected; strict policy requires generated linkage instead of hard-coded table/prose values.,notebooks/support/hypothesis-testing/support.html
calc.hyp.0583,hyp,Hypothesis Testing,hypothesis-testing.tex,247,1 & 388 & 77 & 38 & 25 & 18 \\,"1, 388, 77, 38, 25, 18",must_be_generated_from_support_notebook,migration_required,Dense numeric row detected; strict policy requires generated linkage instead of hard-coded table/prose values.,notebooks/support/hypothesis-testing/support.html
calc.hyp.0584,hyp,Hypothesis Testing,hypothesis-testing.tex,248,2 & 531 & 105 & 52 & 34 & 25 \\,"2, 531, 105, 52, 34, 25",must_be_generated_from_support_notebook,migration_required,Dense numeric row detected; strict policy requires generated linkage instead of hard-coded table/prose values.,notebooks/support/hypothesis-testing/support.html
calc.hyp.0585,hyp,Hypothesis Testing,hypothesis-testing.tex,249,3 & 667 & 132 & 65 & 43 & 32 \\,"3, 667, 132, 65, 43, 32",must_be_generated_from_support_notebook,migration_required,Dense numeric row detected; strict policy requires generated linkage instead of hard-coded table/prose values.,notebooks/support/hypothesis-testing/support.html
calc.hyp.0586,hyp,Hypothesis Testing,hypothesis-testing.tex,266,"The OCC in Fig. \ref{fig:three_attribute_occ}, reflecting a test with $H_0: \pi \geq 0.05$ shows that populations with a low deviation rate have a high chance of being accepted, whereas the probability of acceptance d...","0, 0.05, 10%, 5%, 10%",static_theoretical_or_illustrative,intentional_manual,Line contains numeric content but no compute-signal pattern.,notebooks/support/hypothesis-testing/support.html
calc.hyp.0587,hyp,Hypothesis Testing,hypothesis-testing.tex,268,"The $y$-axis reflects the \hlblue{power}\index{power} of the test. For example, when $n = 45$ and the true population error rate $\pi = 0.02$ we find the power  $(1 - \beta) = (1 - \pi)^n = (1 - 0.02)^{45} = 0.40$.","45, 0.02, 1, 1, 1, 0.02, 45, 0.40",must_be_checked_against_support_notebook,checked_in_support_output,Numeric token(s) found in chapter support notebook output.,notebooks/support/hypothesis-testing/support.html
calc.hyp.0588,hyp,Hypothesis Testing,hypothesis-testing.tex,270,"As we have seen in the previous section, the choice of the critical region affected the sample size. Without allowing for errors, the sample size was 45, but allowing for one or two errors, the sample size increased t...","45, 77, 105",handled_by_epic_214_model_test_output,epic_214_scope,Model/test-statistic style output belongs to Epic #214 verification track.,notebooks/support/hypothesis-testing/support.html
calc.hyp.0589,hyp,Hypothesis Testing,hypothesis-testing.tex,284,"\begin{enumerate}[leftmargin=*,labelsep=.5em]",5,must_be_checked_against_support_notebook,checked_in_support_output,Numeric token(s) found in chapter support notebook output.,notebooks/support/hypothesis-testing/support.html
calc.hyp.0590,hyp,Hypothesis Testing,hypothesis-testing.tex,297,"\node[blueblock, text width=2.8cm, align=center] (first) {Initial sample $n_0$};","2.8, 0",must_be_checked_against_support_notebook,checked_in_support_output,Numeric token(s) found in chapter support notebook output.,notebooks/support/hypothesis-testing/support.html
calc.hyp.0591,hyp,Hypothesis Testing,hypothesis-testing.tex,298,"\node[blueblock, right = 1.8cm of first, text width=2.7cm, align=center] (seco) {Extension $n_1$};","1.8, 2.7, 1",must_be_checked_against_support_notebook,checked_in_support_output,Numeric token(s) found in chapter support notebook output.,notebooks/support/hypothesis-testing/support.html
calc.hyp.0592,hyp,Hypothesis Testing,hypothesis-testing.tex,299,"\node[whiteblock, above = 0.8cm of seco, text width=2.7cm, align=center] (acc1) {Accept the population};","0.8, 2.7",must_be_checked_against_support_notebook,checked_in_support_output,Numeric token(s) found in chapter support notebook output.,notebooks/support/hypothesis-testing/support.html
calc.hyp.0593,hyp,Hypothesis Testing,hypothesis-testing.tex,300,"\node[whiteblock, below = 0.8cm of seco, text width=2.7cm, align=center] (rej1) {Reject the population};","0.8, 2.7",must_be_checked_against_support_notebook,checked_in_support_output,Numeric token(s) found in chapter support notebook output.,notebooks/support/hypothesis-testing/support.html
calc.hyp.0594,hyp,Hypothesis Testing,hypothesis-testing.tex,301,\node[right = 3.2cm of seco] (dummy) {};,3.2,must_be_checked_against_support_notebook,checked_in_support_output,Numeric token(s) found in chapter support notebook output.,notebooks/support/hypothesis-testing/support.html
calc.hyp.0595,hyp,Hypothesis Testing,hypothesis-testing.tex,302,"\node[whiteblock, above = 0.4cm of dummy, text width=2.7cm, align=center] (acc2)  {Accept the population};","0.4, 2.7",must_be_checked_against_support_notebook,checked_in_support_output,Numeric token(s) found in chapter support notebook output.,notebooks/support/hypothesis-testing/support.html
calc.hyp.0596,hyp,Hypothesis Testing,hypothesis-testing.tex,303,"\node[whiteblock, below = 0.4cm of dummy, text width=2.7cm, align=center] (rej2)  {Reject the population};","0.4, 2.7",must_be_checked_against_support_notebook,checked_in_support_output,Numeric token(s) found in chapter support notebook output.,notebooks/support/hypothesis-testing/support.html
calc.hyp.0597,hyp,Hypothesis Testing,hypothesis-testing.tex,305,\path [line] (first) -- node {k = 0} (acc1);,0,must_be_checked_against_support_notebook,checked_in_support_output,Numeric token(s) found in chapter support notebook output.,notebooks/support/hypothesis-testing/support.html
calc.hyp.0598,hyp,Hypothesis Testing,hypothesis-testing.tex,306,\path [line] (first) -- node {k = 1} (seco);,1,must_be_checked_against_support_notebook,checked_in_support_output,Numeric token(s) found in chapter support notebook output.,notebooks/support/hypothesis-testing/support.html
calc.hyp.0599,hyp,Hypothesis Testing,hypothesis-testing.tex,308,\path [line] (seco) -- node {k = 0} (acc2);,0,must_be_checked_against_support_notebook,checked_in_support_output,Numeric token(s) found in chapter support notebook output.,notebooks/support/hypothesis-testing/support.html
calc.hyp.0600,hyp,Hypothesis Testing,hypothesis-testing.tex,324,\item The probability of finding no deviations in the initial sample of size $n_0$\footnote{$P(k = 0 | n_0) = (1 - \pi)^{n_0}$}; plus,"0, 0, 0, 1, 0",must_be_checked_against_support_notebook,checked_in_support_output,Numeric token(s) found in chapter support notebook output.,notebooks/support/hypothesis-testing/support.html
calc.hyp.0601,hyp,Hypothesis Testing,hypothesis-testing.tex,325,\item The probability of finding one deviation in the initial sample of size $n_0$ and then finding one deviation in the extension of size $n_1$.\footnote{$P(k = 1 | n_0) \cdot P(k = 0 | n_1) = n \pi (1 - \pi)^{n_0 - ...,"0, 1, 1, 0, 0, 1, 1, 0, 1, 1, 1",must_be_checked_against_support_notebook,checked_in_support_output,Numeric token(s) found in chapter support notebook output.,notebooks/support/hypothesis-testing/support.html
calc.hyp.0602,hyp,Hypothesis Testing,hypothesis-testing.tex,331,P(\text{Accept}) = (1 - \pi)^{n_0} + n \pi (1 - \pi)^{n_0 - 1} (1 - \pi)^{n_1},"1, 0, 1, 0, 1, 1, 1",must_be_checked_against_support_notebook,checked_in_support_output,Numeric token(s) found in chapter support notebook output.,notebooks/support/hypothesis-testing/support.html
calc.hyp.0603,hyp,Hypothesis Testing,hypothesis-testing.tex,335,"If we choose the size of the extension equal to that of the initial sample, $n = n_0 = n_1$, the probability to accept is","0, 1",must_be_checked_against_support_notebook,checked_in_support_output,Numeric token(s) found in chapter support notebook output.,notebooks/support/hypothesis-testing/support.html
calc.hyp.0604,hyp,Hypothesis Testing,hypothesis-testing.tex,338,P(\text{Accept}) = (1 - \pi)^{n} + n \pi (1 - \pi)^{n - 1} (1 - \pi)^{n} =,"1, 1, 1, 1",must_be_checked_against_support_notebook,checked_in_support_output,Numeric token(s) found in chapter support notebook output.,notebooks/support/hypothesis-testing/support.html
calc.hyp.0605,hyp,Hypothesis Testing,hypothesis-testing.tex,341,(1 - \pi)^{n} (1 + n \pi (1 - \pi)^{n - 1}) \leq \alpha,"1, 1, 1, 1",static_theoretical_or_illustrative,intentional_manual,Line contains numeric content but no compute-signal pattern.,notebooks/support/hypothesis-testing/support.html
calc.hyp.0606,hyp,Hypothesis Testing,hypothesis-testing.tex,345,"The probability of accepting a population with a certain population deviation rate, $\pi$, can be calculated using Equation \ref{eq:p_accept_n0_equal_to_n1}. For example, if we apply double sampling to \emph{Case: Inf...","10%, 5%, 0, 1, 49",must_be_checked_against_support_notebook,checked_in_support_output,Numeric token(s) found in chapter support notebook output.,notebooks/support/hypothesis-testing/support.html
calc.hyp.0607,hyp,Hypothesis Testing,hypothesis-testing.tex,390,"\paragraph{Step 2. State the null and alternative hypotheses.} If we define $M$ as the total amount of inappropriate cost items, then we define the null hypothesis as follows:",2,handled_by_epic_214_model_test_output,epic_214_scope,Model/test-statistic style output belongs to Epic #214 verification track.,notebooks/support/hypothesis-testing/support.html
calc.hyp.0608,hyp,Hypothesis Testing,hypothesis-testing.tex,392,"H_0 : M \geq 120,000 \text{ or } \pi \geq 0.01","0, 120000, 0.01",static_theoretical_or_illustrative,intentional_manual,Line contains numeric content but no compute-signal pattern.,notebooks/support/hypothesis-testing/support.html
calc.hyp.0609,hyp,Hypothesis Testing,hypothesis-testing.tex,403,"\paragraph{Step 4. Choose an appropriate test and its test statistic.} The test statistic is the number of errors, $k$, in the sample. A cost item is deemed incorrect if one or more of the inclusion conditions are not...",4,handled_by_epic_214_model_test_output,epic_214_scope,Model/test-statistic style output belongs to Epic #214 verification track.,notebooks/support/hypothesis-testing/support.html
calc.hyp.0610,hyp,Hypothesis Testing,hypothesis-testing.tex,405,"\paragraph{Step 5. Derive the distribution of the test statistic under the null hypothesis.} Under the null hypothesis, $k$ follows a hypergeometric distribution with parameters $N = 12,000,000$ and $M_0 = 0,01 \cdot ...","5, 12000000, 0, 0, 01, 12000000, 120000",handled_by_epic_214_model_test_output,epic_214_scope,Model/test-statistic style output belongs to Epic #214 verification track.,notebooks/support/hypothesis-testing/support.html
calc.hyp.0611,hyp,Hypothesis Testing,hypothesis-testing.tex,407,"\paragraph{Step 6. Select a significance level.} Given the required confidence level of 95\%, the significance level of the test is its complement of 5\%.","6, 95%, 5%",static_theoretical_or_illustrative,intentional_manual,Line contains numeric content but no compute-signal pattern.,notebooks/support/hypothesis-testing/support.html
calc.hyp.0612,hyp,Hypothesis Testing,hypothesis-testing.tex,409,\paragraph{Step 7. Determine the critical region.} As in the previous \emph{Case: Information provided by the entity} we have to decide on the critical region. The minimum sample size $n = $ 299 is obtained for the sm...,"7, 299, 0",handled_by_epic_214_model_test_output,epic_214_scope,Model/test-statistic style output belongs to Epic #214 verification track.,notebooks/support/hypothesis-testing/support.html
calc.hyp.0613,hyp,Hypothesis Testing,hypothesis-testing.tex,411,\paragraph{Step 8. Compute the value of the test statistic from the sample.} The remainder of the test is similar to that of the previous \emph{Case: Information produced by the entity}. Select the number of items in ...,8,handled_by_epic_214_model_test_output,epic_214_scope,Model/test-statistic style output belongs to Epic #214 verification track.,notebooks/support/hypothesis-testing/support.html
calc.hyp.0614,hyp,Hypothesis Testing,hypothesis-testing.tex,413,"\paragraph{Step 9. Conclude on the test, by using the critical region, the $p$-value of the test statistic or the confidence interval.} If $k$ is within the critical region, the null hypothesis is rejected. We may con...","9, 95%, 120000",handled_by_epic_214_model_test_output,epic_214_scope,Model/test-statistic style output belongs to Epic #214 verification track.,notebooks/support/hypothesis-testing/support.html
calc.hyp.0615,hyp,Hypothesis Testing,hypothesis-testing.tex,433,"There are 10,000 trade account receivable invoices outstanding at year-end, their total amount is 13,500,000. Performance materiality for this account is 450,000. Based on the findings from previous years, you expect ...","10000, 13500000, 450000, 100000",static_theoretical_or_illustrative,intentional_manual,Context appears referential/illustrative without explicit computation operator.,notebooks/support/hypothesis-testing/support.html
calc.hyp.0616,hyp,Hypothesis Testing,hypothesis-testing.tex,436,"Calculate the minimum required sample size that allows you, at a significance level of 5\%, to reject the hypothesis that the population is overstated by more than 450,000 if the extrapolated error from the sample doe...","5%, 450000, 100000, 95%",must_be_checked_against_support_notebook,checked_in_support_output,Numeric token(s) found in chapter support notebook output.,notebooks/support/hypothesis-testing/support.html
calc.hyp.0617,hyp,Hypothesis Testing,hypothesis-testing.tex,440,"In the previous case study, the \emph{Case: European innovation subsidies}, we observed that the choice of the critical region had a dramatic effect on the sample size; increasing the critical region from $\{k | k = 0...","0, 1, 299, 473",handled_by_epic_214_model_test_output,epic_214_scope,Model/test-statistic style output belongs to Epic #214 verification track.,notebooks/support/hypothesis-testing/support.html
calc.hyp.0618,hyp,Hypothesis Testing,hypothesis-testing.tex,442,"A sample size of $n = 145$ is then calculated using a \hlblue{performance materiality}\index{performance materiality}\index{materiality!performance} ($M$)\nomenclature{$M$}{(performance) materiality} of 450,000, and t...","145, 450000, 100000",must_be_checked_against_support_notebook,checked_in_support_output,Numeric token(s) found in chapter support notebook output.,notebooks/support/hypothesis-testing/support.html
calc.hyp.0619,hyp,Hypothesis Testing,hypothesis-testing.tex,444,The MUS sample size lies between the fixed attribute sample sizes of 141 (for $k = 1$) and 187 (for $k = 2$).\footnote{The calculation of the sample size is explained on page~\pageref{par:sample_size_calculation}} Bef...,"141, 1, 187, 2",must_be_checked_against_support_notebook,checked_in_support_output,Numeric token(s) found in chapter support notebook output.,notebooks/support/hypothesis-testing/support.html
calc.hyp.0620,hyp,Hypothesis Testing,hypothesis-testing.tex,448,"\begin{enumerate}[leftmargin=*,labelsep=.5em]",5,must_be_checked_against_support_notebook,checked_in_support_output,Numeric token(s) found in chapter support notebook output.,notebooks/support/hypothesis-testing/support.html
calc.hyp.0621,hyp,Hypothesis Testing,hypothesis-testing.tex,463,"What happens if the logical unit is partially correct and partially incorrect? For example, if its book value is 7 and its audit value is 5, then we can regard the first five monetary units to be correct and the last ...","7, 5, 2, 7",static_theoretical_or_illustrative,intentional_manual,Line contains numeric content but no compute-signal pattern.,notebooks/support/hypothesis-testing/support.html
calc.hyp.0622,hyp,Hypothesis Testing,hypothesis-testing.tex,473,"\filldraw[fill=KPMG_blue, fill opacity=0.1, draw=black] (0,0) rectangle (1.6,0.8);","0.1, 0, 0, 1.6, 0.8",must_be_checked_against_support_notebook,checked_in_support_output,Numeric token(s) found in chapter support notebook output.,notebooks/support/hypothesis-testing/support.html
calc.hyp.0623,hyp,Hypothesis Testing,hypothesis-testing.tex,475,"\filldraw[fill=KPMG_blue, fill opacity=0.6, draw=black] (1.6,0) rectangle (3.2,0.8);","0.6, 1.6, 0, 3.2, 0.8",must_be_checked_against_support_notebook,checked_in_support_output,Numeric token(s) found in chapter support notebook output.,notebooks/support/hypothesis-testing/support.html
calc.hyp.0624,hyp,Hypothesis Testing,hypothesis-testing.tex,477,"\filldraw[fill=KPMG_blue, fill opacity=0.1, draw=black] (3.2,0) rectangle (4.8,0.8);","0.1, 3.2, 0, 4.8, 0.8",must_be_checked_against_support_notebook,checked_in_support_output,Numeric token(s) found in chapter support notebook output.,notebooks/support/hypothesis-testing/support.html
calc.hyp.0625,hyp,Hypothesis Testing,hypothesis-testing.tex,479,"\filldraw[fill=KPMG_blue, fill opacity=0.1, draw=black] (4.8,0) rectangle (6.4,0.8);","0.1, 4.8, 0, 6.4, 0.8",must_be_checked_against_support_notebook,checked_in_support_output,Numeric token(s) found in chapter support notebook output.,notebooks/support/hypothesis-testing/support.html
calc.hyp.0626,hyp,Hypothesis Testing,hypothesis-testing.tex,481,"\filldraw[fill=KPMG_blue, fill opacity=0.1, draw=black] (6.4,0) rectangle (8,0.8);","0.1, 6.4, 0, 8, 0.8",must_be_checked_against_support_notebook,checked_in_support_output,Numeric token(s) found in chapter support notebook output.,notebooks/support/hypothesis-testing/support.html
calc.hyp.0627,hyp,Hypothesis Testing,hypothesis-testing.tex,483,"\filldraw[fill=KPMG_light_pink, fill opacity=0.1, draw=black] (8,0) rectangle (9.6,0.8);","0.1, 8, 0, 9.6, 0.8",must_be_checked_against_support_notebook,checked_in_support_output,Numeric token(s) found in chapter support notebook output.,notebooks/support/hypothesis-testing/support.html
calc.hyp.0628,hyp,Hypothesis Testing,hypothesis-testing.tex,485,"\filldraw[fill=KPMG_light_pink, fill opacity=0.6, draw=black] (9.6,0) rectangle (11.2,0.8);","0.6, 9.6, 0, 11.2, 0.8",must_be_checked_against_support_notebook,checked_in_support_output,Numeric token(s) found in chapter support notebook output.,notebooks/support/hypothesis-testing/support.html
calc.hyp.0629,hyp,Hypothesis Testing,hypothesis-testing.tex,519,"201702532 & 5,548.53 & 4,438.82 & 1,109.71 & 20.00\% \\","201702532, 5548.53, 4438.82, 1109.71, 20.00%",must_be_generated_from_support_notebook,migration_required,Dense numeric row detected; strict policy requires generated linkage instead of hard-coded table/prose values.,notebooks/support/hypothesis-testing/support.html
calc.hyp.0630,hyp,Hypothesis Testing,hypothesis-testing.tex,520,201720040 & 670.43 & 0.00 & 670.43 & 100.00\% \\,"201720040, 670.43, 0.00, 670.43, 100.00%",must_be_generated_from_support_notebook,migration_required,Dense numeric row detected; strict policy requires generated linkage instead of hard-coded table/prose values.,notebooks/support/hypothesis-testing/support.html
calc.hyp.0631,hyp,Hypothesis Testing,hypothesis-testing.tex,521,"201724407 & 5,761.85 & 5,531.38 & 230.47 & 4.00\% \\","201724407, 5761.85, 5531.38, 230.47, 4.00%",must_be_generated_from_support_notebook,migration_required,Dense numeric row detected; strict policy requires generated linkage instead of hard-coded table/prose values.,notebooks/support/hypothesis-testing/support.html
calc.hyp.0632,hyp,Hypothesis Testing,hypothesis-testing.tex,549,"0 & 0.00 & 276,050.00 & 276,050.00 & 0.00 \\","0, 0.00, 276050.00, 276050.00, 0.00",must_be_generated_from_support_notebook,migration_required,Dense numeric row detected; strict policy requires generated linkage instead of hard-coded table/prose values.,notebooks/support/hypothesis-testing/support.html
calc.hyp.0633,hyp,Hypothesis Testing,hypothesis-testing.tex,550,"1 & 93,103.45 & 436,007.00 & 159,957.00 & 66,853.55 \\","1, 93103.45, 436007.00, 159957.00, 66853.55",must_be_generated_from_support_notebook,migration_required,Dense numeric row detected; strict policy requires generated linkage instead of hard-coded table/prose values.,notebooks/support/hypothesis-testing/support.html
calc.hyp.0634,hyp,Hypothesis Testing,hypothesis-testing.tex,551,"2 & 186,206.90 & 577,535.00 & 141,528.00 & 48,424.55 \\","2, 186206.90, 577535.00, 141528.00, 48424.55",must_be_generated_from_support_notebook,migration_required,Dense numeric row detected; strict policy requires generated linkage instead of hard-coded table/prose values.,notebooks/support/hypothesis-testing/support.html
calc.hyp.0635,hyp,Hypothesis Testing,hypothesis-testing.tex,552,"3 & 279,310.34 & 710,132.00 & 132,597.00 & 39,493.55 \\","3, 279310.34, 710132.00, 132597.00, 39493.55",must_be_generated_from_support_notebook,migration_required,Dense numeric row detected; strict policy requires generated linkage instead of hard-coded table/prose values.,notebooks/support/hypothesis-testing/support.html
calc.hyp.0636,hyp,Hypothesis Testing,hypothesis-testing.tex,560,"Table \ref{tab:confidence_intervals_MUS} shows that the point estimate increases with $X / n = $ 13,500,000 / 145 = 93,103.45 for each error found.","13500000, 145, 93103.45",must_be_checked_against_support_notebook,checked_in_support_output,Numeric token(s) found in chapter support notebook output.,notebooks/support/hypothesis-testing/support.html
calc.hyp.0637,hyp,Hypothesis Testing,hypothesis-testing.tex,568,"For example, $PGW$ for the first error is calculated from the increase in $M_U$ (159,957.00) not attributed to the increase in point estimate (93,103.45), therefore $PGW_1 =$ 159,957.00 - 93,103.45 = 66,853.55.","159957.00, 93103.45, 1, 159957.00, 93103.45, 66853.55",must_be_checked_against_support_notebook,checked_in_support_output,Numeric token(s) found in chapter support notebook output.,notebooks/support/hypothesis-testing/support.html
calc.hyp.0638,hyp,Hypothesis Testing,hypothesis-testing.tex,585,"1 & 100.00\% & 93,103.45 & 93,103.45 \\","1, 100.00%, 93103.45, 93103.45",must_be_generated_from_support_notebook,migration_required,Dense numeric row detected; strict policy requires generated linkage instead of hard-coded table/prose values.,notebooks/support/hypothesis-testing/support.html
calc.hyp.0639,hyp,Hypothesis Testing,hypothesis-testing.tex,586,"2 & 20.00\% & 93,103.45 & 18,620.76 \\","2, 20.00%, 93103.45, 18620.76",must_be_generated_from_support_notebook,migration_required,Dense numeric row detected; strict policy requires generated linkage instead of hard-coded table/prose values.,notebooks/support/hypothesis-testing/support.html
calc.hyp.0640,hyp,Hypothesis Testing,hypothesis-testing.tex,587,"3 & 4.00\% & 93,103.45 & 3,724.07 \\","3, 4.00%, 93103.45, 3724.07",must_be_generated_from_support_notebook,migration_required,Dense numeric row detected; strict policy requires generated linkage instead of hard-coded table/prose values.,notebooks/support/hypothesis-testing/support.html
calc.hyp.0641,hyp,Hypothesis Testing,hypothesis-testing.tex,612,"1 & 100.00\% & 66,853.55 & 66,853.55 \\","1, 100.00%, 66853.55, 66853.55",must_be_generated_from_support_notebook,migration_required,Dense numeric row detected; strict policy requires generated linkage instead of hard-coded table/prose values.,notebooks/support/hypothesis-testing/support.html
calc.hyp.0642,hyp,Hypothesis Testing,hypothesis-testing.tex,613,"2 & 20.00\% & 48,424.55 & 9,684.95 \\","2, 20.00%, 48424.55, 9684.95",must_be_generated_from_support_notebook,migration_required,Dense numeric row detected; strict policy requires generated linkage instead of hard-coded table/prose values.,notebooks/support/hypothesis-testing/support.html
calc.hyp.0643,hyp,Hypothesis Testing,hypothesis-testing.tex,614,"3 & 4.00\% & 39,493.55 & 1,579.71 \\","3, 4.00%, 39493.55, 1579.71",must_be_generated_from_support_notebook,migration_required,Dense numeric row detected; strict policy requires generated linkage instead of hard-coded table/prose values.,notebooks/support/hypothesis-testing/support.html
calc.hyp.0644,hyp,Hypothesis Testing,hypothesis-testing.tex,626,"The \emph{upper confidence bound}\index{confidence bound}\index{bound!confidence} on errors according to the Stringer bound method is the sum of the point estimate of 115,448.28, and the precision achieved is 354,168....","115448.28, 354168.21, 469616.49, 95%, 469616.49",must_be_checked_against_support_notebook,checked_in_support_output,Stringer-bound worked-example result checked against support notebook output.,notebooks/support/hypothesis-testing/support.html
calc.hyp.0645,hyp,Hypothesis Testing,hypothesis-testing.tex,628,\paragraph{Method 3: Cell Bounds} The \hlblue{cell bounds}\index{cell bounds} evaluation method is a further refinement of the Stringer bound method.,3,static_theoretical_or_illustrative,intentional_manual,Numeric reference appears contextual rather than a computed manuscript result.,notebooks/support/hypothesis-testing/support.html
calc.hyp.0646,hyp,Hypothesis Testing,hypothesis-testing.tex,631,"\paragraph{Load and Spread} In addition to the partial error, all other errors in the population are 100\% errors. As a result, the upper bound $M_U[k]$ for error $k$ is the sum of the previous upper bound $M_U[k-1]$ ...","100%, 1, 1",must_be_checked_against_support_notebook,checked_in_support_output,Numeric token(s) found in chapter support notebook output.,notebooks/support/hypothesis-testing/support.html
calc.hyp.0647,hyp,Hypothesis Testing,hypothesis-testing.tex,653,"0 & 276,050 & & & & & & 276,050.00 & 276,050.00 \\","0, 276050, 276050.00, 276050.00",must_be_generated_from_support_notebook,migration_required,Dense numeric row detected; strict policy requires generated linkage instead of hard-coded table/prose values.,notebooks/support/hypothesis-testing/support.html
calc.hyp.0648,hyp,Hypothesis Testing,hypothesis-testing.tex,654,"1 & 436,007 & 100.00\% & 93,103.45 & 100.00\% & 276,050.00 & 369,153.45 & 436,007.00 & 436,007.00 \\","1, 436007, 100.00%, 93103.45, 100.00%, 276050.00, 369153.45, 436007.00, 436007.00",must_be_generated_from_support_notebook,migration_required,Dense numeric row detected; strict policy requires generated linkage instead of hard-coded table/prose values.,notebooks/support/hypothesis-testing/support.html
calc.hyp.0649,hyp,Hypothesis Testing,hypothesis-testing.tex,655,"2 & 577,535 & 20.00\% & 18,620.69 & 60.00\% & 436,007.00 & 454,627.69 & 346,521.00 & 454,627.69 \\","2, 577535, 20.00%, 18620.69, 60.00%, 436007.00, 454627.69, 346521.00, 454627.69",must_be_generated_from_support_notebook,migration_required,Dense numeric row detected; strict policy requires generated linkage instead of hard-coded table/prose values.,notebooks/support/hypothesis-testing/support.html
calc.hyp.0650,hyp,Hypothesis Testing,hypothesis-testing.tex,656,"3 & 710,132 & 4.00\% & 3,724.14 & 41.33\% & 454,627.69 & 458,351.83 & 293,497.56 & 458,351.83 \\","3, 710132, 4.00%, 3724.14, 41.33%, 454627.69, 458351.83, 293497.56, 458351.83",must_be_generated_from_support_notebook,migration_required,Dense numeric row detected; strict policy requires generated linkage instead of hard-coded table/prose values.,notebooks/support/hypothesis-testing/support.html
calc.hyp.0651,hyp,Hypothesis Testing,hypothesis-testing.tex,680,It has been suggested for situations where more than 20 differences have been found in a sample that was selected with probabilities proportional to size.\footnote{We suggest to use a $t$-value with $m - 1$ degrees of...,"20, 1",static_theoretical_or_illustrative,intentional_manual,Numeric reference appears contextual rather than a computed manuscript result.,notebooks/support/hypothesis-testing/support.html
calc.hyp.0652,hyp,Hypothesis Testing,hypothesis-testing.tex,685,\hat{Y}_{pps} = X (1 - \bar{t}),1,must_be_checked_against_support_notebook,checked_in_support_output,Numeric token(s) found in chapter support notebook output.,notebooks/support/hypothesis-testing/support.html
calc.hyp.0653,hyp,Hypothesis Testing,hypothesis-testing.tex,693,\hat{Y}_{pps} \pm t_{\alpha/2} s_t \frac{X}{\sqrt{n}},2,must_be_checked_against_support_notebook,checked_in_support_output,Numeric token(s) found in chapter support notebook output.,notebooks/support/hypothesis-testing/support.html
calc.hyp.0654,hyp,Hypothesis Testing,hypothesis-testing.tex,699,s_{t} = \sqrt{\frac{\sum{t_j^2} - (\sum{t_j})^2/n}{n - 1}},"2, 2, 1",must_be_checked_against_support_notebook,checked_in_support_output,Numeric token(s) found in chapter support notebook output.,notebooks/support/hypothesis-testing/support.html
calc.hyp.0655,hyp,Hypothesis Testing,hypothesis-testing.tex,704,"Now that we know how an MUS sample is evaluated, we can calculate the required sample size given a certain expected error. Previously, in attribute sampling, we chose a certain critical region and the sample size was ...",100%,handled_by_epic_214_model_test_output,epic_214_scope,Model/test-statistic style output belongs to Epic #214 verification track.,notebooks/support/hypothesis-testing/support.html
calc.hyp.0656,hyp,Hypothesis Testing,hypothesis-testing.tex,707,"We turn to the parameters from the \emph{Case: Accounts receivable circularization}. The total book value of the population $X =$ 13,500,000, performance materiality $M = 450,000$, and we expect a total misstatement i...","13500000, 450000, 100000",must_be_checked_against_support_notebook,checked_in_support_output,Numeric token(s) found in chapter support notebook output.,notebooks/support/hypothesis-testing/support.html
calc.hyp.0657,hyp,Hypothesis Testing,hypothesis-testing.tex,709,"With only 100\% errors, Table \ref{tab:attribute_sample_sizes} shows the sample sizes $n_k$, sampling intervals $SI_k$ and expected errors $k \cdot SI_k$ for the various critical regions. Sample size $n_k$ is calculat...",100%,must_be_checked_against_support_notebook,checked_in_support_output,Numeric token(s) found in chapter support notebook output.,notebooks/support/hypothesis-testing/support.html
calc.hyp.0658,hyp,Hypothesis Testing,hypothesis-testing.tex,733,n^* = \frac{k - \frac{n_k}{n_{k + 1} - n_k}}{\frac{EE}{X} - \frac{1}{n_{k + 1} - n_{k}}},"1, 1, 1",must_be_checked_against_support_notebook,checked_in_support_output,Numeric token(s) found in chapter support notebook output.,notebooks/support/hypothesis-testing/support.html
calc.hyp.0659,hyp,Hypothesis Testing,hypothesis-testing.tex,744,"As explained in Volume 2, Section \ref{sec:nature_and_cause_of_deviations_and_misstatements}, before extrapolating the differences, the auditor should first evaluate their nature and causes. For statistical evaluation...","2, 1",handled_by_epic_214_model_test_output,epic_214_scope,Model/test-statistic style output belongs to Epic #214 verification track.,notebooks/support/hypothesis-testing/support.html
calc.hyp.0660,hyp,Hypothesis Testing,hypothesis-testing.tex,746,"If $M_U$ is not within the critical region, the null hypothesis cannot be rejected; however, this does not automatically mean that the alternative hypothesis is true. In this case, it is usually best to first discuss ...","2, 100000, 300000, 145, 746",handled_by_epic_214_model_test_output,epic_214_scope,Model/test-statistic style output belongs to Epic #214 verification track.,notebooks/support/hypothesis-testing/support.html
calc.hyp.0661,hyp,Hypothesis Testing,hypothesis-testing.tex,762,\input{generated/workshop-output/exercise-4-1-1},"4, 1, 1",static_theoretical_or_illustrative,intentional_manual,Line contains numeric content but no compute-signal pattern.,notebooks/support/hypothesis-testing/support.html
calc.hyp.0662,hyp,Hypothesis Testing,hypothesis-testing.tex,763,\input{generated/workshop-output/exercise-4-1-2},"4, 1, 2",static_theoretical_or_illustrative,intentional_manual,Line contains numeric content but no compute-signal pattern.,notebooks/support/hypothesis-testing/support.html
calc.hyp.0663,hyp,Hypothesis Testing,hypothesis-testing.tex,764,\input{generated/workshop-output/exercise-4-1-3},"4, 1, 3",static_theoretical_or_illustrative,intentional_manual,Line contains numeric content but no compute-signal pattern.,notebooks/support/hypothesis-testing/support.html
calc.hyp.0664,hyp,Hypothesis Testing,hypothesis-testing.tex,775,\input{generated/workshop-output/exercise-4-2-1},"4, 2, 1",static_theoretical_or_illustrative,intentional_manual,Line contains numeric content but no compute-signal pattern.,notebooks/support/hypothesis-testing/support.html
calc.hyp.0665,hyp,Hypothesis Testing,hypothesis-testing.tex,784,\input{generated/workshop-output/exercise-4-3-1},"4, 3, 1",static_theoretical_or_illustrative,intentional_manual,Line contains numeric content but no compute-signal pattern.,notebooks/support/hypothesis-testing/support.html
calc.hyp.0666,hyp,Hypothesis Testing,hypothesis-testing.tex,793,\input{generated/workshop-output/exercise-4-4-1},"4, 4, 1",static_theoretical_or_illustrative,intentional_manual,Line contains numeric content but no compute-signal pattern.,notebooks/support/hypothesis-testing/support.html
calc.hyp.0667,hyp,Hypothesis Testing,hypothesis-testing.tex,805,\input{generated/workshop-output/exercise-4-5-1},"4, 5, 1",static_theoretical_or_illustrative,intentional_manual,Line contains numeric content but no compute-signal pattern.,notebooks/support/hypothesis-testing/support.html
calc.hyp.0668,hyp,Hypothesis Testing,hypothesis-testing.tex,806,\input{generated/workshop-output/exercise-4-5-2},"4, 5, 2",static_theoretical_or_illustrative,intentional_manual,Line contains numeric content but no compute-signal pattern.,notebooks/support/hypothesis-testing/support.html
calc.hyp.0669,hyp,Hypothesis Testing,hypothesis-testing.tex,807,\input{generated/workshop-output/exercise-4-5-3},"4, 5, 3",static_theoretical_or_illustrative,intentional_manual,Line contains numeric content but no compute-signal pattern.,notebooks/support/hypothesis-testing/support.html
calc.hyp.0670,hyp,Hypothesis Testing,hypothesis-testing.tex,821,\input{generated/workshop-output/exercise-4-6-1},"4, 6, 1",static_theoretical_or_illustrative,intentional_manual,Line contains numeric content but no compute-signal pattern.,notebooks/support/hypothesis-testing/support.html
calc.hyp.0671,hyp,Hypothesis Testing,hypothesis-testing.tex,822,\input{generated/workshop-output/exercise-4-6-2},"4, 6, 2",static_theoretical_or_illustrative,intentional_manual,Line contains numeric content but no compute-signal pattern.,notebooks/support/hypothesis-testing/support.html
calc.hyp.0672,hyp,Hypothesis Testing,hypothesis-testing.tex,823,\input{generated/workshop-output/exercise-4-6-3},"4, 6, 3",static_theoretical_or_illustrative,intentional_manual,Line contains numeric content but no compute-signal pattern.,notebooks/support/hypothesis-testing/support.html
calc.hyp.0673,hyp,Hypothesis Testing,hypothesis-testing.tex,835,\input{generated/workshop-output/exercise-4-7-1},"4, 7, 1",static_theoretical_or_illustrative,intentional_manual,Line contains numeric content but no compute-signal pattern.,notebooks/support/hypothesis-testing/support.html
calc.hyp.0674,hyp,Hypothesis Testing,hypothesis-testing.tex,836,\input{generated/workshop-output/exercise-4-7-2},"4, 7, 2",static_theoretical_or_illustrative,intentional_manual,Line contains numeric content but no compute-signal pattern.,notebooks/support/hypothesis-testing/support.html
calc.hyp.0675,hyp,Hypothesis Testing,hypothesis-testing.tex,837,\input{generated/workshop-output/exercise-4-7-3},"4, 7, 3",static_theoretical_or_illustrative,intentional_manual,Line contains numeric content but no compute-signal pattern.,notebooks/support/hypothesis-testing/support.html
calc.hyp.0676,hyp,Hypothesis Testing,hypothesis-testing.tex,846,\input{generated/workshop-output/exercise-4-8-1},"4, 8, 1",static_theoretical_or_illustrative,intentional_manual,Line contains numeric content but no compute-signal pattern.,notebooks/support/hypothesis-testing/support.html
calc.hyp.0677,hyp,Hypothesis Testing,hypothesis-testing.tex,847,\input{generated/workshop-output/exercise-4-8-2},"4, 8, 2",static_theoretical_or_illustrative,intentional_manual,Line contains numeric content but no compute-signal pattern.,notebooks/support/hypothesis-testing/support.html
calc.hyp.0678,hyp,Hypothesis Testing,hypothesis-testing.tex,848,\input{generated/workshop-output/exercise-4-8-3},"4, 8, 3",static_theoretical_or_illustrative,intentional_manual,Line contains numeric content but no compute-signal pattern.,notebooks/support/hypothesis-testing/support.html
calc.hyp.0679,hyp,Hypothesis Testing,hypothesis-testing.tex,849,\input{generated/workshop-output/exercise-4-8-4},"4, 8, 4",static_theoretical_or_illustrative,intentional_manual,Line contains numeric content but no compute-signal pattern.,notebooks/support/hypothesis-testing/support.html
calc.hyp.0680,hyp,Hypothesis Testing,hypothesis-testing.tex,850,\input{generated/workshop-output/exercise-4-8-5},"4, 8, 5",static_theoretical_or_illustrative,intentional_manual,Line contains numeric content but no compute-signal pattern.,notebooks/support/hypothesis-testing/support.html
calc.hyp.0681,hyp,Hypothesis Testing,hypothesis-testing.tex,851,\input{generated/workshop-output/exercise-4-8-6},"4, 8, 6",static_theoretical_or_illustrative,intentional_manual,Line contains numeric content but no compute-signal pattern.,notebooks/support/hypothesis-testing/support.html
calc.hyp.0682,hyp,Hypothesis Testing,hypothesis-testing.tex,852,\input{generated/workshop-output/exercise-4-8-7},"4, 8, 7",static_theoretical_or_illustrative,intentional_manual,Line contains numeric content but no compute-signal pattern.,notebooks/support/hypothesis-testing/support.html
calc.hyp.0683,hyp,Hypothesis Testing,hypothesis-testing.tex,864,\input{generated/workshop-output/exercise-4-9-1},"4, 9, 1",static_theoretical_or_illustrative,intentional_manual,Line contains numeric content but no compute-signal pattern.,notebooks/support/hypothesis-testing/support.html
calc.hyp.0684,hyp,Hypothesis Testing,hypothesis-testing.tex,873,\input{generated/workshop-output/exercise-4-10-1},"4, 10, 1",static_theoretical_or_illustrative,intentional_manual,Line contains numeric content but no compute-signal pattern.,notebooks/support/hypothesis-testing/support.html
calc.hyp.0685,hyp,Hypothesis Testing,hypothesis-testing.tex,874,\input{generated/workshop-output/exercise-4-10-2},"4, 10, 2",static_theoretical_or_illustrative,intentional_manual,Line contains numeric content but no compute-signal pattern.,notebooks/support/hypothesis-testing/support.html
calc.hyp.0686,hyp,Hypothesis Testing,hypothesis-testing.tex,889,\input{generated/workshop-output-python/exercise-4-1-1},"4, 1, 1",static_theoretical_or_illustrative,intentional_manual,Line contains numeric content but no compute-signal pattern.,notebooks/support/hypothesis-testing/support.html
calc.hyp.0687,hyp,Hypothesis Testing,hypothesis-testing.tex,890,\input{generated/workshop-output-python/exercise-4-1-2},"4, 1, 2",static_theoretical_or_illustrative,intentional_manual,Line contains numeric content but no compute-signal pattern.,notebooks/support/hypothesis-testing/support.html
calc.hyp.0688,hyp,Hypothesis Testing,hypothesis-testing.tex,891,\input{generated/workshop-output-python/exercise-4-1-3},"4, 1, 3",static_theoretical_or_illustrative,intentional_manual,Line contains numeric content but no compute-signal pattern.,notebooks/support/hypothesis-testing/support.html
calc.hyp.0689,hyp,Hypothesis Testing,hypothesis-testing.tex,900,\input{generated/workshop-output-python/exercise-4-2-1},"4, 2, 1",static_theoretical_or_illustrative,intentional_manual,Line contains numeric content but no compute-signal pattern.,notebooks/support/hypothesis-testing/support.html
calc.hyp.0690,hyp,Hypothesis Testing,hypothesis-testing.tex,909,\input{generated/workshop-output-python/exercise-4-3-1},"4, 3, 1",static_theoretical_or_illustrative,intentional_manual,Line contains numeric content but no compute-signal pattern.,notebooks/support/hypothesis-testing/support.html
calc.hyp.0691,hyp,Hypothesis Testing,hypothesis-testing.tex,918,\input{generated/workshop-output-python/exercise-4-4-1},"4, 4, 1",static_theoretical_or_illustrative,intentional_manual,Line contains numeric content but no compute-signal pattern.,notebooks/support/hypothesis-testing/support.html
calc.hyp.0692,hyp,Hypothesis Testing,hypothesis-testing.tex,927,\input{generated/workshop-output-python/exercise-4-5-1},"4, 5, 1",static_theoretical_or_illustrative,intentional_manual,Line contains numeric content but no compute-signal pattern.,notebooks/support/hypothesis-testing/support.html
calc.hyp.0693,hyp,Hypothesis Testing,hypothesis-testing.tex,928,\input{generated/workshop-output-python/exercise-4-5-2},"4, 5, 2",static_theoretical_or_illustrative,intentional_manual,Line contains numeric content but no compute-signal pattern.,notebooks/support/hypothesis-testing/support.html
calc.hyp.0694,hyp,Hypothesis Testing,hypothesis-testing.tex,929,\input{generated/workshop-output-python/exercise-4-5-3},"4, 5, 3",static_theoretical_or_illustrative,intentional_manual,Line contains numeric content but no compute-signal pattern.,notebooks/support/hypothesis-testing/support.html
calc.hyp.0695,hyp,Hypothesis Testing,hypothesis-testing.tex,938,\input{generated/workshop-output-python/exercise-4-6-1},"4, 6, 1",static_theoretical_or_illustrative,intentional_manual,Line contains numeric content but no compute-signal pattern.,notebooks/support/hypothesis-testing/support.html
calc.hyp.0696,hyp,Hypothesis Testing,hypothesis-testing.tex,939,\input{generated/workshop-output-python/exercise-4-6-2},"4, 6, 2",static_theoretical_or_illustrative,intentional_manual,Line contains numeric content but no compute-signal pattern.,notebooks/support/hypothesis-testing/support.html
calc.hyp.0697,hyp,Hypothesis Testing,hypothesis-testing.tex,940,\input{generated/workshop-output-python/exercise-4-6-3},"4, 6, 3",static_theoretical_or_illustrative,intentional_manual,Line contains numeric content but no compute-signal pattern.,notebooks/support/hypothesis-testing/support.html
calc.hyp.0698,hyp,Hypothesis Testing,hypothesis-testing.tex,949,\input{generated/workshop-output-python/exercise-4-7-1},"4, 7, 1",static_theoretical_or_illustrative,intentional_manual,Line contains numeric content but no compute-signal pattern.,notebooks/support/hypothesis-testing/support.html
calc.hyp.0699,hyp,Hypothesis Testing,hypothesis-testing.tex,950,\input{generated/workshop-output-python/exercise-4-7-2},"4, 7, 2",static_theoretical_or_illustrative,intentional_manual,Line contains numeric content but no compute-signal pattern.,notebooks/support/hypothesis-testing/support.html
calc.hyp.0700,hyp,Hypothesis Testing,hypothesis-testing.tex,951,\input{generated/workshop-output-python/exercise-4-7-3},"4, 7, 3",static_theoretical_or_illustrative,intentional_manual,Line contains numeric content but no compute-signal pattern.,notebooks/support/hypothesis-testing/support.html
calc.hyp.0701,hyp,Hypothesis Testing,hypothesis-testing.tex,960,\input{generated/workshop-output-python/exercise-4-8-1},"4, 8, 1",static_theoretical_or_illustrative,intentional_manual,Line contains numeric content but no compute-signal pattern.,notebooks/support/hypothesis-testing/support.html
calc.hyp.0702,hyp,Hypothesis Testing,hypothesis-testing.tex,961,\input{generated/workshop-output-python/exercise-4-8-2},"4, 8, 2",static_theoretical_or_illustrative,intentional_manual,Line contains numeric content but no compute-signal pattern.,notebooks/support/hypothesis-testing/support.html
calc.hyp.0703,hyp,Hypothesis Testing,hypothesis-testing.tex,962,\input{generated/workshop-output-python/exercise-4-8-3},"4, 8, 3",static_theoretical_or_illustrative,intentional_manual,Line contains numeric content but no compute-signal pattern.,notebooks/support/hypothesis-testing/support.html
calc.hyp.0704,hyp,Hypothesis Testing,hypothesis-testing.tex,963,\input{generated/workshop-output-python/exercise-4-8-4},"4, 8, 4",static_theoretical_or_illustrative,intentional_manual,Line contains numeric content but no compute-signal pattern.,notebooks/support/hypothesis-testing/support.html
calc.hyp.0705,hyp,Hypothesis Testing,hypothesis-testing.tex,964,\input{generated/workshop-output-python/exercise-4-8-5},"4, 8, 5",static_theoretical_or_illustrative,intentional_manual,Line contains numeric content but no compute-signal pattern.,notebooks/support/hypothesis-testing/support.html
calc.hyp.0706,hyp,Hypothesis Testing,hypothesis-testing.tex,965,\input{generated/workshop-output-python/exercise-4-8-6},"4, 8, 6",static_theoretical_or_illustrative,intentional_manual,Line contains numeric content but no compute-signal pattern.,notebooks/support/hypothesis-testing/support.html
calc.hyp.0707,hyp,Hypothesis Testing,hypothesis-testing.tex,966,\input{generated/workshop-output-python/exercise-4-8-7},"4, 8, 7",static_theoretical_or_illustrative,intentional_manual,Line contains numeric content but no compute-signal pattern.,notebooks/support/hypothesis-testing/support.html
calc.hyp.0708,hyp,Hypothesis Testing,hypothesis-testing.tex,975,\input{generated/workshop-output-python/exercise-4-9-1},"4, 9, 1",static_theoretical_or_illustrative,intentional_manual,Line contains numeric content but no compute-signal pattern.,notebooks/support/hypothesis-testing/support.html
calc.hyp.0709,hyp,Hypothesis Testing,hypothesis-testing.tex,984,\input{generated/workshop-output-python/exercise-4-10-1},"4, 10, 1",static_theoretical_or_illustrative,intentional_manual,Line contains numeric content but no compute-signal pattern.,notebooks/support/hypothesis-testing/support.html
calc.hyp.0710,hyp,Hypothesis Testing,hypothesis-testing.tex,985,\input{generated/workshop-output-python/exercise-4-10-2},"4, 10, 2",static_theoretical_or_illustrative,intentional_manual,Line contains numeric content but no compute-signal pattern.,notebooks/support/hypothesis-testing/support.html
calc.reg.0711,reg,Regression Analysis,regression-analysis.tex,732,\input{generated/worked-calculations/reg-summary-mod0-rows},,must_be_generated_from_support_notebook,generated_snippet_linked,Line links to generated worked-calculation snippet path.,notebooks/support/regression-analysis/support.html
calc.reg.0712,reg,Regression Analysis,regression-analysis.tex,822,\input{generated/worked-calculations/reg-summary-mod1-rows},,must_be_generated_from_support_notebook,generated_snippet_linked,Line links to generated worked-calculation snippet path.,notebooks/support/regression-analysis/support.html
calc.reg.0713,reg,Regression Analysis,regression-analysis.tex,855,\input{generated/worked-calculations/reg-summary-mod2-rows},,must_be_generated_from_support_notebook,generated_snippet_linked,Line links to generated worked-calculation snippet path.,notebooks/support/regression-analysis/support.html
calc.reg.0714,reg,Regression Analysis,regression-analysis.tex,1364,\input{generated/worked-calculations/reg-summary-mod3-rows},,must_be_generated_from_support_notebook,generated_snippet_linked,Line links to generated worked-calculation snippet path.,notebooks/support/regression-analysis/support.html
calc.reg.0715,reg,Regression Analysis,regression-analysis.tex,1778,\input{generated/worked-calculations/reg-inline-linked-values},,must_be_generated_from_support_notebook,generated_snippet_linked,Line links to generated worked-calculation snippet path.,notebooks/support/regression-analysis/support.html
calc.reg.0716,reg,Regression Analysis,regression-analysis.tex,1989,\input{generated/worked-calculations/reg-summary-mod4-rows},,must_be_generated_from_support_notebook,generated_snippet_linked,Line links to generated worked-calculation snippet path.,notebooks/support/regression-analysis/support.html
calc.reg.0717,reg,Regression Analysis,regression-analysis.tex,2024,\input{generated/worked-calculations/reg-summary-mod5-rows},,must_be_generated_from_support_notebook,generated_snippet_linked,Line links to generated worked-calculation snippet path.,notebooks/support/regression-analysis/support.html
calc.reg.0718,reg,Regression Analysis,regression-analysis.tex,2417,\input{generated/worked-calculations/reg-annual-expectation-interval},,must_be_generated_from_support_notebook,generated_snippet_linked,Line links to generated worked-calculation snippet path.,notebooks/support/regression-analysis/support.html
calc.reg.0719,reg,Regression Analysis,regression-analysis.tex,2494,\input{generated/worked-calculations/reg-annual-assurance},,must_be_generated_from_support_notebook,generated_snippet_linked,Line links to generated worked-calculation snippet path.,notebooks/support/regression-analysis/support.html
calc.reg.0720,reg,Regression Analysis,regression-analysis.tex,2525,\input{generated/worked-calculations/reg-annual-decision-bounds},,must_be_generated_from_support_notebook,generated_snippet_linked,Line links to generated worked-calculation snippet path.,notebooks/support/regression-analysis/support.html
calc.reg.0721,reg,Regression Analysis,regression-analysis.tex,58,\item Evaluating whether recorded 2014 revenue is consistent with expectations and within acceptable variance.,2014,static_theoretical_or_illustrative,intentional_manual,Numeric reference appears contextual rather than a computed manuscript result.,notebooks/support/regression-analysis/support.html
calc.reg.0722,reg,Regression Analysis,regression-analysis.tex,64,Figure \ref{fig:H7_ussteamco_estimation_holdout} shows the monthly revenue and production data used in the case. The observations from 2011 to 2013 form the estimation period; the observations from 2014 form the hold-...,"2011, 2013, 2014",static_theoretical_or_illustrative,intentional_manual,Context appears referential/illustrative without explicit computation operator.,notebooks/support/regression-analysis/support.html
calc.reg.0723,reg,Regression Analysis,regression-analysis.tex,151,y = \beta_0 + \beta_1x + \epsilon,"0, 1",must_be_checked_against_support_notebook,checked_in_support_output,Numeric token(s) found in chapter support notebook output.,notebooks/support/regression-analysis/support.html
calc.reg.0724,reg,Regression Analysis,regression-analysis.tex,156,"Variable $y$ on the left-hand side of the equation is the conditional mean of the variable under analysis, or the dependent variable. Variable $x$ on the right side represents the independent variable. The relationshi...","1, 1",static_theoretical_or_illustrative,intentional_manual,Numeric reference appears contextual rather than a computed manuscript result.,notebooks/support/regression-analysis/support.html
calc.reg.0725,reg,Regression Analysis,regression-analysis.tex,336,y = \beta_0 + \beta_1x + \epsilon,"0, 1",must_be_checked_against_support_notebook,checked_in_support_output,Numeric token(s) found in chapter support notebook output.,notebooks/support/regression-analysis/support.html
calc.reg.0726,reg,Regression Analysis,regression-analysis.tex,352,"A requirement that is often overlooked is that the observations of $y$ and $x$ used to estimate the coefficients $\beta_0$ and $\beta_1$ are randomly obtained. Particularly in time-series analysis, it may be difficult...","0, 1",static_theoretical_or_illustrative,intentional_manual,Numeric reference appears contextual rather than a computed manuscript result.,notebooks/support/regression-analysis/support.html
calc.reg.0727,reg,Regression Analysis,regression-analysis.tex,377,"This requirement is quite technical, and we usually do not have to worry about it. First, it is needed to ensure that the estimators of $\beta_0$ and $\beta_1$ are unbiased. The requirement that the errors $\epsilon$ ...","0, 1, 0",must_be_checked_against_support_notebook,checked_in_support_output,Numeric token(s) found in chapter support notebook output.,notebooks/support/regression-analysis/support.html
calc.reg.0728,reg,Regression Analysis,regression-analysis.tex,382,E(y | x) = \beta_0 + \beta_1x,"0, 1",must_be_checked_against_support_notebook,checked_in_support_output,Numeric token(s) found in chapter support notebook output.,notebooks/support/regression-analysis/support.html
calc.reg.0729,reg,Regression Analysis,regression-analysis.tex,549,"For time-series data, this split is straightforward: we use prior year(s) data for the estimation set to develop the model. The model is then used to make expectations for the current year, where the current-year data...","2011, 2013, 2014",static_theoretical_or_illustrative,intentional_manual,Context appears referential/illustrative without explicit computation operator.,notebooks/support/regression-analysis/support.html
calc.reg.0730,reg,Regression Analysis,regression-analysis.tex,553,"When we analyze cross-sectional data from similar entities, such as retail outlets or stores, the data can be split into an estimation set and a hold-out set based on random sampling or structural characteristics. In ...","90, 60, 30",must_be_checked_against_support_notebook,checked_in_support_output,Numeric token(s) found in chapter support notebook output.,notebooks/support/regression-analysis/support.html
calc.reg.0731,reg,Regression Analysis,regression-analysis.tex,615,\ttblue{mod.2} & Extension of \ttblue{mod.1} that includes interaction terms to capture differential effects in summer and non-summer periods. & \ref{sub:disaggregation_ch07}\\,"2, 1, 7",must_be_generated_from_support_notebook,migration_required,Dense numeric row detected; strict policy requires generated linkage instead of hard-coded table/prose values.,notebooks/support/regression-analysis/support.html
calc.reg.0732,reg,Regression Analysis,regression-analysis.tex,643,y = \beta_0 + \beta_1x + \epsilon,"0, 1",must_be_checked_against_support_notebook,checked_in_support_output,Numeric token(s) found in chapter support notebook output.,notebooks/support/regression-analysis/support.html
calc.reg.0733,reg,Regression Analysis,regression-analysis.tex,655,\hat{y} = b_0 + b_1 x,"0, 1",must_be_checked_against_support_notebook,checked_in_support_output,Numeric token(s) found in chapter support notebook output.,notebooks/support/regression-analysis/support.html
calc.reg.0734,reg,Regression Analysis,regression-analysis.tex,661,\hspace*{1.2cm}\=\hspace*{0.4cm}\=\hspace*{0.2cm}\= \kill,"1.2, 0.4, 0.2",must_be_checked_against_support_notebook,checked_in_support_output,Numeric token(s) found in chapter support notebook output.,notebooks/support/regression-analysis/support.html
calc.reg.0735,reg,Regression Analysis,regression-analysis.tex,678,"Hence, the slope coefficient $b_1$ is a sample statistic and estimate of the slope coefficient $\beta_1$ of the (unknown) population.","1, 1",static_theoretical_or_illustrative,intentional_manual,Numeric reference appears contextual rather than a computed manuscript result.,notebooks/support/regression-analysis/support.html
calc.reg.0736,reg,Regression Analysis,regression-analysis.tex,680,"Similarly, the constant term $b_0$ in the equation represents a sample statistic that is an estimate of the population constant $\beta_0$.","0, 0",static_theoretical_or_illustrative,intentional_manual,Numeric reference appears contextual rather than a computed manuscript result.,notebooks/support/regression-analysis/support.html
calc.reg.0737,reg,Regression Analysis,regression-analysis.tex,686,b_1 = \frac{\sum{xy} - n \bar{x} \bar{y}}{(n - 1) s^2_x},"1, 1, 2",must_be_checked_against_support_notebook,checked_in_support_output,Numeric token(s) found in chapter support notebook output.,notebooks/support/regression-analysis/support.html
calc.reg.0738,reg,Regression Analysis,regression-analysis.tex,693,b_0 = \bar{y} - b_1 \bar{x},"0, 1",must_be_checked_against_support_notebook,checked_in_support_output,Numeric token(s) found in chapter support notebook output.,notebooks/support/regression-analysis/support.html
calc.reg.0739,reg,Regression Analysis,regression-analysis.tex,712,The estimated values are $b_0 = \RegModZeroIntercept$ for the intercept and $b_1 = \RegModZeroSlope$ for the slope.\footnote{The calculation of the coefficients is shown in Exercise \ref{ex:modelling_mod0}.} Replacing...,"0, 1",must_be_checked_against_support_notebook,checked_in_support_output,Numeric token(s) found in chapter support notebook output.,notebooks/support/regression-analysis/support.html
calc.reg.0740,reg,Regression Analysis,regression-analysis.tex,719,This shows that the company earns \$\RegModZeroSlope in revenue for every additional thousand pounds of steam produced. We also observe that the \hlblue{coefficient of determination}\index{coefficient of determination...,"2, 2, 0",static_theoretical_or_illustrative,intentional_manual,Line contains numeric content but no compute-signal pattern.,notebooks/support/regression-analysis/support.html
calc.reg.0741,reg,Regression Analysis,regression-analysis.tex,724,\begin{tabularx}{\textwidth}{X Z{2cm} Z{2cm} Z{1.5cm} Z{1.5cm}},"2, 2, 1.5, 1.5",static_theoretical_or_illustrative,intentional_manual,Line contains numeric content but no compute-signal pattern.,notebooks/support/regression-analysis/support.html
calc.reg.0742,reg,Regression Analysis,regression-analysis.tex,750,y = \beta_0 + \beta_1x_1+ \ldots + \beta_kx_k+ \epsilon,"0, 1, 1",must_be_checked_against_support_notebook,checked_in_support_output,Numeric token(s) found in chapter support notebook output.,notebooks/support/regression-analysis/support.html
calc.reg.0743,reg,Regression Analysis,regression-analysis.tex,756,"In practice, it is not always easy to determine which variables should be considered for inclusion in a model or to obtain their data. When we are fortunate enough to have data for all potentially relevant independent...","10, 20, 30, 36",must_be_checked_against_support_notebook,checked_in_support_output,Numeric token(s) found in chapter support notebook output.,notebooks/support/regression-analysis/support.html
calc.reg.0744,reg,Regression Analysis,regression-analysis.tex,785,revenue    &  1.0000 &  0.6298 & -0.1304 &  0.6541 \\,"1.0000, 0.6298, 0.1304, 0.6541",must_be_generated_from_support_notebook,migration_required,Dense numeric row detected; strict policy requires generated linkage instead of hard-coded table/prose values.,notebooks/support/regression-analysis/support.html
calc.reg.0745,reg,Regression Analysis,regression-analysis.tex,786,production &  0.6298 &  1.0000 &  0.5788 & -0.0487 \\,"0.6298, 1.0000, 0.5788, 0.0487",must_be_generated_from_support_notebook,migration_required,Dense numeric row detected; strict policy requires generated linkage instead of hard-coded table/prose values.,notebooks/support/regression-analysis/support.html
calc.reg.0746,reg,Regression Analysis,regression-analysis.tex,787,coolDD     & -0.1304 &  0.5788 &  1.0000 & -0.7248 \\,"0.1304, 0.5788, 1.0000, 0.7248",must_be_generated_from_support_notebook,migration_required,Dense numeric row detected; strict policy requires generated linkage instead of hard-coded table/prose values.,notebooks/support/regression-analysis/support.html
calc.reg.0747,reg,Regression Analysis,regression-analysis.tex,788,heatDD     &  0.6541 & -0.0487 & -0.7248 &  1.0000 \\,"0.6541, 0.0487, 0.7248, 1.0000",must_be_generated_from_support_notebook,migration_required,Dense numeric row detected; strict policy requires generated linkage instead of hard-coded table/prose values.,notebooks/support/regression-analysis/support.html
calc.reg.0748,reg,Regression Analysis,regression-analysis.tex,810,Adding the additional variables \texttt{coolDD} and \texttt{heatDD} has improved the fit of the model. The residual standard deviation decreased from \footnote{See Exercises \ref{ex:modelling_mod0} and \ref{ex:modelli...,"1, 0, 1, 2, 1, 1",must_be_generated_from_support_notebook,migration_required,Dense numeric row detected; strict policy requires generated linkage instead of hard-coded table/prose values.,notebooks/support/regression-analysis/support.html
calc.reg.0749,reg,Regression Analysis,regression-analysis.tex,835,"Closer inspection of the data reveals two distinct groups, identified by the \ttblue{summer} variable. Figure \ref{fig:H7_scat_rev2} shows a scatter plot of production and revenue, with two separate regression lines. ...","0, 1",must_be_checked_against_support_notebook,checked_in_support_output,Numeric token(s) found in chapter support notebook output.,notebooks/support/regression-analysis/support.html
calc.reg.0750,reg,Regression Analysis,regression-analysis.tex,863,"Remember that the interaction variable \ttblue{summer} takes on values of 0 or 1. In winter months, \ttblue{summer = 0}, and the regression model reduces to:","0, 1, 0",must_be_checked_against_support_notebook,checked_in_support_output,Numeric token(s) found in chapter support notebook output.,notebooks/support/regression-analysis/support.html
calc.reg.0751,reg,Regression Analysis,regression-analysis.tex,866,\text{revenue} = \beta_0 + \beta_1 \cdot \text{production} + \beta_2 \cdot \text{coolDD} + \beta_3 \cdot \text{heatDD} + \epsilon,"0, 1, 2, 3",must_be_checked_against_support_notebook,checked_in_support_output,Numeric token(s) found in chapter support notebook output.,notebooks/support/regression-analysis/support.html
calc.reg.0752,reg,Regression Analysis,regression-analysis.tex,872,"\text{revenue} = 467,201 + 34.26 \cdot \text{production} -120,941 \cdot \text{coolDD} + 1,495 \cdot \text{heatDD}","467201, 34.26, 120941, 1495",must_be_generated_from_support_notebook,migration_required,Compute-style manuscript line not yet verifiable from support output snapshot.,notebooks/support/regression-analysis/support.html
calc.reg.0753,reg,Regression Analysis,regression-analysis.tex,875,"For the summer months, when \ttblue{summer = 1}, the interaction terms apply, and they adjust the intercept and the predictors. The \ttblue{intercept} of 467,201 is adjusted upward by 4,923,031 to 5,390,232, the produ...","1, 467201, 4923031, 5390232, 34.26, 23.63, 10.63, 120941, 124446, 3505, 1495, 13340, 11845",must_be_generated_from_support_notebook,migration_required,Dense numeric row detected; strict policy requires generated linkage instead of hard-coded table/prose values.,notebooks/support/regression-analysis/support.html
calc.reg.0754,reg,Regression Analysis,regression-analysis.tex,878,"\text{revenue} = 5,390,232 + 10.63 \cdot \text{production} + 3,505 \cdot \text{coolDD} -11,845 \cdot \text{heatDD}","5390232, 10.63, 3505, 11845",must_be_generated_from_support_notebook,migration_required,Compute-style manuscript line not yet verifiable from support output snapshot.,notebooks/support/regression-analysis/support.html
calc.reg.0755,reg,Regression Analysis,regression-analysis.tex,917,"Both the dependent variable \(y\) and the independent variables \(x_1,\ldots,x_k\) can be transformed. Transformations are commonly used to improve the suitability of a regression model. Depending on the circumstances...",1,static_theoretical_or_illustrative,intentional_manual,Numeric reference appears contextual rather than a computed manuscript result.,notebooks/support/regression-analysis/support.html
calc.reg.0756,reg,Regression Analysis,regression-analysis.tex,927,\ln(y) & \text{if } \lambda = 0,0,must_be_checked_against_support_notebook,checked_in_support_output,Numeric token(s) found in chapter support notebook output.,notebooks/support/regression-analysis/support.html
calc.reg.0757,reg,Regression Analysis,regression-analysis.tex,931,"In this formula, \(y\) represents the original observation and \(\lambda\) is the transformation parameter. The transformed value is denoted by \(y(\lambda)\). As \(\lambda\) approaches zero, the transformation conver...",1,must_be_checked_against_support_notebook,checked_in_support_output,Numeric token(s) found in chapter support notebook output.,notebooks/support/regression-analysis/support.html
calc.reg.0758,reg,Regression Analysis,regression-analysis.tex,941,\paragraph{\(\lambda = -1\):},1,must_be_checked_against_support_notebook,checked_in_support_output,Numeric token(s) found in chapter support notebook output.,notebooks/support/regression-analysis/support.html
calc.reg.0759,reg,Regression Analysis,regression-analysis.tex,945,y(\lambda)=1-\frac{1}{y}.,"1, 1",must_be_checked_against_support_notebook,checked_in_support_output,Numeric token(s) found in chapter support notebook output.,notebooks/support/regression-analysis/support.html
calc.reg.0760,reg,Regression Analysis,regression-analysis.tex,950,\paragraph{\(\lambda = -0.5\):},0.5,must_be_generated_from_support_notebook,migration_required,Compute-style manuscript line not yet verifiable from support output snapshot.,notebooks/support/regression-analysis/support.html
calc.reg.0761,reg,Regression Analysis,regression-analysis.tex,954,y(\lambda)=2\left(1-\frac{1}{\sqrt{y}}\right).,"2, 1, 1",must_be_checked_against_support_notebook,checked_in_support_output,Numeric token(s) found in chapter support notebook output.,notebooks/support/regression-analysis/support.html
calc.reg.0762,reg,Regression Analysis,regression-analysis.tex,959,\paragraph{\(\lambda = 0\):},0,must_be_checked_against_support_notebook,checked_in_support_output,Numeric token(s) found in chapter support notebook output.,notebooks/support/regression-analysis/support.html
calc.reg.0763,reg,Regression Analysis,regression-analysis.tex,968,\paragraph{\(\lambda = 0.5\):},0.5,must_be_generated_from_support_notebook,migration_required,Compute-style manuscript line not yet verifiable from support output snapshot.,notebooks/support/regression-analysis/support.html
calc.reg.0764,reg,Regression Analysis,regression-analysis.tex,972,y(\lambda)=2(\sqrt{y}-1).,"2, 1",must_be_checked_against_support_notebook,checked_in_support_output,Numeric token(s) found in chapter support notebook output.,notebooks/support/regression-analysis/support.html
calc.reg.0765,reg,Regression Analysis,regression-analysis.tex,977,\paragraph{\(\lambda = 1\):},1,must_be_checked_against_support_notebook,checked_in_support_output,Numeric token(s) found in chapter support notebook output.,notebooks/support/regression-analysis/support.html
calc.reg.0766,reg,Regression Analysis,regression-analysis.tex,981,y(\lambda)=y-1.,1,must_be_checked_against_support_notebook,checked_in_support_output,Numeric token(s) found in chapter support notebook output.,notebooks/support/regression-analysis/support.html
calc.reg.0767,reg,Regression Analysis,regression-analysis.tex,986,\paragraph{\(\lambda = 2\):},2,must_be_checked_against_support_notebook,checked_in_support_output,Numeric token(s) found in chapter support notebook output.,notebooks/support/regression-analysis/support.html
calc.reg.0768,reg,Regression Analysis,regression-analysis.tex,990,y(\lambda)=\frac{y^2-1}{2}.,"2, 1, 2",must_be_checked_against_support_notebook,checked_in_support_output,Numeric token(s) found in chapter support notebook output.,notebooks/support/regression-analysis/support.html
calc.reg.0769,reg,Regression Analysis,regression-analysis.tex,1017,Standard linear regression & -- & $y = b_0 + b_1x$ & $\hat{y} = b_0 + b_1x$ \\,"0, 1, 0, 1",must_be_generated_from_support_notebook,migration_required,Dense numeric row detected; strict policy requires generated linkage instead of hard-coded table/prose values.,notebooks/support/regression-analysis/support.html
calc.reg.0770,reg,Regression Analysis,regression-analysis.tex,1018,Exponential & ln(y) & $ln(y) = b_0 + b_1x$ & $\hat{y} = e^{b_0 + b_1x}$ \\,"0, 1, 0, 1",must_be_generated_from_support_notebook,migration_required,Dense numeric row detected; strict policy requires generated linkage instead of hard-coded table/prose values.,notebooks/support/regression-analysis/support.html
calc.reg.0771,reg,Regression Analysis,regression-analysis.tex,1019,Quadratic & sqrt(y) & $\sqrt{y} = b_0 + b_1x$ & $\hat{y} = (b_0 + b_1x)^2$ \\,"0, 1, 0, 1, 2",must_be_generated_from_support_notebook,migration_required,Dense numeric row detected; strict policy requires generated linkage instead of hard-coded table/prose values.,notebooks/support/regression-analysis/support.html
calc.reg.0772,reg,Regression Analysis,regression-analysis.tex,1020,Inverse & 1/y & $1/y = b_0 + b_1x$ & $\hat{y} = 1 / (b_0 + b_1x)$ \\,"1, 1, 0, 1, 1, 0, 1",must_be_generated_from_support_notebook,migration_required,Dense numeric row detected; strict policy requires generated linkage instead of hard-coded table/prose values.,notebooks/support/regression-analysis/support.html
calc.reg.0773,reg,Regression Analysis,regression-analysis.tex,1021,Logarithmic & ln(x) & $y = b_0 + b_1ln(x)$ & $\hat{y} = b_0 + b_1ln(x)$ \\,"0, 1, 0, 1",must_be_generated_from_support_notebook,migration_required,Dense numeric row detected; strict policy requires generated linkage instead of hard-coded table/prose values.,notebooks/support/regression-analysis/support.html
calc.reg.0774,reg,Regression Analysis,regression-analysis.tex,1022,"Power & ln(y), ln(x) & $ln(y) = b_0 + b_1ln(x)$ & $\hat{y} = e^{b_0} \cdot x^{b_1}$ \\","0, 1, 0, 1",must_be_generated_from_support_notebook,migration_required,Dense numeric row detected; strict policy requires generated linkage instead of hard-coded table/prose values.,notebooks/support/regression-analysis/support.html
calc.reg.0775,reg,Regression Analysis,regression-analysis.tex,1169,h_i = \frac{1}{n} + \frac{(x_i - \bar{x})^2}{\sum_{j=1}^{n}(x_j - \bar{x})^2},"1, 2, 1, 2",must_be_checked_against_support_notebook,checked_in_support_output,Numeric token(s) found in chapter support notebook output.,notebooks/support/regression-analysis/support.html
calc.reg.0776,reg,Regression Analysis,regression-analysis.tex,1173,"Equation \ref{eq:hat_value} shows that $h_i$ increases as the distance between $x_i$ and $\bar{x}$ increases. Therefore, in simple linear regression high-leverage observations lie outside the normal range of observati...","1, 1, 1, 1",must_be_checked_against_support_notebook,checked_in_support_output,Numeric token(s) found in chapter support notebook output.,notebooks/support/regression-analysis/support.html
calc.reg.0777,reg,Regression Analysis,regression-analysis.tex,1184,e_i^* = \frac{e_i}{s_{e(-i)}\sqrt{1 - h_i}},1,must_be_checked_against_support_notebook,checked_in_support_output,Numeric token(s) found in chapter support notebook output.,notebooks/support/regression-analysis/support.html
calc.reg.0778,reg,Regression Analysis,regression-analysis.tex,1200,"The Studentized residual $e_i^*$ follows a $t$ distribution with $n - k - 2$ degrees of freedom. Be careful, however, to look up all observations with a Studentized residual greater than 2. First, we expect to find ap...","2, 2, 5%, 20, 5%, 1, 0.95, 20, 0.64, 36",must_be_checked_against_support_notebook,checked_in_support_output,Numeric token(s) found in chapter support notebook output.,notebooks/support/regression-analysis/support.html
calc.reg.0779,reg,Regression Analysis,regression-analysis.tex,1215,We can observe in Figure \ref{fig:H7_qqplot} that the unadjusted $p$ value of the largest absolute Studentized residual is multiplied by the number of tests $n = 36$ to arrive at the Bonferroni $p$ value. Since the Bo...,"36, 22",must_be_checked_against_support_notebook,checked_in_support_output,Numeric token(s) found in chapter support notebook output.,notebooks/support/regression-analysis/support.html
calc.reg.0780,reg,Regression Analysis,regression-analysis.tex,1222,D_i = \frac{e_i^{*2}}{k+1}\frac{h_i}{1-h_i},"2, 1, 1",must_be_checked_against_support_notebook,checked_in_support_output,Numeric token(s) found in chapter support notebook output.,notebooks/support/regression-analysis/support.html
calc.reg.0781,reg,Regression Analysis,regression-analysis.tex,1237,"If the cut-off is chosen too low (for example, $D_i > \frac{4}{n-k-1}$), observations with only mild influence may be flagged. This may lead to unnecessary investigation and could result in the removal of observations...","4, 1, 1",must_be_checked_against_support_notebook,checked_in_support_output,Numeric token(s) found in chapter support notebook output.,notebooks/support/regression-analysis/support.html
calc.reg.0782,reg,Regression Analysis,regression-analysis.tex,1239,"As a rule of thumb, observations with a Cook's distance greater than 1 are often considered highly influential and generally warrant investigation. Observations with Cook's distance between 0.5 and 1 may merit review,...","1, 0.5, 1, 0.5",static_theoretical_or_illustrative,intentional_manual,Line contains numeric content but no compute-signal pattern.,notebooks/support/regression-analysis/support.html
calc.reg.0783,reg,Regression Analysis,regression-analysis.tex,1241,"Figure \ref{fig:H7_influenceplot} combines three measures that are commonly used to assess influential observations. The horizontal axis shows the hat-values (leverage), the vertical axis shows the Studentized residua...",2,must_be_checked_against_support_notebook,checked_in_support_output,Numeric token(s) found in chapter support notebook output.,notebooks/support/regression-analysis/support.html
calc.reg.0784,reg,Regression Analysis,regression-analysis.tex,1260,22 & 2012/10 & \textbf{-4.1680952} &          0.2463804 & \textbf{0.448000286} \\,"22, 2012, 10, 4.1680952, 0.2463804, 0.448000286",must_be_generated_from_support_notebook,migration_required,Dense numeric row detected; strict policy requires generated linkage instead of hard-coded table/prose values.,notebooks/support/regression-analysis/support.html
calc.reg.0785,reg,Regression Analysis,regression-analysis.tex,1261,29 & 2013/05 &           0.2155177 & \textbf{0.5187665} & 0.006479471 \\,"29, 2013, 05, 0.2155177, 0.5187665, 0.006479471",must_be_generated_from_support_notebook,migration_required,Dense numeric row detected; strict policy requires generated linkage instead of hard-coded table/prose values.,notebooks/support/regression-analysis/support.html
calc.reg.0786,reg,Regression Analysis,regression-analysis.tex,1262,30 & 2013/06 &           1.3124479 & \textbf{0.4899321} & \textbf{0.201612590} \\,"30, 2013, 06, 1.3124479, 0.4899321, 0.201612590",must_be_generated_from_support_notebook,migration_required,Dense numeric row detected; strict policy requires generated linkage instead of hard-coded table/prose values.,notebooks/support/regression-analysis/support.html
calc.reg.0787,reg,Regression Analysis,regression-analysis.tex,1263,34 & 2013/10 &  \textbf{2.3990931} & \textbf{0.6194744} & \textbf{1.001187652} \\,"34, 2013, 10, 2.3990931, 0.6194744, 1.001187652",must_be_generated_from_support_notebook,migration_required,Dense numeric row detected; strict policy requires generated linkage instead of hard-coded table/prose values.,notebooks/support/regression-analysis/support.html
calc.reg.0788,reg,Regression Analysis,regression-analysis.tex,1264,36 & 2013/12 & \textbf{-2.2533566} &          0.1021413 & 0.063025927 \\,"36, 2013, 12, 2.2533566, 0.1021413, 0.063025927",must_be_generated_from_support_notebook,migration_required,Dense numeric row detected; strict policy requires generated linkage instead of hard-coded table/prose values.,notebooks/support/regression-analysis/support.html
calc.reg.0789,reg,Regression Analysis,regression-analysis.tex,1273,"The observations with the largest absolute Studentized residuals are 22, 34, and 36, whereas the observations with the largest leverage values are 34, 29, and 30. The three most influential observations, as measured b...","22, 34, 36, 34, 29, 30, 34, 22, 30",static_theoretical_or_illustrative,intentional_manual,Context appears referential/illustrative without explicit computation operator.,notebooks/support/regression-analysis/support.html
calc.reg.0790,reg,Regression Analysis,regression-analysis.tex,1299,"In our case, only the October 2012 residual was below the lower threshold $\tau_L$, defined as the 5th percentile of the residual distribution. The adjusted October 2012 revenue is therefore set equal to its fitted va...","2012, 5, 2012, 5",static_theoretical_or_illustrative,intentional_manual,Context appears referential/illustrative without explicit computation operator.,notebooks/support/regression-analysis/support.html
calc.reg.0791,reg,Regression Analysis,regression-analysis.tex,1306,"width=12cm,",12,must_be_checked_against_support_notebook,checked_in_support_output,Numeric token(s) found in chapter support notebook output.,notebooks/support/regression-analysis/support.html
calc.reg.0792,reg,Regression Analysis,regression-analysis.tex,1307,"height=6cm,",6,must_be_checked_against_support_notebook,checked_in_support_output,Numeric token(s) found in chapter support notebook output.,notebooks/support/regression-analysis/support.html
calc.reg.0793,reg,Regression Analysis,regression-analysis.tex,1310,"ymin=-5000000, ymax=2500000,","5000000, 2500000",must_be_generated_from_support_notebook,migration_required,Compute-style manuscript line not yet verifiable from support output snapshot.,notebooks/support/regression-analysis/support.html
calc.reg.0794,reg,Regression Analysis,regression-analysis.tex,1311,"xtick={1,6,...,36},","1, 6, 36",must_be_checked_against_support_notebook,checked_in_support_output,Numeric token(s) found in chapter support notebook output.,notebooks/support/regression-analysis/support.html
calc.reg.0795,reg,Regression Analysis,regression-analysis.tex,1315,/pgf/number format/precision=1,1,must_be_checked_against_support_notebook,checked_in_support_output,Numeric token(s) found in chapter support notebook output.,notebooks/support/regression-analysis/support.html
calc.reg.0796,reg,Regression Analysis,regression-analysis.tex,1317,"xticklabel style={rotate=45},",45,must_be_checked_against_support_notebook,checked_in_support_output,Numeric token(s) found in chapter support notebook output.,notebooks/support/regression-analysis/support.html
calc.reg.0797,reg,Regression Analysis,regression-analysis.tex,1318,"title={Winsorization of Observation 22 (October 2012)},","22, 2012",must_be_checked_against_support_notebook,checked_in_support_output,Numeric token(s) found in chapter support notebook output.,notebooks/support/regression-analysis/support.html
calc.reg.0798,reg,Regression Analysis,regression-analysis.tex,1319,"ytick={-5000000,-2500000,0,2500000},","5000000, 2500000, 0250, 0000",must_be_generated_from_support_notebook,migration_required,Compute-style manuscript line not yet verifiable from support output snapshot.,notebooks/support/regression-analysis/support.html
calc.reg.0799,reg,Regression Analysis,regression-analysis.tex,1320,"enlargelimits=0.1,",0.1,must_be_generated_from_support_notebook,migration_required,Compute-style manuscript line not yet verifiable from support output snapshot.,notebooks/support/regression-analysis/support.html
calc.reg.0800,reg,Regression Analysis,regression-analysis.tex,1324,"\addplot+[only marks, mark=*, mark size=2pt, KPMG_blue] coordinates {",2,must_be_checked_against_support_notebook,checked_in_support_output,Numeric token(s) found in chapter support notebook output.,notebooks/support/regression-analysis/support.html
calc.reg.0801,reg,Regression Analysis,regression-analysis.tex,1325,"(1,-1288215) (2,-608990) (3,-1002086) (4,-725783) (5,47735)","1, 1288215, 2, 608990, 3, 1002086, 4, 725783, 5477, 35",static_theoretical_or_illustrative,intentional_manual,Line contains numeric content but no compute-signal pattern.,notebooks/support/regression-analysis/support.html
calc.reg.0802,reg,Regression Analysis,regression-analysis.tex,1326,"(6,-894259) (7,-1005443) (8,180658) (9,206435) (10,618143)","6, 894259, 7, 1005443, 8180, 658, 9206, 435, 10618, 143",static_theoretical_or_illustrative,intentional_manual,Line contains numeric content but no compute-signal pattern.,notebooks/support/regression-analysis/support.html
calc.reg.0803,reg,Regression Analysis,regression-analysis.tex,1327,"(11,394919) (12,1341802) (13,1334097) (14,338355) (15,-600937)","11394, 919, 12134, 1802, 13133, 4097, 14338, 355, 15, 600937",static_theoretical_or_illustrative,intentional_manual,Line contains numeric content but no compute-signal pattern.,notebooks/support/regression-analysis/support.html
calc.reg.0804,reg,Regression Analysis,regression-analysis.tex,1328,"(16,1275732) (17,-657053) (18,-1038038) (19,-748714) (20,176320)","16127, 5732, 17, 657053, 18, 1038038, 19, 748714, 20176, 320",static_theoretical_or_illustrative,intentional_manual,Line contains numeric content but no compute-signal pattern.,notebooks/support/regression-analysis/support.html
calc.reg.0805,reg,Regression Analysis,regression-analysis.tex,1329,"(21,-390729) (22,-4830879) (23,-490111) (24,2129685) (25,99166)","21, 390729, 22, 4830879, 23, 490111, 24212, 9685, 25991, 66",static_theoretical_or_illustrative,intentional_manual,Line contains numeric content but no compute-signal pattern.,notebooks/support/regression-analysis/support.html
calc.reg.0806,reg,Regression Analysis,regression-analysis.tex,1330,"(26,1851338) (27,1481242) (28,2157458) (29,255669) (30,1555452)","26185, 1338, 27148, 1242, 28215, 7458, 29255, 669, 30155, 5452",static_theoretical_or_illustrative,intentional_manual,Line contains numeric content but no compute-signal pattern.,notebooks/support/regression-analysis/support.html
calc.reg.0807,reg,Regression Analysis,regression-analysis.tex,1331,"(31,911119) (32,899648) (33,501201) (34,2299683) (35,-2421841)","31911, 119, 32899, 648, 33501, 201, 34229, 9683, 35, 2421841",static_theoretical_or_illustrative,intentional_manual,Line contains numeric content but no compute-signal pattern.,notebooks/support/regression-analysis/support.html
calc.reg.0808,reg,Regression Analysis,regression-analysis.tex,1336,"\addplot+[only marks, mark=*, mark size=3pt, KPMG_light_pink] coordinates {(22, -4830879)};","3, 22, 4830879",must_be_checked_against_support_notebook,checked_in_support_output,Numeric token(s) found in chapter support notebook output.,notebooks/support/regression-analysis/support.html
calc.reg.0809,reg,Regression Analysis,regression-analysis.tex,1337,"\node[align=center, below, KPMG_light_pink] at (axis cs:22, -4830879) {Original};","22, 4830879",must_be_checked_against_support_notebook,checked_in_support_output,Numeric token(s) found in chapter support notebook output.,notebooks/support/regression-analysis/support.html
calc.reg.0810,reg,Regression Analysis,regression-analysis.tex,1340,"\addplot+[only marks, mark=*, mark size=3pt, KPMG_light_blue] coordinates {(22, -2421841)};","3, 22, 2421841",must_be_checked_against_support_notebook,checked_in_support_output,Numeric token(s) found in chapter support notebook output.,notebooks/support/regression-analysis/support.html
calc.reg.0811,reg,Regression Analysis,regression-analysis.tex,1341,"\node[align=center, above, KPMG_light_blue] at (axis cs:22, -2421841) {Winsorized};","22, 2421841",must_be_checked_against_support_notebook,checked_in_support_output,Numeric token(s) found in chapter support notebook output.,notebooks/support/regression-analysis/support.html
calc.reg.0812,reg,Regression Analysis,regression-analysis.tex,1344,"\draw[dashed, thick, gray] (axis cs:22,-4830879) -- (axis cs:22,-2421841);","22, 4830879, 22, 2421841",static_theoretical_or_illustrative,intentional_manual,Line contains numeric content but no compute-signal pattern.,notebooks/support/regression-analysis/support.html
calc.reg.0813,reg,Regression Analysis,regression-analysis.tex,1352,"We fit a new model, \ttblue{mod.3}, on the residual-winsorized data. The coefficient estimates of this model are summarized in Table \ref{tab:summary_mod_3} below. Following the AAG guidance (AAG A.63), the results sh...","3, 3, 63, 3, 2.0",must_be_generated_from_support_notebook,migration_required,Dense numeric row detected; strict policy requires generated linkage instead of hard-coded table/prose values.,notebooks/support/regression-analysis/support.html
calc.reg.0814,reg,Regression Analysis,regression-analysis.tex,1382,VIF(x_j) = \frac{1}{1 - r_j^2},"1, 1, 2",must_be_checked_against_support_notebook,checked_in_support_output,Numeric token(s) found in chapter support notebook output.,notebooks/support/regression-analysis/support.html
calc.reg.0815,reg,Regression Analysis,regression-analysis.tex,1386,"High VIF scores, particularly above 10, indicate the presence of multicollinearity and the need for action. If VIF > 10 for a particular predictor $x_j$, this implies that $r_j^2 > 0.9$.","10, 10, 2, 0.9",static_theoretical_or_illustrative,intentional_manual,Line contains numeric content but no compute-signal pattern.,notebooks/support/regression-analysis/support.html
calc.reg.0816,reg,Regression Analysis,regression-analysis.tex,1408,GVIF_j^{1/(2df_j)} = \sqrt{VIF_j}.,"1, 2",must_be_checked_against_support_notebook,checked_in_support_output,Numeric token(s) found in chapter support notebook output.,notebooks/support/regression-analysis/support.html
calc.reg.0817,reg,Regression Analysis,regression-analysis.tex,1414,\sqrt{10} \approx 3.16.,"10, 3.16",must_be_checked_against_support_notebook,checked_in_support_output,Numeric token(s) found in chapter support notebook output.,notebooks/support/regression-analysis/support.html
calc.reg.0818,reg,Regression Analysis,regression-analysis.tex,1417,"Thus, when using the adjusted GVIF scale, values above about 3.16 may indicate substantial multicollinearity. Values well below this threshold do not suggest serious variance inflation.",3.16,static_theoretical_or_illustrative,intentional_manual,Numeric reference appears contextual rather than a computed manuscript result.,notebooks/support/regression-analysis/support.html
calc.reg.0819,reg,Regression Analysis,regression-analysis.tex,1418,"For the \emph{Case: US SteamCo}, the largest VIF in \ttblue{mod.1} is 5.60 (for \ttblue{coolDD}), and the largest adjusted GVIF in \ttblue{mod.3} is 2.47 (also for \ttblue{coolDD}).\footnote{See Exercise \ref{ex:vif}}...","1, 5.60, 3, 2.47",must_be_generated_from_support_notebook,migration_required,Dense numeric row detected; strict policy requires generated linkage instead of hard-coded table/prose values.,notebooks/support/regression-analysis/support.html
calc.reg.0820,reg,Regression Analysis,regression-analysis.tex,1431,"In statistical analysis, the terms \emph{variation} and \emph{variance} are frequently encountered, each carrying distinct implications despite their apparent similarity. While both concepts pertain to the dispersion ...",1,static_theoretical_or_illustrative,intentional_manual,Numeric reference appears contextual rather than a computed manuscript result.,notebooks/support/regression-analysis/support.html
calc.reg.0821,reg,Regression Analysis,regression-analysis.tex,1438,"\draw [->, >=stealth] (0,0) -- (10, 0) node[below] {production};","0, 0, 10, 0",must_be_checked_against_support_notebook,checked_in_support_output,Numeric token(s) found in chapter support notebook output.,notebooks/support/regression-analysis/support.html
calc.reg.0822,reg,Regression Analysis,regression-analysis.tex,1439,"\draw [->, >=stealth] (0,0) -- (0, 5.5) node[left] {revenue};","0, 0, 0, 5.5",must_be_checked_against_support_notebook,checked_in_support_output,Numeric token(s) found in chapter support notebook output.,notebooks/support/regression-analysis/support.html
calc.reg.0823,reg,Regression Analysis,regression-analysis.tex,1441,"\draw (0,1) -- (10, 4.6) node[above] {$\hat{y}$};","0, 1, 10, 4.6",static_theoretical_or_illustrative,intentional_manual,Line contains numeric content but no compute-signal pattern.,notebooks/support/regression-analysis/support.html
calc.reg.0824,reg,Regression Analysis,regression-analysis.tex,1443,"\draw (0, 2.89) [dashed] node[left] {$\bar{y}$} -- (10, 2.89);","0, 2.89, 10, 2.89",static_theoretical_or_illustrative,intentional_manual,Line contains numeric content but no compute-signal pattern.,notebooks/support/regression-analysis/support.html
calc.reg.0825,reg,Regression Analysis,regression-analysis.tex,1445,"\draw [Parenthesis-Parenthesis] (1.0, 2.91) -- node[left] {explained} (1.0, 1.4);","1.0, 2.91, 1.0, 1.4",static_theoretical_or_illustrative,intentional_manual,Line contains numeric content but no compute-signal pattern.,notebooks/support/regression-analysis/support.html
calc.reg.0826,reg,Regression Analysis,regression-analysis.tex,1446,"\draw [Parenthesis-Parenthesis] (1.2, 1.4) -- node[right] {unexplained} (1.2, 0.9);","1.2, 1.4, 1.2, 0.9",static_theoretical_or_illustrative,intentional_manual,Line contains numeric content but no compute-signal pattern.,notebooks/support/regression-analysis/support.html
calc.reg.0827,reg,Regression Analysis,regression-analysis.tex,1448,"\draw [-o] (1, 2.89) -- (1, 0.9) node[left] {$y_i$};","1, 2.89, 1, 0.9",static_theoretical_or_illustrative,intentional_manual,Line contains numeric content but no compute-signal pattern.,notebooks/support/regression-analysis/support.html
calc.reg.0828,reg,Regression Analysis,regression-analysis.tex,1449,"\draw [-o] (2, 2.89) -- (2, 1.8);","2, 2.89, 2, 1.8",static_theoretical_or_illustrative,intentional_manual,Line contains numeric content but no compute-signal pattern.,notebooks/support/regression-analysis/support.html
calc.reg.0829,reg,Regression Analysis,regression-analysis.tex,1450,"\draw [-o] (3, 2.89) -- (3, 1.8);","3, 2.89, 3, 1.8",static_theoretical_or_illustrative,intentional_manual,Line contains numeric content but no compute-signal pattern.,notebooks/support/regression-analysis/support.html
calc.reg.0830,reg,Regression Analysis,regression-analysis.tex,1451,"\draw [-o] (3.5, 2.89) -- (3.5, 2.2);","3.5, 2.89, 3.5, 2.2",static_theoretical_or_illustrative,intentional_manual,Line contains numeric content but no compute-signal pattern.,notebooks/support/regression-analysis/support.html
calc.reg.0831,reg,Regression Analysis,regression-analysis.tex,1452,"\draw [-o] (3.8, 2.89) -- (3.8, 2.6);","3.8, 2.89, 3.8, 2.6",static_theoretical_or_illustrative,intentional_manual,Line contains numeric content but no compute-signal pattern.,notebooks/support/regression-analysis/support.html
calc.reg.0832,reg,Regression Analysis,regression-analysis.tex,1453,"\draw [-o] (4.5, 2.89) -- (4.5, 2.5);","4.5, 2.89, 4.5, 2.5",static_theoretical_or_illustrative,intentional_manual,Line contains numeric content but no compute-signal pattern.,notebooks/support/regression-analysis/support.html
calc.reg.0833,reg,Regression Analysis,regression-analysis.tex,1454,"\draw [-o] (4.9, 2.89) -- (4.9, 3.4);","4.9, 2.89, 4.9, 3.4",static_theoretical_or_illustrative,intentional_manual,Line contains numeric content but no compute-signal pattern.,notebooks/support/regression-analysis/support.html
calc.reg.0834,reg,Regression Analysis,regression-analysis.tex,1455,"\draw [-o] (5.9, 2.89) -- (5.9, 3.4);","5.9, 2.89, 5.9, 3.4",static_theoretical_or_illustrative,intentional_manual,Line contains numeric content but no compute-signal pattern.,notebooks/support/regression-analysis/support.html
calc.reg.0835,reg,Regression Analysis,regression-analysis.tex,1456,"\draw [-o] (6.0, 2.89) -- (6.0, 3.2);","6.0, 2.89, 6.0, 3.2",static_theoretical_or_illustrative,intentional_manual,Line contains numeric content but no compute-signal pattern.,notebooks/support/regression-analysis/support.html
calc.reg.0836,reg,Regression Analysis,regression-analysis.tex,1457,"\draw [-o] (7.1, 2.89) -- (7.1, 4.2);","7.1, 2.89, 7.1, 4.2",static_theoretical_or_illustrative,intentional_manual,Line contains numeric content but no compute-signal pattern.,notebooks/support/regression-analysis/support.html
calc.reg.0837,reg,Regression Analysis,regression-analysis.tex,1458,"\draw [-o] (7.3, 2.89) -- (7.3, 3.6);","7.3, 2.89, 7.3, 3.6",static_theoretical_or_illustrative,intentional_manual,Line contains numeric content but no compute-signal pattern.,notebooks/support/regression-analysis/support.html
calc.reg.0838,reg,Regression Analysis,regression-analysis.tex,1459,"\draw [-o] (8.2, 2.89) -- (8.2, 4.8);","8.2, 2.89, 8.2, 4.8",static_theoretical_or_illustrative,intentional_manual,Line contains numeric content but no compute-signal pattern.,notebooks/support/regression-analysis/support.html
calc.reg.0839,reg,Regression Analysis,regression-analysis.tex,1460,"\draw [-o] (9.5, 2.89) -- (9.5, 4.2);","9.5, 2.89, 9.5, 4.2",static_theoretical_or_illustrative,intentional_manual,Line contains numeric content but no compute-signal pattern.,notebooks/support/regression-analysis/support.html
calc.reg.0840,reg,Regression Analysis,regression-analysis.tex,1463,"\draw (5.23, 0) [dotted] node[below] {$\bar{x}$} -- (5.23, 2.89);  % Correctly position $\bar{x}$ and $\bar{y}$","5.23, 0, 5.23, 2.89",static_theoretical_or_illustrative,intentional_manual,Line contains numeric content but no compute-signal pattern.,notebooks/support/regression-analysis/support.html
calc.reg.0841,reg,Regression Analysis,regression-analysis.tex,1465,"\draw (0, 2.89) [dashed] node[left] {$\bar{y}$} -- (5.23, 2.89); % Correct $\bar{y}$ position","0, 2.89, 5.23, 2.89",static_theoretical_or_illustrative,intentional_manual,Line contains numeric content but no compute-signal pattern.,notebooks/support/regression-analysis/support.html
calc.reg.0842,reg,Regression Analysis,regression-analysis.tex,1494,Explained   & Regression (SSR) & $\sum{(\hat{y}_i - \bar{y})^2}$ & $k$\\,2,static_theoretical_or_illustrative,intentional_manual,Numeric reference appears contextual rather than a computed manuscript result.,notebooks/support/regression-analysis/support.html
calc.reg.0843,reg,Regression Analysis,regression-analysis.tex,1495,Unexplained & Residuals (SSE)  & $\sum{(y_i - \hat{y})^2}$       & $n - k - 1$\\,"2, 1",must_be_generated_from_support_notebook,migration_required,Dense numeric row detected; strict policy requires generated linkage instead of hard-coded table/prose values.,notebooks/support/regression-analysis/support.html
calc.reg.0844,reg,Regression Analysis,regression-analysis.tex,1499,Total & Total (TSS) & $\sum{(y_i - \bar{y})^2}$ & $n - 1$ \\,"2, 1",must_be_generated_from_support_notebook,migration_required,Dense numeric row detected; strict policy requires generated linkage instead of hard-coded table/prose values.,notebooks/support/regression-analysis/support.html
calc.reg.0845,reg,Regression Analysis,regression-analysis.tex,1509,"Note that $s^2_y = TSS/(n-1)$, and that therefore $TSS = s^2_y (n - 1)$.","2, 1, 2, 1",must_be_checked_against_support_notebook,checked_in_support_output,Numeric token(s) found in chapter support notebook output.,notebooks/support/regression-analysis/support.html
calc.reg.0846,reg,Regression Analysis,regression-analysis.tex,1514,r = b_1 \frac{s_x}{s_y},1,must_be_checked_against_support_notebook,checked_in_support_output,Numeric token(s) found in chapter support notebook output.,notebooks/support/regression-analysis/support.html
calc.reg.0847,reg,Regression Analysis,regression-analysis.tex,1523,The correlation coefficient $r$ takes values between -1 and +1. The sign of the coefficient indicates the direction of the relationship and the numerical value indicates the strength. The correlation is perfect when t...,"1, 1, 1, 1",static_theoretical_or_illustrative,intentional_manual,Line contains numeric content but no compute-signal pattern.,notebooks/support/regression-analysis/support.html
calc.reg.0848,reg,Regression Analysis,regression-analysis.tex,1530,r^2 = \frac{\text{SSR}}{\text{TSS}},2,must_be_checked_against_support_notebook,checked_in_support_output,Numeric token(s) found in chapter support notebook output.,notebooks/support/regression-analysis/support.html
calc.reg.0849,reg,Regression Analysis,regression-analysis.tex,1537,\sum{(y_i - \bar{y})^2} = 9.5307 \cdot 10^{14},"2, 9.5307, 10, 14",must_be_checked_against_support_notebook,checked_in_support_output,Numeric token(s) found in chapter support notebook output.,notebooks/support/regression-analysis/support.html
calc.reg.0850,reg,Regression Analysis,regression-analysis.tex,1553,production & 3.7804e+14 & 1  & 3.7804e+14  \\,"3.7804, 14, 1, 3.7804, 14",must_be_generated_from_support_notebook,migration_required,Dense numeric row detected; strict policy requires generated linkage instead of hard-coded table/prose values.,notebooks/support/regression-analysis/support.html
calc.reg.0851,reg,Regression Analysis,regression-analysis.tex,1554,residuals  & 5.7503e+14 & 34 & 1.6913e+13  \\,"5.7503, 14, 34, 1.6913, 13",must_be_generated_from_support_notebook,migration_required,Dense numeric row detected; strict policy requires generated linkage instead of hard-coded table/prose values.,notebooks/support/regression-analysis/support.html
calc.reg.0852,reg,Regression Analysis,regression-analysis.tex,1558,Total      & 9.5307e+14 & 35 &  \\,"9.5307, 14, 35",must_be_generated_from_support_notebook,migration_required,Dense numeric row detected; strict policy requires generated linkage instead of hard-coded table/prose values.,notebooks/support/regression-analysis/support.html
calc.reg.0853,reg,Regression Analysis,regression-analysis.tex,1569,"The analysis shows that the sum of squares of the regression is $3.7804 \cdot 10^{14}$, and the sum of squares of the residuals is $5.7503 \cdot 10^{14}$. The total sum of squares is $3.7804 \cdot 10^{14} + 5.7503 \cd...","3.7804, 10, 14, 5.7503, 10, 14, 3.7804, 10, 14, 5.7503, 10, 14, 9.5307, 10, 14",must_be_checked_against_support_notebook,checked_in_support_output,Numeric token(s) found in chapter support notebook output.,notebooks/support/regression-analysis/support.html
calc.reg.0854,reg,Regression Analysis,regression-analysis.tex,1577,"Thus, $MSR = SSR / df_R = 3.7804 \cdot 10^{14} / 1 = 3.7804 \cdot 10^{14}$, and $MSE = SSE / df_E = 5.7503 \cdot 10^{14} / 34 = 1.6913  \cdot 10^{13}$.","3.7804, 10, 14, 1, 3.7804, 10, 14, 5.7503, 10, 14, 34, 1.6913, 10, 13",must_be_checked_against_support_notebook,checked_in_support_output,Numeric token(s) found in chapter support notebook output.,notebooks/support/regression-analysis/support.html
calc.reg.0855,reg,Regression Analysis,regression-analysis.tex,1582,r^2 = \frac{SSR}{TSS} = \frac{3.7804 \cdot 10^{14}}{9.5307 \cdot 10^{14}} = 0.3967,"2, 3.7804, 10, 14, 9.5307, 10, 14, 0.3967",must_be_checked_against_support_notebook,checked_in_support_output,Numeric token(s) found in chapter support notebook output.,notebooks/support/regression-analysis/support.html
calc.reg.0856,reg,Regression Analysis,regression-analysis.tex,1585,"This result is similar to that reported in the brief summary of the model. We find that \ttblue{mod.0} explains 39.7\% of the revenue variation. Similarly, the \hlblue{residual standard deviation}\index{residual stand...","0, 39.7%, 4112487",must_be_checked_against_support_notebook,checked_in_support_output,Numeric token(s) found in chapter support notebook output.,notebooks/support/regression-analysis/support.html
calc.reg.0857,reg,Regression Analysis,regression-analysis.tex,1588,"\text{MSE} = s_e = \sqrt{\frac{\text{SSE}}{n-k-1}} = \sqrt{\frac{5.7503 \cdot 10^{14}}{34}} = 4,112,487","1, 5.7503, 10, 14, 34, 4112487",must_be_checked_against_support_notebook,checked_in_support_output,Numeric token(s) found in chapter support notebook output.,notebooks/support/regression-analysis/support.html
calc.reg.0858,reg,Regression Analysis,regression-analysis.tex,1591,"Expanding \ttblue{mod.0} by adding the independent variables \ttblue{coolDD} and \ttblue{heatDD}, we get \ttblue{mod.1}. Its analysis of variance is summarized in Table \ref{tab:anova_mod1}.","0, 1",static_theoretical_or_illustrative,intentional_manual,Numeric reference appears contextual rather than a computed manuscript result.,notebooks/support/regression-analysis/support.html
calc.reg.0859,reg,Regression Analysis,regression-analysis.tex,1606,production & 3.7804e+14 & 1  & 3.7804e+14 \\,"3.7804, 14, 1, 3.7804, 14",must_be_generated_from_support_notebook,migration_required,Dense numeric row detected; strict policy requires generated linkage instead of hard-coded table/prose values.,notebooks/support/regression-analysis/support.html
calc.reg.0860,reg,Regression Analysis,regression-analysis.tex,1607,coolDD     & 3.5110e+14 & 1  & 3.5110e+14 \\,"3.5110, 14, 1, 3.5110, 14",must_be_generated_from_support_notebook,migration_required,Dense numeric row detected; strict policy requires generated linkage instead of hard-coded table/prose values.,notebooks/support/regression-analysis/support.html
calc.reg.0861,reg,Regression Analysis,regression-analysis.tex,1608,heatDD     & 9.8390e+13 & 1  & 9.8390e+13 \\,"9.8390, 13, 1, 9.8390, 13",must_be_generated_from_support_notebook,migration_required,Dense numeric row detected; strict policy requires generated linkage instead of hard-coded table/prose values.,notebooks/support/regression-analysis/support.html
calc.reg.0862,reg,Regression Analysis,regression-analysis.tex,1609,residuals  & 1.2554e+14 & 32 & 3.9232e+12 \\,"1.2554, 14, 32, 3.9232, 12",must_be_generated_from_support_notebook,migration_required,Dense numeric row detected; strict policy requires generated linkage instead of hard-coded table/prose values.,notebooks/support/regression-analysis/support.html
calc.reg.0863,reg,Regression Analysis,regression-analysis.tex,1613,Total      & 9.5307e+14 & 35 &            \\,"9.5307, 14, 35",must_be_generated_from_support_notebook,migration_required,Dense numeric row detected; strict policy requires generated linkage instead of hard-coded table/prose values.,notebooks/support/regression-analysis/support.html
calc.reg.0864,reg,Regression Analysis,regression-analysis.tex,1623,"For \ttblue{mod.1}, the sum of squares regression, $SSR$, is the sum of the sum of squares of the three independent variables.",1,static_theoretical_or_illustrative,intentional_manual,Numeric reference appears contextual rather than a computed manuscript result.,notebooks/support/regression-analysis/support.html
calc.reg.0865,reg,Regression Analysis,regression-analysis.tex,1626,r^2 = \frac{\text{SSR}}{\text{TSS}} = \frac{3.7804 * 10^{14} + 3.5110 * 10^{14} + 9.8390 * 10^{13}}{9.5307 * 10^{14}} = 0.8683,"2, 3.7804, 10, 14, 3.5110, 10, 14, 9.8390, 10, 13, 9.5307, 10, 14, 0.8683",must_be_checked_against_support_notebook,checked_in_support_output,Numeric token(s) found in chapter support notebook output.,notebooks/support/regression-analysis/support.html
calc.reg.0866,reg,Regression Analysis,regression-analysis.tex,1629,"Note the increase in explained variation by adding the two additional variables to the model, \ttblue{coolDD} and \ttblue{heatDD}. Explained variance has increased from 39.67\% for \ttblue{mod.0} to 86.83\% for \ttblu...","39.67%, 0, 86.83%, 1",must_be_generated_from_support_notebook,migration_required,Dense numeric row detected; strict policy requires generated linkage instead of hard-coded table/prose values.,notebooks/support/regression-analysis/support.html
calc.reg.0867,reg,Regression Analysis,regression-analysis.tex,1631,"In this analysis, the calculation of the sum of squares is sequential in the sense that the effects of the independent variables are established in the order in which they were entered into the model specification. We...",1,static_theoretical_or_illustrative,intentional_manual,Numeric reference appears contextual rather than a computed manuscript result.,notebooks/support/regression-analysis/support.html
calc.reg.0868,reg,Regression Analysis,regression-analysis.tex,1636,The full summary table\footnote{See \ref{ex:summary.mod.0}} displays the values of the multiple $r^2$ (also referred to as the coefficient of determination\index{coefficient of determination}) and the adjusted $r^2$. ...,"0, 2, 2, 2, 2",must_be_generated_from_support_notebook,migration_required,Dense numeric row detected; strict policy requires generated linkage instead of hard-coded table/prose values.,notebooks/support/regression-analysis/support.html
calc.reg.0869,reg,Regression Analysis,regression-analysis.tex,1641,\text{adjusted } r^2 = r^2 - k \frac{1 - r^2}{n - k - 1},"2, 2, 1, 2, 1",must_be_checked_against_support_notebook,checked_in_support_output,Numeric token(s) found in chapter support notebook output.,notebooks/support/regression-analysis/support.html
calc.reg.0870,reg,Regression Analysis,regression-analysis.tex,1643,The adjusted $r^2$ for \ttblue{mod.0} with $n = 36$ and $k = 1$ is then,"2, 0, 36, 1",must_be_generated_from_support_notebook,migration_required,Dense numeric row detected; strict policy requires generated linkage instead of hard-coded table/prose values.,notebooks/support/regression-analysis/support.html
calc.reg.0871,reg,Regression Analysis,regression-analysis.tex,1645,\text{adjusted } r^2 = 0.3967 - \frac{1 - 0.3967}{34} = 0.3789,"2, 0.3967, 1, 0.3967, 34, 0.3789",must_be_checked_against_support_notebook,checked_in_support_output,Numeric token(s) found in chapter support notebook output.,notebooks/support/regression-analysis/support.html
calc.reg.0872,reg,Regression Analysis,regression-analysis.tex,1647,"For example, when we compare \ttblue{mod\_forward} from Exercise \ref{ex:modelling strategies} with \ttblue{mod.1} from Exercise \ref{ex:modelling_mod.1} we observe that the latter has a higher $r^2$ (0.8683) than the...","1, 1, 2, 0.8683, 0.8667, 1, 2, 0.8559, 1, 0.8586",must_be_generated_from_support_notebook,migration_required,Dense numeric row detected; strict policy requires generated linkage instead of hard-coded table/prose values.,notebooks/support/regression-analysis/support.html
calc.reg.0873,reg,Regression Analysis,regression-analysis.tex,1654,AIC = n \cdot \text{ln}(SSE / n) + 2k,2,must_be_checked_against_support_notebook,checked_in_support_output,Numeric token(s) found in chapter support notebook output.,notebooks/support/regression-analysis/support.html
calc.reg.0874,reg,Regression Analysis,regression-analysis.tex,1669,"This point is important in the present chapter. Models \ttblue{mod.0}, \ttblue{model\_forward}, \ttblue{mod.1}, and \ttblue{mod.2} are fitted to the original estimation data.","0, 1, 2",static_theoretical_or_illustrative,intentional_manual,Context appears referential/illustrative without explicit computation operator.,notebooks/support/regression-analysis/support.html
calc.reg.0875,reg,Regression Analysis,regression-analysis.tex,1673,"Table \ref{tab:comparison_mod_0_2} summarizes the performance of the models fitted to the original response data in terms of their multiple $r^2$, adjusted $r^2$, AIC, and BIC.","0, 2, 2, 2",static_theoretical_or_illustrative,intentional_manual,Context appears referential/illustrative without explicit computation operator.,notebooks/support/regression-analysis/support.html
calc.reg.0876,reg,Regression Analysis,regression-analysis.tex,1684,mod.0          & 0.3967 & 0.3789 & 1202.633 & 1207.383 \\,"0, 0.3967, 0.3789, 1202.633, 1207.383",must_be_generated_from_support_notebook,migration_required,Dense numeric row detected; strict policy requires generated linkage instead of hard-coded table/prose values.,notebooks/support/regression-analysis/support.html
calc.reg.0877,reg,Regression Analysis,regression-analysis.tex,1685,model\_forward & 0.8667 & 0.8586 & 1150.277 & 1156.611 \\,"0.8667, 0.8586, 1150.277, 1156.611",must_be_generated_from_support_notebook,migration_required,Dense numeric row detected; strict policy requires generated linkage instead of hard-coded table/prose values.,notebooks/support/regression-analysis/support.html
calc.reg.0878,reg,Regression Analysis,regression-analysis.tex,1686,mod.1          & 0.8683 & 0.8559 & 1151.848 & 1159.766 \\,"1, 0.8683, 0.8559, 1151.848, 1159.766",must_be_generated_from_support_notebook,migration_required,Dense numeric row detected; strict policy requires generated linkage instead of hard-coded table/prose values.,notebooks/support/regression-analysis/support.html
calc.reg.0879,reg,Regression Analysis,regression-analysis.tex,1687,mod.2          & 0.9170 & 0.8963 & 1143.217 & 1157.468 \\,"2, 0.9170, 0.8963, 1143.217, 1157.468",must_be_generated_from_support_notebook,migration_required,Dense numeric row detected; strict policy requires generated linkage instead of hard-coded table/prose values.,notebooks/support/regression-analysis/support.html
calc.reg.0880,reg,Regression Analysis,regression-analysis.tex,1694,"The assessment of regression model precision relies not only on overall goodness-of-fit statistics such as multiple $r^2$ and adjusted $r^2$, but also on measures of individual predictor strength and the overall stand...","2, 2, 62, 04, 0, 2, 0",must_be_generated_from_support_notebook,migration_required,Dense numeric row detected; strict policy requires generated linkage instead of hard-coded table/prose values.,notebooks/support/regression-analysis/support.html
calc.reg.0881,reg,Regression Analysis,regression-analysis.tex,1696,The simple benchmark model \ttblue{mod.0} has an adjusted $r^2$ of 0.3789 and a BIC of 1207.383. The models that include additional predictors perform much better. \ttblue{model\_forward} and \ttblue{mod.1} both achie...,"0, 2, 0.3789, 1207.383, 1, 2, 0.85, 1, 1",must_be_generated_from_support_notebook,migration_required,Dense numeric row detected; strict policy requires generated linkage instead of hard-coded table/prose values.,notebooks/support/regression-analysis/support.html
calc.reg.0882,reg,Regression Analysis,regression-analysis.tex,1698,"Among the models fitted to the original response data, \ttblue{mod.2} has the highest adjusted $r^2$ and the lowest AIC. Its BIC is slightly higher than that of \ttblue{model\_forward}, reflecting the stronger penalty...","2, 2, 2",static_theoretical_or_illustrative,intentional_manual,Line contains numeric content but no compute-signal pattern.,notebooks/support/regression-analysis/support.html
calc.reg.0883,reg,Regression Analysis,regression-analysis.tex,1700,"After this comparison, we separately examine the effect of the outlying observation identified in the diagnostic analysis. Winsorizing observation 22 leads to \ttblue{mod.3}. The improvement in fit after winsorization...","22, 3, 2",static_theoretical_or_illustrative,intentional_manual,Line contains numeric content but no compute-signal pattern.,notebooks/support/regression-analysis/support.html
calc.reg.0884,reg,Regression Analysis,regression-analysis.tex,1708,"The standard error of the regression, although not tabulated, should also be interpreted in light of materiality. For example, AAG A.64 notes that if the standard error is less than about 75\% of materiality, the mode...","64, 75%",static_theoretical_or_illustrative,intentional_manual,Numeric reference appears contextual rather than a computed manuscript result.,notebooks/support/regression-analysis/support.html
calc.reg.0885,reg,Regression Analysis,regression-analysis.tex,1744,"Another graphical tool for assessing the normality of residuals is the QQ plot, previously introduced in the context of regression diagnostics. Figure \ref{fig:H7_qqplot}, on page \pageref{fig:H7_qqplot}, presents an ...","2, 3, 22",static_theoretical_or_illustrative,intentional_manual,Context appears referential/illustrative without explicit computation operator.,notebooks/support/regression-analysis/support.html
calc.reg.0886,reg,Regression Analysis,regression-analysis.tex,1772,"Its calculation is quite complicated and based on order statistics. The $W$ statistic takes values between 0 and 1, with 1 being a perfect match with the normal distribution.","0, 1, 1",static_theoretical_or_illustrative,intentional_manual,Line contains numeric content but no compute-signal pattern.,notebooks/support/regression-analysis/support.html
calc.reg.0887,reg,Regression Analysis,regression-analysis.tex,1780,"\paragraph{Value of test statistic} We use the Shapiro--Wilk test to obtain the value of the $W$ statistic and its associated $p$ value. For \ttblue{mod.3}, the value of the $W$ statistic is \RegModThreeW, with a $p$ ...",3,must_be_generated_from_support_notebook,generated_snippet_linked,Line links to generated worked-calculation snippet path.,notebooks/support/regression-analysis/support.html
calc.reg.0888,reg,Regression Analysis,regression-analysis.tex,1784,"The $p$ value of the Shapiro--Wilk test is \RegModThreeShapiroP. Con\-se\-quently, we do not reject the null hypothesis of normality at the conventional significance levels of 5\% or 1\%. The test therefore provides n...","5%, 1%",handled_by_epic_214_model_test_output,epic_214_scope,Model/test-statistic style output belongs to Epic #214 verification track.,notebooks/support/regression-analysis/support.html
calc.reg.0889,reg,Regression Analysis,regression-analysis.tex,1810,$H_0 : $ The residuals $\epsilon$ have constant variance.,0,static_theoretical_or_illustrative,intentional_manual,Numeric reference appears contextual rather than a computed manuscript result.,notebooks/support/regression-analysis/support.html
calc.reg.0890,reg,Regression Analysis,regression-analysis.tex,1816,$H_1 : $ The residuals $\epsilon$ do not have constant variance.,1,static_theoretical_or_illustrative,intentional_manual,Numeric reference appears contextual rather than a computed manuscript result.,notebooks/support/regression-analysis/support.html
calc.reg.0891,reg,Regression Analysis,regression-analysis.tex,1824,"e_i^2 = \alpha_0 + \alpha_1x_{1, i} + \alpha_2x_{2, i} + \ldots + \alpha_kx_{k, i} + u_i","2, 0, 1, 1, 2, 2",must_be_checked_against_support_notebook,checked_in_support_output,Numeric token(s) found in chapter support notebook output.,notebooks/support/regression-analysis/support.html
calc.reg.0892,reg,Regression Analysis,regression-analysis.tex,1826,"where $e_i^2$ is the squared residual of observation $i$, and $x_{1, i}, x_{2, i}, \ldots x_{k, i}$ are the values of the $k$ independent variables for observation $i$.","2, 1, 2",static_theoretical_or_illustrative,intentional_manual,Line contains numeric content but no compute-signal pattern.,notebooks/support/regression-analysis/support.html
calc.reg.0893,reg,Regression Analysis,regression-analysis.tex,1828,"If any of the $k$ independent variables is responsible for non-constant variance, its related coefficient $\alpha$ will be significant, and $r^2$ will increase.",2,static_theoretical_or_illustrative,intentional_manual,Numeric reference appears contextual rather than a computed manuscript result.,notebooks/support/regression-analysis/support.html
calc.reg.0894,reg,Regression Analysis,regression-analysis.tex,1832,BP = nr^2,2,must_be_checked_against_support_notebook,checked_in_support_output,Numeric token(s) found in chapter support notebook output.,notebooks/support/regression-analysis/support.html
calc.reg.0895,reg,Regression Analysis,regression-analysis.tex,1844,"The $p$ value of the test statistic is \RegModThreeBpP. We therefore fail to reject the null hypothesis at conventional significance levels below \RegModThreeBpP, such as 5\% or 1\%. The model-validation test provides...","5%, 1%",handled_by_epic_214_model_test_output,epic_214_scope,Model/test-statistic style output belongs to Epic #214 verification track.,notebooks/support/regression-analysis/support.html
calc.reg.0896,reg,Regression Analysis,regression-analysis.tex,1873,"If multiple bars exceeded the bounds, say, at lags 1 and 2, it could point to an AR(2) process. If all bars fall within the bounds, we conclude that the residuals are not significantly autocorrelated.","1, 2, 2",static_theoretical_or_illustrative,intentional_manual,Line contains numeric content but no compute-signal pattern.,notebooks/support/regression-analysis/support.html
calc.reg.0897,reg,Regression Analysis,regression-analysis.tex,1904,BG = nR^2,2,must_be_checked_against_support_notebook,checked_in_support_output,Numeric token(s) found in chapter support notebook output.,notebooks/support/regression-analysis/support.html
calc.reg.0898,reg,Regression Analysis,regression-analysis.tex,1916,"In this example, the test is performed with order $p=3$.",3,must_be_checked_against_support_notebook,checked_in_support_output,Numeric token(s) found in chapter support notebook output.,notebooks/support/regression-analysis/support.html
calc.reg.0899,reg,Regression Analysis,regression-analysis.tex,1917,"This means that the test evaluates whether the regression residuals exhibit autocorrelation at lags 1, 2, and 3.","1, 2, 3",static_theoretical_or_illustrative,intentional_manual,Line contains numeric content but no compute-signal pattern.,notebooks/support/regression-analysis/support.html
calc.reg.0900,reg,Regression Analysis,regression-analysis.tex,1918,"Under the null hypothesis, the residuals are not autocorrelated at any of these lags. The reference distribution is therefore a chi-squared distribution with 3 degrees of freedom.",3,handled_by_epic_214_model_test_output,epic_214_scope,Model/test-statistic style output belongs to Epic #214 verification track.,notebooks/support/regression-analysis/support.html
calc.reg.0901,reg,Regression Analysis,regression-analysis.tex,1921,"For example, when $p=3$, the test examines whether residuals in a given period are related to residuals from one, two, or three periods earlier.",3,must_be_checked_against_support_notebook,checked_in_support_output,Numeric token(s) found in chapter support notebook output.,notebooks/support/regression-analysis/support.html
calc.reg.0902,reg,Regression Analysis,regression-analysis.tex,1925,"For monthly or quarterly data, values of $p=2$ or $p=3$ are often a reasonable starting point.","2, 3",must_be_checked_against_support_notebook,checked_in_support_output,Numeric token(s) found in chapter support notebook output.,notebooks/support/regression-analysis/support.html
calc.reg.0903,reg,Regression Analysis,regression-analysis.tex,1927,"If omitted, the default value is \ttblue{order = 1}, in which case only first-order autocorrelation is tested.",1,must_be_checked_against_support_notebook,checked_in_support_output,Numeric token(s) found in chapter support notebook output.,notebooks/support/regression-analysis/support.html
calc.reg.0904,reg,Regression Analysis,regression-analysis.tex,1931,"The $p$ value of the test statistic is \RegModThreeBgP. Therefore, we fail to reject the null hypothesis at conventional significance levels below \RegModThreeBgP, such as 5\% or 1\%. The model-validation test provide...","5%, 1%, 10%",handled_by_epic_214_model_test_output,epic_214_scope,Model/test-statistic style output belongs to Epic #214 verification track.,notebooks/support/regression-analysis/support.html
calc.reg.0905,reg,Regression Analysis,regression-analysis.tex,1951,"+ \beta_1(x_{1,t}-\rho x_{1,t-1})","1, 1, 1, 1",static_theoretical_or_illustrative,intentional_manual,Line contains numeric content but no compute-signal pattern.,notebooks/support/regression-analysis/support.html
calc.reg.0906,reg,Regression Analysis,regression-analysis.tex,1975,"This transformation reduces the first-order autocorrelation in the residuals, provided that the AR(1) model is appropriate. The transformed variables are then used to estimate the regression model by ordinary least sq...","1, 4, 4",must_be_checked_against_support_notebook,checked_in_support_output,Numeric token(s) found in chapter support notebook output.,notebooks/support/regression-analysis/support.html
calc.reg.0907,reg,Regression Analysis,regression-analysis.tex,1997,"After applying the AR(1) correction, the Breusch--Godfrey test on \ttblue{mod.4} gives $BG = \RegModFourBg$ with $p = \RegModFourBgP$ (order 3), indicating no remaining evidence of residual autocorrelation at conventi...","1, 4, 3",must_be_checked_against_support_notebook,checked_in_support_output,Numeric token(s) found in chapter support notebook output.,notebooks/support/regression-analysis/support.html
calc.reg.0908,reg,Regression Analysis,regression-analysis.tex,2035,"\text{revenue} = 752,767 + 35.87 \cdot \text{production} - 121,381 \cdot \text{coolDD}","752767, 35.87, 121381",must_be_generated_from_support_notebook,migration_required,Compute-style manuscript line not yet verifiable from support output snapshot.,notebooks/support/regression-analysis/support.html
calc.reg.0909,reg,Regression Analysis,regression-analysis.tex,2041,"\text{revenue} = 3,972,293 + 12.64 \cdot \text{production} + 3,683 \cdot \text{coolDD}","3972293, 12.64, 3683",must_be_generated_from_support_notebook,migration_required,Compute-style manuscript line not yet verifiable from support output snapshot.,notebooks/support/regression-analysis/support.html
calc.reg.0910,reg,Regression Analysis,regression-analysis.tex,2043,"The coefficient values take the interactions into account. Therefore, the intercept value is equal to $752,767 + 3,219,526 = 3,972,293$, the slope value for \ttblue{production} is equal to $35.87 - 23.23 = 12.64$, and...","752767, 3219526, 3972293, 35.87, 23.23, 12.64, 121381, 125064, 3683",must_be_generated_from_support_notebook,migration_required,Dense numeric row detected; strict policy requires generated linkage instead of hard-coded table/prose values.,notebooks/support/regression-analysis/support.html
calc.reg.0911,reg,Regression Analysis,regression-analysis.tex,2045,"Re-running the model-assumption checks for \ttblue{mod.5} gives Breusch--Pagan $BP = \RegModFiveBp$ ($p = \RegModFiveBpP$), Breusch--Godfrey $BG = \RegModFiveBg$ ($p = \RegModFiveBgP$, order 3), and Shapiro--Wilk $W =...","5, 3, 5%",must_be_checked_against_support_notebook,checked_in_support_output,Numeric token(s) found in chapter support notebook output.,notebooks/support/regression-analysis/support.html
calc.reg.0912,reg,Regression Analysis,regression-analysis.tex,2067,H_0 : \beta_j = 0,"0, 0",must_be_checked_against_support_notebook,checked_in_support_output,Numeric token(s) found in chapter support notebook output.,notebooks/support/regression-analysis/support.html
calc.reg.0913,reg,Regression Analysis,regression-analysis.tex,2095,"\paragraph{Value of test statistic} We obtain estimates of the coefficients, their related standard errors, $t$ values, and $p$ values from Table \ref{tab:summary_mod_5}.",5,handled_by_epic_214_model_test_output,epic_214_scope,Model/test-statistic style output belongs to Epic #214 verification track.,notebooks/support/regression-analysis/support.html
calc.reg.0914,reg,Regression Analysis,regression-analysis.tex,2100,"Among the remaining predictors, only the intercept exhibits a clearly non-significant $p$ value ($p = 0.525$).",0.525,must_be_generated_from_support_notebook,migration_required,Compute-style manuscript line not yet verifiable from support output snapshot.,notebooks/support/regression-analysis/support.html
calc.reg.0915,reg,Regression Analysis,regression-analysis.tex,2101,"The variable \ttblue{summer} has a $p$ value close to the conventional 5\% significance level ($p = 0.050173$). However, because \ttblue{summer} participates in a retained interaction term, it is kept in the model in ...","5%, 0.050173",must_be_checked_against_support_notebook,checked_in_support_output,Numeric token(s) found in chapter support notebook output.,notebooks/support/regression-analysis/support.html
calc.reg.0916,reg,Regression Analysis,regression-analysis.tex,2116,H_0 : \beta_1 = \beta_2 = \ldots = \beta_k = 0,"0, 1, 2, 0",must_be_checked_against_support_notebook,checked_in_support_output,Numeric token(s) found in chapter support notebook output.,notebooks/support/regression-analysis/support.html
calc.reg.0917,reg,Regression Analysis,regression-analysis.tex,2139,"\paragraph{Value of test statistic} The value of the test statistic is $F = 81.8$, with 5 and 30 degrees of freedom, and a $p$ value of less than 2.2e-16.","81.8, 5, 30, 2.2, 16",handled_by_epic_214_model_test_output,epic_214_scope,Model/test-statistic style output belongs to Epic #214 verification track.,notebooks/support/regression-analysis/support.html
calc.reg.0918,reg,Regression Analysis,regression-analysis.tex,2153,"For the first month of the hold-out set (January 2014), the model can generate an expectation of revenue using the known values of the explanatory variables: production (606,400), coolDD (0), and whether the month is ...","2014, 606400, 0",static_theoretical_or_illustrative,intentional_manual,Context appears referential/illustrative without explicit computation operator.,notebooks/support/regression-analysis/support.html
calc.reg.0919,reg,Regression Analysis,regression-analysis.tex,2166,"intercept           &   752,767 & 1                 &    752,767 \\","752767, 1, 752767",must_be_generated_from_support_notebook,migration_required,Dense numeric row detected; strict policy requires generated linkage instead of hard-coded table/prose values.,notebooks/support/regression-analysis/support.html
calc.reg.0920,reg,Regression Analysis,regression-analysis.tex,2167,"production          &     35.87 & 606,400           & 21,752,892 \\","35.87, 606400, 21752892",must_be_generated_from_support_notebook,migration_required,Dense numeric row detected; strict policy requires generated linkage instead of hard-coded table/prose values.,notebooks/support/regression-analysis/support.html
calc.reg.0921,reg,Regression Analysis,regression-analysis.tex,2168,"summer              & 3,219,526 & 0                 &          0 \\","3219526, 0, 0",must_be_generated_from_support_notebook,migration_required,Dense numeric row detected; strict policy requires generated linkage instead of hard-coded table/prose values.,notebooks/support/regression-analysis/support.html
calc.reg.0922,reg,Regression Analysis,regression-analysis.tex,2169,"coolDD              &  -121,381 & 0                 &          0 \\","121381, 0, 0",must_be_generated_from_support_notebook,migration_required,Dense numeric row detected; strict policy requires generated linkage instead of hard-coded table/prose values.,notebooks/support/regression-analysis/support.html
calc.reg.0923,reg,Regression Analysis,regression-analysis.tex,2170,"production : summer &    -23.23 & 0 $\cdot$ 606,400 &          0 \\","23.23, 0, 606400, 0",must_be_generated_from_support_notebook,migration_required,Dense numeric row detected; strict policy requires generated linkage instead of hard-coded table/prose values.,notebooks/support/regression-analysis/support.html
calc.reg.0924,reg,Regression Analysis,regression-analysis.tex,2171,"coolDD : summer     &   125,064 & 0 $\cdot$ 0       &          0 \\","125064, 0, 0, 0",must_be_generated_from_support_notebook,migration_required,Dense numeric row detected; strict policy requires generated linkage instead of hard-coded table/prose values.,notebooks/support/regression-analysis/support.html
calc.reg.0925,reg,Regression Analysis,regression-analysis.tex,2183,"The expectation of \ttblue{revenue} for January 2014 is 22,505,659, while the actual revenue from the hold-out set is 19,228,840. The difference is -3,276,819.","2014, 22505659, 19228840, 3276819",static_theoretical_or_illustrative,intentional_manual,Context appears referential/illustrative without explicit computation operator.,notebooks/support/regression-analysis/support.html
calc.reg.0926,reg,Regression Analysis,regression-analysis.tex,2192,\hat{y}_* \pm t_{\alpha / 2} \cdot s_e \sqrt{\frac{1}{n} + \frac{(x_* - \bar{x})^2}{(n - 1) s_x^2}},"2, 1, 2, 1, 2",must_be_checked_against_support_notebook,checked_in_support_output,Numeric token(s) found in chapter support notebook output.,notebooks/support/regression-analysis/support.html
calc.reg.0927,reg,Regression Analysis,regression-analysis.tex,2198,"For example, when using a model with one single independent variable like \ttblue{mod.0} to create an expectation of $y$ = \ttblue{revenue} from $x$ = \ttblue{production}, in the rare case that we are interested in ob...","0, 0, 0",must_be_checked_against_support_notebook,checked_in_support_output,Numeric token(s) found in chapter support notebook output.,notebooks/support/regression-analysis/support.html
calc.reg.0928,reg,Regression Analysis,regression-analysis.tex,2202,a 99\% confidence interval around this estimate is then,99%,static_theoretical_or_illustrative,intentional_manual,Numeric reference appears contextual rather than a computed manuscript result.,notebooks/support/regression-analysis/support.html
calc.reg.0929,reg,Regression Analysis,regression-analysis.tex,2204,\RegModZeroYHat \pm \RegModZeroT99 \cdot \RegModZeroResidualSd \sqrt{\frac{1}{\RegModZeroSampleSize} + \frac{(\RegModZeroXStar - \RegModZeroXMean)^2}{\RegModZeroDf \cdot \RegModZeroSxx}} =,"9, 1, 2",must_be_checked_against_support_notebook,checked_in_support_output,Numeric token(s) found in chapter support notebook output.,notebooks/support/regression-analysis/support.html
calc.reg.0930,reg,Regression Analysis,regression-analysis.tex,2207,\RegModZeroYHat \pm \RegModZeroPrecision99,9,must_be_checked_against_support_notebook,checked_in_support_output,Numeric token(s) found in chapter support notebook output.,notebooks/support/regression-analysis/support.html
calc.reg.0931,reg,Regression Analysis,regression-analysis.tex,2213,y_* \pm t_{\alpha / 2} \cdot s_e \sqrt{1 + \frac{1}{n} + \frac{(x_* - \bar{x})^2}{(n - 1) s_x^2}},"2, 1, 1, 2, 1, 2",must_be_checked_against_support_notebook,checked_in_support_output,Numeric token(s) found in chapter support notebook output.,notebooks/support/regression-analysis/support.html
calc.reg.0932,reg,Regression Analysis,regression-analysis.tex,2221,"\frac{(x_*-\bar{x})^2}{(n-1)s_x^2},","2, 1, 2",must_be_checked_against_support_notebook,checked_in_support_output,Numeric token(s) found in chapter support notebook output.,notebooks/support/regression-analysis/support.html
calc.reg.0933,reg,Regression Analysis,regression-analysis.tex,2235,"Table \ref{tab:expectations_holdout} and Figure \ref{fig:H7_expectations} summarize the recorded values, expectation and prediction interval bounds based on \ttblue{mod.5} for the hold-out period.",5,static_theoretical_or_illustrative,intentional_manual,Numeric reference appears contextual rather than a computed manuscript result.,notebooks/support/regression-analysis/support.html
calc.reg.0934,reg,Regression Analysis,regression-analysis.tex,2249,"January 2014   &        19,228,840  & 18,270,762 & 22,505,659 & 26,740,557 & -3,276,819 \\","2014, 19228840, 18270762, 22505659, 26740557, 3276819",must_be_generated_from_support_notebook,migration_required,Dense numeric row detected; strict policy requires generated linkage instead of hard-coded table/prose values.,notebooks/support/regression-analysis/support.html
calc.reg.0935,reg,Regression Analysis,regression-analysis.tex,2250,"February 2014  &        26,792,280  & 21,884,851 & 26,370,098 & 30,855,345 &    422,182 \\","2014, 26792280, 21884851, 26370098, 30855345, 422182",must_be_generated_from_support_notebook,migration_required,Dense numeric row detected; strict policy requires generated linkage instead of hard-coded table/prose values.,notebooks/support/regression-analysis/support.html
calc.reg.0936,reg,Regression Analysis,regression-analysis.tex,2251,"March 2014     & \hlred{19,935,840} & 24,872,800 & 29,651,399 & 34,429,998 & -9,715,559 \\","2014, 19935840, 24872800, 29651399, 34429998, 9715559",must_be_generated_from_support_notebook,migration_required,Dense numeric row detected; strict policy requires generated linkage instead of hard-coded table/prose values.,notebooks/support/regression-analysis/support.html
calc.reg.0937,reg,Regression Analysis,regression-analysis.tex,2252,"April 2014     &        13,468,000  & 10,117,297 & 14,235,543 & 18,353,788 &   -767,543 \\","2014, 13468000, 10117297, 14235543, 18353788, 767543",must_be_generated_from_support_notebook,migration_required,Dense numeric row detected; strict policy requires generated linkage instead of hard-coded table/prose values.,notebooks/support/regression-analysis/support.html
calc.reg.0938,reg,Regression Analysis,regression-analysis.tex,2253,"May 2014       &         7,344,128  &  3,275,961 &  7,683,165 & 12,090,370 &   -339,037 \\","2014, 7344128, 3275961, 7683165, 12090370, 339037",must_be_generated_from_support_notebook,migration_required,Dense numeric row detected; strict policy requires generated linkage instead of hard-coded table/prose values.,notebooks/support/regression-analysis/support.html
calc.reg.0939,reg,Regression Analysis,regression-analysis.tex,2254,"June 2014      &        11,196,216  &  7,225,223 & 11,362,096 & 15,498,968 &   -165,880 \\","2014, 11196216, 7225223, 11362096, 15498968, 165880",must_be_generated_from_support_notebook,migration_required,Dense numeric row detected; strict policy requires generated linkage instead of hard-coded table/prose values.,notebooks/support/regression-analysis/support.html
calc.reg.0940,reg,Regression Analysis,regression-analysis.tex,2255,"July 2014      &        13,929,472  & 10,572,555 & 14,845,538 & 19,118,521 &   -916,066 \\","2014, 13929472, 10572555, 14845538, 19118521, 916066",must_be_generated_from_support_notebook,migration_required,Dense numeric row detected; strict policy requires generated linkage instead of hard-coded table/prose values.,notebooks/support/regression-analysis/support.html
calc.reg.0941,reg,Regression Analysis,regression-analysis.tex,2256,"August 2014    &        12,352,176  &  9,357,740 & 13,544,329 & 17,730,918 & -1,192,153 \\","2014, 12352176, 9357740, 13544329, 17730918, 1192153",must_be_generated_from_support_notebook,migration_required,Dense numeric row detected; strict policy requires generated linkage instead of hard-coded table/prose values.,notebooks/support/regression-analysis/support.html
calc.reg.0942,reg,Regression Analysis,regression-analysis.tex,2257,"September 2014 &        12,628,944  &  8,613,794 & 13,497,081 & 18,380,369 &   -868,137 \\","2014, 12628944, 8613794, 13497081, 18380369, 868137",must_be_generated_from_support_notebook,migration_required,Dense numeric row detected; strict policy requires generated linkage instead of hard-coded table/prose values.,notebooks/support/regression-analysis/support.html
calc.reg.0943,reg,Regression Analysis,regression-analysis.tex,2258,"October 2014   &         9,361,000  &  8,358,271 & 12,609,214 & 16,860,157 & -3,248,214 \\","2014, 9361000, 8358271, 12609214, 16860157, 3248214",must_be_generated_from_support_notebook,migration_required,Dense numeric row detected; strict policy requires generated linkage instead of hard-coded table/prose values.,notebooks/support/regression-analysis/support.html
calc.reg.0944,reg,Regression Analysis,regression-analysis.tex,2259,"November 2014  &        10,164,048  &  7,059,618 & 11,282,544 & 15,505,471 & -1,118,496 \\","2014, 10164048, 7059618, 11282544, 15505471, 1118496",must_be_generated_from_support_notebook,migration_required,Dense numeric row detected; strict policy requires generated linkage instead of hard-coded table/prose values.,notebooks/support/regression-analysis/support.html
calc.reg.0945,reg,Regression Analysis,regression-analysis.tex,2260,"December 2014  &        18,377,456  & 16,921,330 & 21,094,017 & 25,266,704 & -2,716,561 \\","2014, 18377456, 16921330, 21094017, 25266704, 2716561",must_be_generated_from_support_notebook,migration_required,Dense numeric row detected; strict policy requires generated linkage instead of hard-coded table/prose values.,notebooks/support/regression-analysis/support.html
calc.reg.0946,reg,Regression Analysis,regression-analysis.tex,2264,"Total          &174,778,400 &             & 198,680,683 & & -23,902,283 \\","174778400, 198680683, 23902283",must_be_generated_from_support_notebook,migration_required,Dense numeric row detected; strict policy requires generated linkage instead of hard-coded table/prose values.,notebooks/support/regression-analysis/support.html
calc.reg.0947,reg,Regression Analysis,regression-analysis.tex,2278,"The prediction intervals are statistical tools for measuring the uncertainty around the monthly expectations; they are not, by themselves, the audit objective. The difference for January 2014 is consistent with the un...","2014, 99%, 99%, 2, 2014, 500",must_be_checked_against_support_notebook,checked_in_support_output,Numeric token(s) found in chapter support notebook output.,notebooks/support/regression-analysis/support.html
calc.reg.0948,reg,Regression Analysis,regression-analysis.tex,2290,"\hat{y}_{\text{Mar}} - 8,\!000,\!000.","8, 000, 000",static_theoretical_or_illustrative,intentional_manual,Line contains numeric content but no compute-signal pattern.,notebooks/support/regression-analysis/support.html
calc.reg.0949,reg,Regression Analysis,regression-analysis.tex,2293,"After this adjustment, the March difference is consistent with the uncertainty measured by the 99\% prediction interval for that month. Consequently, it no longer represents an unexplained deviation requiring further ...","99%, 12",static_theoretical_or_illustrative,intentional_manual,Numeric reference appears contextual rather than a computed manuscript result.,notebooks/support/regression-analysis/support.html
calc.reg.0950,reg,Regression Analysis,regression-analysis.tex,2309,"The monthly expectations serve as benchmarks for evaluating the recorded monthly revenues. As shown in Figure~\ref{fig:H7_expectations}, most monthly recorded amounts fall within their individual 99\% prediction inter...","99%, 2014, 2014",static_theoretical_or_illustrative,intentional_manual,Context appears referential/illustrative without explicit computation operator.,notebooks/support/regression-analysis/support.html
calc.reg.0951,reg,Regression Analysis,regression-analysis.tex,2322,\hat{y}_{\text{total}} = \sum_{i=1}^{12} \hat{y}_i.,"1, 12",must_be_checked_against_support_notebook,checked_in_support_output,Numeric token(s) found in chapter support notebook output.,notebooks/support/regression-analysis/support.html
calc.reg.0952,reg,Regression Analysis,regression-analysis.tex,2333,\hat{y}_i = \hat{\beta}_0 + \hat{\beta}_1 x_i.,"0, 1",must_be_checked_against_support_notebook,checked_in_support_output,Numeric token(s) found in chapter support notebook output.,notebooks/support/regression-analysis/support.html
calc.reg.0953,reg,Regression Analysis,regression-analysis.tex,2340,\hat{y}_{\text{total}} = 12\hat{\beta}_0 + \hat{\beta}_1 \sum_{i=1}^{12} x_i.,"12, 0, 1, 1, 12",must_be_checked_against_support_notebook,checked_in_support_output,Numeric token(s) found in chapter support notebook output.,notebooks/support/regression-analysis/support.html
calc.reg.0954,reg,Regression Analysis,regression-analysis.tex,2344,The prediction variance of the annual total consists of two components. The first component reflects the uncertainty in the estimated regression coefficients. This component captures the covariance between the monthly...,12,static_theoretical_or_illustrative,intentional_manual,Numeric reference appears contextual rather than a computed manuscript result.,notebooks/support/regression-analysis/support.html
calc.reg.0955,reg,Regression Analysis,regression-analysis.tex,2346,"Under the assumption that the future residuals are uncorrelated and have common variance $\hat{\sigma}^2$, the prediction variance of the annual total is",2,static_theoretical_or_illustrative,intentional_manual,Numeric reference appears contextual rather than a computed manuscript result.,notebooks/support/regression-analysis/support.html
calc.reg.0956,reg,Regression Analysis,regression-analysis.tex,2356,12^2\operatorname{Var}(\hat{\beta}_0),"12, 2, 0",static_theoretical_or_illustrative,intentional_manual,Line contains numeric content but no compute-signal pattern.,notebooks/support/regression-analysis/support.html
calc.reg.0957,reg,Regression Analysis,regression-analysis.tex,2359,\sum_{i=1}^{12} x_i,"1, 12",must_be_checked_against_support_notebook,checked_in_support_output,Numeric token(s) found in chapter support notebook output.,notebooks/support/regression-analysis/support.html
calc.reg.0958,reg,Regression Analysis,regression-analysis.tex,2363,2 \cdot 12,"2, 12",must_be_checked_against_support_notebook,checked_in_support_output,Numeric token(s) found in chapter support notebook output.,notebooks/support/regression-analysis/support.html
calc.reg.0959,reg,Regression Analysis,regression-analysis.tex,2365,\sum_{i=1}^{12} x_i,"1, 12",must_be_checked_against_support_notebook,checked_in_support_output,Numeric token(s) found in chapter support notebook output.,notebooks/support/regression-analysis/support.html
calc.reg.0960,reg,Regression Analysis,regression-analysis.tex,2372,"The first three terms represent the uncertainty arising from estimation of the regression coefficients and therefore capture the covariance between the monthly expectations. The final term, \(12\hat{\sigma}^2\), repre...","12, 2, 12",static_theoretical_or_illustrative,intentional_manual,Line contains numeric content but no compute-signal pattern.,notebooks/support/regression-analysis/support.html
calc.reg.0961,reg,Regression Analysis,regression-analysis.tex,2426,"If there is evidence of residual autocorrelation in the hold-out errors, the residual variance component in Equation~\ref{eq:annual_prediction_variance} should be adjusted to reflect that correlation. Specifically, th...","12, 2",static_theoretical_or_illustrative,intentional_manual,Numeric reference appears contextual rather than a computed manuscript result.,notebooks/support/regression-analysis/support.html
calc.reg.0962,reg,Regression Analysis,regression-analysis.tex,2428,"For a total consisting of 12 monthly observations, the residual variance component becomes",12,static_theoretical_or_illustrative,intentional_manual,Numeric reference appears contextual rather than a computed manuscript result.,notebooks/support/regression-analysis/support.html
calc.reg.0963,reg,Regression Analysis,regression-analysis.tex,2431,\operatorname{Var}\!\left(\sum_{i=1}^{12}\varepsilon_i\right),"1, 12",must_be_checked_against_support_notebook,checked_in_support_output,Numeric token(s) found in chapter support notebook output.,notebooks/support/regression-analysis/support.html
calc.reg.0964,reg,Regression Analysis,regression-analysis.tex,2433,\sum_{i=1}^{12}\operatorname{Var}(\varepsilon_i),"1, 12",must_be_checked_against_support_notebook,checked_in_support_output,Numeric token(s) found in chapter support notebook output.,notebooks/support/regression-analysis/support.html
calc.reg.0965,reg,Regression Analysis,regression-analysis.tex,2438,"Positive autocorrelation increases the annual prediction variance because the covariance terms are positive; negative autocorrelation decreases it. In practice, these covariances may be estimated from an autoregressiv...","12, 2",static_theoretical_or_illustrative,intentional_manual,Numeric reference appears contextual rather than a computed manuscript result.,notebooks/support/regression-analysis/support.html
calc.reg.0966,reg,Regression Analysis,regression-analysis.tex,2478,\paragraph{Step 4. Choose an appropriate test and its test statistic},4,handled_by_epic_214_model_test_output,epic_214_scope,Model/test-statistic style output belongs to Epic #214 verification track.,notebooks/support/regression-analysis/support.html
calc.reg.0967,reg,Regression Analysis,regression-analysis.tex,2487,\hspace*{1.2cm}\=\hspace*{1.4cm}\=\hspace*{0.2cm}\= \kill,"1.2, 1.4, 0.2",must_be_generated_from_support_notebook,migration_required,Compute-style manuscript line not yet verifiable from support output snapshot.,notebooks/support/regression-analysis/support.html
calc.reg.0968,reg,Regression Analysis,regression-analysis.tex,2496,\paragraph{Step 5. Derive the distribution of the test statistic under the hypotheses},5,must_be_generated_from_support_notebook,generated_snippet_linked,Line links to generated worked-calculation snippet path.,notebooks/support/regression-analysis/support.html
calc.reg.0969,reg,Regression Analysis,regression-analysis.tex,2497,"Under the alternative hypothesis $H_1$, which assumes that the recorded revenue is not materially misstated, the test statistic $T$ follows a central $t$~distribution with $n-k-1$ degrees of freedom. This distribution...","1, 1",handled_by_epic_214_model_test_output,epic_214_scope,Model/test-statistic style output belongs to Epic #214 verification track.,notebooks/support/regression-analysis/support.html
calc.reg.0970,reg,Regression Analysis,regression-analysis.tex,2499,"Under the null hypothesis $H_0$, where the recorded revenue is materially overstated or understated, the test statistic follows a non-central $t$~distribution. Since $T$ is a standardized statistic, the non-centrality...",0,handled_by_epic_214_model_test_output,epic_214_scope,Model/test-statistic style output belongs to Epic #214 verification track.,notebooks/support/regression-analysis/support.html
calc.reg.0971,reg,Regression Analysis,regression-analysis.tex,2518,"A 99\% prediction interval has a central tail probability of 0.01. In the audit hypothesis test, this probability concerns the alternative hypothesis of no material misstatement and therefore represents Type II error ...","99%, 0.01, 1",handled_by_epic_214_model_test_output,epic_214_scope,Model/test-statistic style output belongs to Epic #214 verification track.,notebooks/support/regression-analysis/support.html
calc.reg.0972,reg,Regression Analysis,regression-analysis.tex,2523,The Acceptable Difference Range is defined by the 99\% prediction interval around the expected difference between the expected and recorded revenue:,99%,must_be_generated_from_support_notebook,generated_snippet_linked,Line links to generated worked-calculation snippet path.,notebooks/support/regression-analysis/support.html
calc.reg.0973,reg,Regression Analysis,regression-analysis.tex,2527,A test statistic that falls between these bounds provides sufficient evidence to reject the audit null hypothesis of material misstatement. Test statistics below the lower bound or above the upper bound do not provide...,0,must_be_generated_from_support_notebook,generated_snippet_linked,Line links to generated worked-calculation snippet path.,notebooks/support/regression-analysis/support.html
calc.reg.0974,reg,Regression Analysis,regression-analysis.tex,2529,\paragraph{Step 8. Compute the value of the test statistic from the sample},8,handled_by_epic_214_model_test_output,epic_214_scope,Model/test-statistic style output belongs to Epic #214 verification track.,notebooks/support/regression-analysis/support.html
calc.reg.0975,reg,Regression Analysis,regression-analysis.tex,2560,"where $s_{\text{comb}}$ is the combined prediction standard error. If the account is not materially misstated, $T$ follows a central $t$ distribution with $n - k - 1$ degrees of freedom.",1,static_theoretical_or_illustrative,intentional_manual,Numeric reference appears contextual rather than a computed manuscript result.,notebooks/support/regression-analysis/support.html
calc.reg.0976,reg,Regression Analysis,regression-analysis.tex,2598,"These probabilities express the likelihood that a material misstatement of size $PM$ would produce a difference outside the decision bounds. Their complement, $\alpha$, is the risk that a material misstatement of size...",1,handled_by_epic_214_model_test_output,epic_214_scope,Model/test-statistic style output belongs to Epic #214 verification track.,notebooks/support/regression-analysis/support.html
calc.reg.0977,reg,Regression Analysis,regression-analysis.tex,2618,\input{generated/workshop-output/exercise-5-1-1},"5, 1, 1",static_theoretical_or_illustrative,intentional_manual,Line contains numeric content but no compute-signal pattern.,notebooks/support/regression-analysis/support.html
calc.reg.0978,reg,Regression Analysis,regression-analysis.tex,2629,\input{generated/workshop-output/exercise-5-2-1},"5, 2, 1",must_be_checked_against_support_notebook,checked_in_support_output,Decision-bound values checked against support notebook output.,notebooks/support/regression-analysis/support.html
calc.reg.0979,reg,Regression Analysis,regression-analysis.tex,2644,\input{generated/workshop-output/exercise-5-3-1},"5, 3, 1",static_theoretical_or_illustrative,intentional_manual,Line contains numeric content but no compute-signal pattern.,notebooks/support/regression-analysis/support.html
calc.reg.0980,reg,Regression Analysis,regression-analysis.tex,2645,\input{generated/workshop-output/exercise-5-3-2},"5, 3, 2",static_theoretical_or_illustrative,intentional_manual,Line contains numeric content but no compute-signal pattern.,notebooks/support/regression-analysis/support.html
calc.reg.0981,reg,Regression Analysis,regression-analysis.tex,2646,\input{generated/workshop-output/exercise-5-3-3},"5, 3, 3",static_theoretical_or_illustrative,intentional_manual,Line contains numeric content but no compute-signal pattern.,notebooks/support/regression-analysis/support.html
calc.reg.0982,reg,Regression Analysis,regression-analysis.tex,2647,\input{generated/workshop-output/exercise-5-3-4},"5, 3, 4",static_theoretical_or_illustrative,intentional_manual,Line contains numeric content but no compute-signal pattern.,notebooks/support/regression-analysis/support.html
calc.reg.0983,reg,Regression Analysis,regression-analysis.tex,2648,\input{generated/workshop-output/exercise-5-3-5},"5, 3, 5",static_theoretical_or_illustrative,intentional_manual,Line contains numeric content but no compute-signal pattern.,notebooks/support/regression-analysis/support.html
calc.reg.0984,reg,Regression Analysis,regression-analysis.tex,2649,\input{generated/workshop-output/exercise-5-3-6},"5, 3, 6",static_theoretical_or_illustrative,intentional_manual,Line contains numeric content but no compute-signal pattern.,notebooks/support/regression-analysis/support.html
calc.reg.0985,reg,Regression Analysis,regression-analysis.tex,2650,\input{generated/workshop-output/exercise-5-3-7},"5, 3, 7",static_theoretical_or_illustrative,intentional_manual,Line contains numeric content but no compute-signal pattern.,notebooks/support/regression-analysis/support.html
calc.reg.0986,reg,Regression Analysis,regression-analysis.tex,2651,\input{generated/workshop-output/exercise-5-3-8},"5, 3, 8",static_theoretical_or_illustrative,intentional_manual,Line contains numeric content but no compute-signal pattern.,notebooks/support/regression-analysis/support.html
calc.reg.0987,reg,Regression Analysis,regression-analysis.tex,2662,\input{generated/workshop-output/exercise-5-4-1},"5, 4, 1",static_theoretical_or_illustrative,intentional_manual,Line contains numeric content but no compute-signal pattern.,notebooks/support/regression-analysis/support.html
calc.reg.0988,reg,Regression Analysis,regression-analysis.tex,2671,\input{generated/workshop-output/exercise-5-5-1},"5, 5, 1",static_theoretical_or_illustrative,intentional_manual,Line contains numeric content but no compute-signal pattern.,notebooks/support/regression-analysis/support.html
calc.reg.0989,reg,Regression Analysis,regression-analysis.tex,2681,\input{generated/workshop-output/exercise-5-6-1},"5, 6, 1",static_theoretical_or_illustrative,intentional_manual,Line contains numeric content but no compute-signal pattern.,notebooks/support/regression-analysis/support.html
calc.reg.0990,reg,Regression Analysis,regression-analysis.tex,2682,\input{generated/workshop-output/exercise-5-6-2},"5, 6, 2",static_theoretical_or_illustrative,intentional_manual,Line contains numeric content but no compute-signal pattern.,notebooks/support/regression-analysis/support.html
calc.reg.0991,reg,Regression Analysis,regression-analysis.tex,2691,\input{generated/workshop-output/exercise-5-7-1},"5, 7, 1",static_theoretical_or_illustrative,intentional_manual,Line contains numeric content but no compute-signal pattern.,notebooks/support/regression-analysis/support.html
calc.reg.0992,reg,Regression Analysis,regression-analysis.tex,2692,\input{generated/workshop-output/exercise-5-7-2},"5, 7, 2",static_theoretical_or_illustrative,intentional_manual,Line contains numeric content but no compute-signal pattern.,notebooks/support/regression-analysis/support.html
calc.reg.0993,reg,Regression Analysis,regression-analysis.tex,2693,\input{generated/workshop-output/exercise-5-7-3},"5, 7, 3",static_theoretical_or_illustrative,intentional_manual,Line contains numeric content but no compute-signal pattern.,notebooks/support/regression-analysis/support.html
calc.reg.0994,reg,Regression Analysis,regression-analysis.tex,2694,\input{generated/workshop-output/exercise-5-7-4},"5, 7, 4",static_theoretical_or_illustrative,intentional_manual,Line contains numeric content but no compute-signal pattern.,notebooks/support/regression-analysis/support.html
calc.reg.0995,reg,Regression Analysis,regression-analysis.tex,2703,\input{generated/workshop-output/exercise-5-8-1},"5, 8, 1",static_theoretical_or_illustrative,intentional_manual,Line contains numeric content but no compute-signal pattern.,notebooks/support/regression-analysis/support.html
calc.reg.0996,reg,Regression Analysis,regression-analysis.tex,2712,\input{generated/workshop-output/exercise-5-9-1},"5, 9, 1",static_theoretical_or_illustrative,intentional_manual,Line contains numeric content but no compute-signal pattern.,notebooks/support/regression-analysis/support.html
calc.reg.0997,reg,Regression Analysis,regression-analysis.tex,2713,\input{generated/workshop-output/exercise-5-9-2},"5, 9, 2",static_theoretical_or_illustrative,intentional_manual,Line contains numeric content but no compute-signal pattern.,notebooks/support/regression-analysis/support.html
calc.reg.0998,reg,Regression Analysis,regression-analysis.tex,2714,\input{generated/workshop-output/exercise-5-9-3},"5, 9, 3",static_theoretical_or_illustrative,intentional_manual,Line contains numeric content but no compute-signal pattern.,notebooks/support/regression-analysis/support.html
calc.reg.0999,reg,Regression Analysis,regression-analysis.tex,2723,\input{generated/workshop-output/exercise-5-10-1},"5, 10, 1",static_theoretical_or_illustrative,intentional_manual,Line contains numeric content but no compute-signal pattern.,notebooks/support/regression-analysis/support.html
calc.reg.1000,reg,Regression Analysis,regression-analysis.tex,2734,\input{generated/workshop-output/exercise-5-11-1},"5, 11, 1",static_theoretical_or_illustrative,intentional_manual,Line contains numeric content but no compute-signal pattern.,notebooks/support/regression-analysis/support.html
calc.reg.1001,reg,Regression Analysis,regression-analysis.tex,2743,\input{generated/workshop-output/exercise-5-12-1},"5, 12, 1",static_theoretical_or_illustrative,intentional_manual,Line contains numeric content but no compute-signal pattern.,notebooks/support/regression-analysis/support.html
calc.reg.1002,reg,Regression Analysis,regression-analysis.tex,2752,\input{generated/workshop-output/exercise-5-13-1},"5, 13, 1",static_theoretical_or_illustrative,intentional_manual,Line contains numeric content but no compute-signal pattern.,notebooks/support/regression-analysis/support.html
calc.reg.1003,reg,Regression Analysis,regression-analysis.tex,2753,\input{generated/workshop-output/exercise-5-13-2},"5, 13, 2",static_theoretical_or_illustrative,intentional_manual,Line contains numeric content but no compute-signal pattern.,notebooks/support/regression-analysis/support.html
calc.reg.1004,reg,Regression Analysis,regression-analysis.tex,2754,\input{generated/workshop-output/exercise-5-13-3},"5, 13, 3",static_theoretical_or_illustrative,intentional_manual,Line contains numeric content but no compute-signal pattern.,notebooks/support/regression-analysis/support.html
calc.reg.1005,reg,Regression Analysis,regression-analysis.tex,2763,\input{generated/workshop-output/exercise-5-14-1},"5, 14, 1",static_theoretical_or_illustrative,intentional_manual,Line contains numeric content but no compute-signal pattern.,notebooks/support/regression-analysis/support.html
calc.reg.1006,reg,Regression Analysis,regression-analysis.tex,2772,\input{generated/workshop-output/exercise-5-15-1},"5, 15, 1",static_theoretical_or_illustrative,intentional_manual,Line contains numeric content but no compute-signal pattern.,notebooks/support/regression-analysis/support.html
calc.reg.1007,reg,Regression Analysis,regression-analysis.tex,2773,\input{generated/workshop-output/exercise-5-15-2},"5, 15, 2",static_theoretical_or_illustrative,intentional_manual,Line contains numeric content but no compute-signal pattern.,notebooks/support/regression-analysis/support.html
calc.reg.1008,reg,Regression Analysis,regression-analysis.tex,2782,\input{generated/workshop-output/exercise-5-16-1},"5, 16, 1",static_theoretical_or_illustrative,intentional_manual,Line contains numeric content but no compute-signal pattern.,notebooks/support/regression-analysis/support.html
calc.reg.1009,reg,Regression Analysis,regression-analysis.tex,2791,\input{generated/workshop-output/exercise-5-17-1},"5, 17, 1",static_theoretical_or_illustrative,intentional_manual,Line contains numeric content but no compute-signal pattern.,notebooks/support/regression-analysis/support.html
calc.reg.1010,reg,Regression Analysis,regression-analysis.tex,2792,\input{generated/workshop-output/exercise-5-17-2},"5, 17, 2",static_theoretical_or_illustrative,intentional_manual,Line contains numeric content but no compute-signal pattern.,notebooks/support/regression-analysis/support.html
calc.reg.1011,reg,Regression Analysis,regression-analysis.tex,2801,\input{generated/workshop-output/exercise-5-18-1},"5, 18, 1",static_theoretical_or_illustrative,intentional_manual,Line contains numeric content but no compute-signal pattern.,notebooks/support/regression-analysis/support.html
calc.reg.1012,reg,Regression Analysis,regression-analysis.tex,2802,\input{generated/workshop-output/exercise-5-18-2},"5, 18, 2",static_theoretical_or_illustrative,intentional_manual,Line contains numeric content but no compute-signal pattern.,notebooks/support/regression-analysis/support.html
calc.reg.1013,reg,Regression Analysis,regression-analysis.tex,2813,\input{generated/workshop-output/exercise-5-19-1},"5, 19, 1",static_theoretical_or_illustrative,intentional_manual,Line contains numeric content but no compute-signal pattern.,notebooks/support/regression-analysis/support.html
calc.reg.1014,reg,Regression Analysis,regression-analysis.tex,2814,\input{generated/workshop-output/exercise-5-19-2},"5, 19, 2",static_theoretical_or_illustrative,intentional_manual,Line contains numeric content but no compute-signal pattern.,notebooks/support/regression-analysis/support.html
calc.reg.1015,reg,Regression Analysis,regression-analysis.tex,2815,\input{generated/workshop-output/exercise-5-19-3},"5, 19, 3",static_theoretical_or_illustrative,intentional_manual,Line contains numeric content but no compute-signal pattern.,notebooks/support/regression-analysis/support.html
calc.reg.1016,reg,Regression Analysis,regression-analysis.tex,2816,\input{generated/workshop-output/exercise-5-19-4},"5, 19, 4",static_theoretical_or_illustrative,intentional_manual,Line contains numeric content but no compute-signal pattern.,notebooks/support/regression-analysis/support.html
calc.reg.1017,reg,Regression Analysis,regression-analysis.tex,2817,\input{generated/workshop-output/exercise-5-19-5},"5, 19, 5",static_theoretical_or_illustrative,intentional_manual,Line contains numeric content but no compute-signal pattern.,notebooks/support/regression-analysis/support.html
calc.reg.1018,reg,Regression Analysis,regression-analysis.tex,2826,\input{generated/workshop-output/exercise-5-20-1},"5, 20, 1",static_theoretical_or_illustrative,intentional_manual,Line contains numeric content but no compute-signal pattern.,notebooks/support/regression-analysis/support.html
calc.reg.1019,reg,Regression Analysis,regression-analysis.tex,2827,\input{generated/workshop-output/exercise-5-20-2},"5, 20, 2",static_theoretical_or_illustrative,intentional_manual,Line contains numeric content but no compute-signal pattern.,notebooks/support/regression-analysis/support.html
calc.reg.1020,reg,Regression Analysis,regression-analysis.tex,2828,\input{generated/workshop-output/exercise-5-20-3},"5, 20, 3",static_theoretical_or_illustrative,intentional_manual,Line contains numeric content but no compute-signal pattern.,notebooks/support/regression-analysis/support.html
calc.reg.1021,reg,Regression Analysis,regression-analysis.tex,2837,\input{generated/workshop-output/exercise-5-21-1},"5, 21, 1",static_theoretical_or_illustrative,intentional_manual,Line contains numeric content but no compute-signal pattern.,notebooks/support/regression-analysis/support.html
calc.reg.1022,reg,Regression Analysis,regression-analysis.tex,2846,\input{generated/workshop-output/exercise-5-22-1},"5, 22, 1",static_theoretical_or_illustrative,intentional_manual,Line contains numeric content but no compute-signal pattern.,notebooks/support/regression-analysis/support.html
calc.reg.1023,reg,Regression Analysis,regression-analysis.tex,2847,\input{generated/workshop-output/exercise-5-22-2},"5, 22, 2",static_theoretical_or_illustrative,intentional_manual,Line contains numeric content but no compute-signal pattern.,notebooks/support/regression-analysis/support.html
calc.reg.1024,reg,Regression Analysis,regression-analysis.tex,2858,\input{generated/workshop-output/exercise-5-23-1},"5, 23, 1",static_theoretical_or_illustrative,intentional_manual,Line contains numeric content but no compute-signal pattern.,notebooks/support/regression-analysis/support.html
calc.reg.1025,reg,Regression Analysis,regression-analysis.tex,2859,\input{generated/workshop-output/exercise-5-23-2},"5, 23, 2",static_theoretical_or_illustrative,intentional_manual,Line contains numeric content but no compute-signal pattern.,notebooks/support/regression-analysis/support.html
calc.reg.1026,reg,Regression Analysis,regression-analysis.tex,2860,\input{generated/workshop-output/exercise-5-23-3},"5, 23, 3",static_theoretical_or_illustrative,intentional_manual,Line contains numeric content but no compute-signal pattern.,notebooks/support/regression-analysis/support.html
calc.reg.1027,reg,Regression Analysis,regression-analysis.tex,2869,\input{generated/workshop-output/exercise-5-24-1},"5, 24, 1",static_theoretical_or_illustrative,intentional_manual,Line contains numeric content but no compute-signal pattern.,notebooks/support/regression-analysis/support.html
calc.reg.1028,reg,Regression Analysis,regression-analysis.tex,2870,\input{generated/workshop-output/exercise-5-24-2},"5, 24, 2",static_theoretical_or_illustrative,intentional_manual,Line contains numeric content but no compute-signal pattern.,notebooks/support/regression-analysis/support.html
calc.reg.1029,reg,Regression Analysis,regression-analysis.tex,2879,\input{generated/workshop-output/exercise-5-25-1},"5, 25, 1",static_theoretical_or_illustrative,intentional_manual,Line contains numeric content but no compute-signal pattern.,notebooks/support/regression-analysis/support.html
calc.reg.1030,reg,Regression Analysis,regression-analysis.tex,2880,\input{generated/workshop-output/exercise-5-25-2},"5, 25, 2",static_theoretical_or_illustrative,intentional_manual,Line contains numeric content but no compute-signal pattern.,notebooks/support/regression-analysis/support.html
calc.reg.1031,reg,Regression Analysis,regression-analysis.tex,2889,\input{generated/workshop-output/exercise-5-26-1},"5, 26, 1",static_theoretical_or_illustrative,intentional_manual,Line contains numeric content but no compute-signal pattern.,notebooks/support/regression-analysis/support.html
calc.reg.1032,reg,Regression Analysis,regression-analysis.tex,2890,\input{generated/workshop-output/exercise-5-26-2},"5, 26, 2",static_theoretical_or_illustrative,intentional_manual,Line contains numeric content but no compute-signal pattern.,notebooks/support/regression-analysis/support.html
calc.reg.1033,reg,Regression Analysis,regression-analysis.tex,2891,\input{generated/workshop-output/exercise-5-26-3},"5, 26, 3",static_theoretical_or_illustrative,intentional_manual,Line contains numeric content but no compute-signal pattern.,notebooks/support/regression-analysis/support.html
calc.reg.1034,reg,Regression Analysis,regression-analysis.tex,2892,\input{generated/workshop-output/exercise-5-26-4},"5, 26, 4",static_theoretical_or_illustrative,intentional_manual,Line contains numeric content but no compute-signal pattern.,notebooks/support/regression-analysis/support.html
calc.reg.1035,reg,Regression Analysis,regression-analysis.tex,2901,\input{generated/workshop-output/exercise-5-27-1},"5, 27, 1",static_theoretical_or_illustrative,intentional_manual,Line contains numeric content but no compute-signal pattern.,notebooks/support/regression-analysis/support.html
calc.reg.1036,reg,Regression Analysis,regression-analysis.tex,2910,\input{generated/workshop-output/exercise-5-28-1},"5, 28, 1",static_theoretical_or_illustrative,intentional_manual,Line contains numeric content but no compute-signal pattern.,notebooks/support/regression-analysis/support.html
calc.reg.1037,reg,Regression Analysis,regression-analysis.tex,2919,\input{generated/workshop-output/exercise-5-29-1},"5, 29, 1",static_theoretical_or_illustrative,intentional_manual,Line contains numeric content but no compute-signal pattern.,notebooks/support/regression-analysis/support.html
calc.reg.1038,reg,Regression Analysis,regression-analysis.tex,2930,\input{generated/workshop-output/exercise-5-30-1},"5, 30, 1",static_theoretical_or_illustrative,intentional_manual,Line contains numeric content but no compute-signal pattern.,notebooks/support/regression-analysis/support.html
calc.reg.1039,reg,Regression Analysis,regression-analysis.tex,2939,\input{generated/workshop-output/exercise-5-31-1},"5, 31, 1",static_theoretical_or_illustrative,intentional_manual,Line contains numeric content but no compute-signal pattern.,notebooks/support/regression-analysis/support.html
calc.reg.1040,reg,Regression Analysis,regression-analysis.tex,2940,\input{generated/workshop-output/exercise-5-31-2},"5, 31, 2",static_theoretical_or_illustrative,intentional_manual,Line contains numeric content but no compute-signal pattern.,notebooks/support/regression-analysis/support.html
calc.reg.1041,reg,Regression Analysis,regression-analysis.tex,2941,\input{generated/workshop-output/exercise-5-31-3},"5, 31, 3",static_theoretical_or_illustrative,intentional_manual,Line contains numeric content but no compute-signal pattern.,notebooks/support/regression-analysis/support.html
calc.reg.1042,reg,Regression Analysis,regression-analysis.tex,2942,\input{generated/workshop-output/exercise-5-31-4},"5, 31, 4",static_theoretical_or_illustrative,intentional_manual,Line contains numeric content but no compute-signal pattern.,notebooks/support/regression-analysis/support.html
calc.reg.1043,reg,Regression Analysis,regression-analysis.tex,2953,\input{generated/workshop-output/exercise-5-32-1},"5, 32, 1",static_theoretical_or_illustrative,intentional_manual,Line contains numeric content but no compute-signal pattern.,notebooks/support/regression-analysis/support.html
calc.reg.1044,reg,Regression Analysis,regression-analysis.tex,2962,\input{generated/workshop-output/exercise-5-33-1},"5, 33, 1",static_theoretical_or_illustrative,intentional_manual,Line contains numeric content but no compute-signal pattern.,notebooks/support/regression-analysis/support.html
calc.reg.1045,reg,Regression Analysis,regression-analysis.tex,2963,\input{generated/workshop-output/exercise-5-33-2},"5, 33, 2",static_theoretical_or_illustrative,intentional_manual,Line contains numeric content but no compute-signal pattern.,notebooks/support/regression-analysis/support.html
calc.reg.1046,reg,Regression Analysis,regression-analysis.tex,2972,\input{generated/workshop-output/exercise-5-34-1},"5, 34, 1",static_theoretical_or_illustrative,intentional_manual,Line contains numeric content but no compute-signal pattern.,notebooks/support/regression-analysis/support.html
calc.reg.1047,reg,Regression Analysis,regression-analysis.tex,2983,\input{generated/workshop-output/exercise-5-35-1},"5, 35, 1",static_theoretical_or_illustrative,intentional_manual,Line contains numeric content but no compute-signal pattern.,notebooks/support/regression-analysis/support.html
calc.reg.1048,reg,Regression Analysis,regression-analysis.tex,2984,\input{generated/workshop-output/exercise-5-35-2},"5, 35, 2",static_theoretical_or_illustrative,intentional_manual,Line contains numeric content but no compute-signal pattern.,notebooks/support/regression-analysis/support.html
calc.reg.1049,reg,Regression Analysis,regression-analysis.tex,2985,\input{generated/workshop-output/exercise-5-35-3},"5, 35, 3",static_theoretical_or_illustrative,intentional_manual,Line contains numeric content but no compute-signal pattern.,notebooks/support/regression-analysis/support.html
calc.reg.1050,reg,Regression Analysis,regression-analysis.tex,2995,\input{generated/workshop-output/exercise-5-36-1},"5, 36, 1",static_theoretical_or_illustrative,intentional_manual,Line contains numeric content but no compute-signal pattern.,notebooks/support/regression-analysis/support.html
calc.reg.1051,reg,Regression Analysis,regression-analysis.tex,2996,\input{generated/workshop-output/exercise-5-36-2},"5, 36, 2",static_theoretical_or_illustrative,intentional_manual,Line contains numeric content but no compute-signal pattern.,notebooks/support/regression-analysis/support.html
calc.reg.1052,reg,Regression Analysis,regression-analysis.tex,2997,\input{generated/workshop-output/exercise-5-36-3},"5, 36, 3",static_theoretical_or_illustrative,intentional_manual,Line contains numeric content but no compute-signal pattern.,notebooks/support/regression-analysis/support.html
calc.reg.1053,reg,Regression Analysis,regression-analysis.tex,2998,\input{generated/workshop-output/exercise-5-36-4},"5, 36, 4",static_theoretical_or_illustrative,intentional_manual,Line contains numeric content but no compute-signal pattern.,notebooks/support/regression-analysis/support.html
calc.reg.1054,reg,Regression Analysis,regression-analysis.tex,2999,\input{generated/workshop-output/exercise-5-36-5},"5, 36, 5",static_theoretical_or_illustrative,intentional_manual,Line contains numeric content but no compute-signal pattern.,notebooks/support/regression-analysis/support.html
calc.reg.1055,reg,Regression Analysis,regression-analysis.tex,3000,\input{generated/workshop-output/exercise-5-36-6},"5, 36, 6",static_theoretical_or_illustrative,intentional_manual,Line contains numeric content but no compute-signal pattern.,notebooks/support/regression-analysis/support.html
calc.reg.1056,reg,Regression Analysis,regression-analysis.tex,3015,\input{generated/workshop-output-python/exercise-5-1-1},"5, 1, 1",static_theoretical_or_illustrative,intentional_manual,Line contains numeric content but no compute-signal pattern.,notebooks/support/regression-analysis/support.html
calc.reg.1057,reg,Regression Analysis,regression-analysis.tex,3024,\input{generated/workshop-output-python/exercise-5-2-1},"5, 2, 1",static_theoretical_or_illustrative,intentional_manual,Line contains numeric content but no compute-signal pattern.,notebooks/support/regression-analysis/support.html
calc.reg.1058,reg,Regression Analysis,regression-analysis.tex,3033,\input{generated/workshop-output-python/exercise-5-3-1},"5, 3, 1",static_theoretical_or_illustrative,intentional_manual,Line contains numeric content but no compute-signal pattern.,notebooks/support/regression-analysis/support.html
calc.reg.1059,reg,Regression Analysis,regression-analysis.tex,3034,\input{generated/workshop-output-python/exercise-5-3-2},"5, 3, 2",static_theoretical_or_illustrative,intentional_manual,Line contains numeric content but no compute-signal pattern.,notebooks/support/regression-analysis/support.html
calc.reg.1060,reg,Regression Analysis,regression-analysis.tex,3035,\input{generated/workshop-output-python/exercise-5-3-3},"5, 3, 3",static_theoretical_or_illustrative,intentional_manual,Line contains numeric content but no compute-signal pattern.,notebooks/support/regression-analysis/support.html
calc.reg.1061,reg,Regression Analysis,regression-analysis.tex,3036,\input{generated/workshop-output-python/exercise-5-3-4},"5, 3, 4",static_theoretical_or_illustrative,intentional_manual,Line contains numeric content but no compute-signal pattern.,notebooks/support/regression-analysis/support.html
calc.reg.1062,reg,Regression Analysis,regression-analysis.tex,3037,\input{generated/workshop-output-python/exercise-5-3-5},"5, 3, 5",static_theoretical_or_illustrative,intentional_manual,Line contains numeric content but no compute-signal pattern.,notebooks/support/regression-analysis/support.html
calc.reg.1063,reg,Regression Analysis,regression-analysis.tex,3038,\input{generated/workshop-output-python/exercise-5-3-6},"5, 3, 6",static_theoretical_or_illustrative,intentional_manual,Line contains numeric content but no compute-signal pattern.,notebooks/support/regression-analysis/support.html
calc.reg.1064,reg,Regression Analysis,regression-analysis.tex,3039,\input{generated/workshop-output-python/exercise-5-3-7},"5, 3, 7",static_theoretical_or_illustrative,intentional_manual,Line contains numeric content but no compute-signal pattern.,notebooks/support/regression-analysis/support.html
calc.reg.1065,reg,Regression Analysis,regression-analysis.tex,3040,\input{generated/workshop-output-python/exercise-5-3-8},"5, 3, 8",static_theoretical_or_illustrative,intentional_manual,Line contains numeric content but no compute-signal pattern.,notebooks/support/regression-analysis/support.html
calc.reg.1066,reg,Regression Analysis,regression-analysis.tex,3049,\input{generated/workshop-output-python/exercise-5-4-1},"5, 4, 1",static_theoretical_or_illustrative,intentional_manual,Line contains numeric content but no compute-signal pattern.,notebooks/support/regression-analysis/support.html
calc.reg.1067,reg,Regression Analysis,regression-analysis.tex,3058,\input{generated/workshop-output-python/exercise-5-5-1},"5, 5, 1",static_theoretical_or_illustrative,intentional_manual,Line contains numeric content but no compute-signal pattern.,notebooks/support/regression-analysis/support.html
calc.reg.1068,reg,Regression Analysis,regression-analysis.tex,3067,\input{generated/workshop-output-python/exercise-5-6-1},"5, 6, 1",static_theoretical_or_illustrative,intentional_manual,Line contains numeric content but no compute-signal pattern.,notebooks/support/regression-analysis/support.html
calc.reg.1069,reg,Regression Analysis,regression-analysis.tex,3068,\input{generated/workshop-output-python/exercise-5-6-2},"5, 6, 2",static_theoretical_or_illustrative,intentional_manual,Line contains numeric content but no compute-signal pattern.,notebooks/support/regression-analysis/support.html
calc.reg.1070,reg,Regression Analysis,regression-analysis.tex,3077,\input{generated/workshop-output-python/exercise-5-7-1},"5, 7, 1",static_theoretical_or_illustrative,intentional_manual,Line contains numeric content but no compute-signal pattern.,notebooks/support/regression-analysis/support.html
calc.reg.1071,reg,Regression Analysis,regression-analysis.tex,3078,\input{generated/workshop-output-python/exercise-5-7-2},"5, 7, 2",static_theoretical_or_illustrative,intentional_manual,Line contains numeric content but no compute-signal pattern.,notebooks/support/regression-analysis/support.html
calc.reg.1072,reg,Regression Analysis,regression-analysis.tex,3079,\input{generated/workshop-output-python/exercise-5-7-3},"5, 7, 3",static_theoretical_or_illustrative,intentional_manual,Line contains numeric content but no compute-signal pattern.,notebooks/support/regression-analysis/support.html
calc.reg.1073,reg,Regression Analysis,regression-analysis.tex,3080,\input{generated/workshop-output-python/exercise-5-7-4},"5, 7, 4",static_theoretical_or_illustrative,intentional_manual,Line contains numeric content but no compute-signal pattern.,notebooks/support/regression-analysis/support.html
calc.reg.1074,reg,Regression Analysis,regression-analysis.tex,3089,\input{generated/workshop-output-python/exercise-5-8-1},"5, 8, 1",static_theoretical_or_illustrative,intentional_manual,Line contains numeric content but no compute-signal pattern.,notebooks/support/regression-analysis/support.html
calc.reg.1075,reg,Regression Analysis,regression-analysis.tex,3098,\input{generated/workshop-output-python/exercise-5-9-1},"5, 9, 1",static_theoretical_or_illustrative,intentional_manual,Line contains numeric content but no compute-signal pattern.,notebooks/support/regression-analysis/support.html
calc.reg.1076,reg,Regression Analysis,regression-analysis.tex,3099,\input{generated/workshop-output-python/exercise-5-9-2},"5, 9, 2",static_theoretical_or_illustrative,intentional_manual,Line contains numeric content but no compute-signal pattern.,notebooks/support/regression-analysis/support.html
calc.reg.1077,reg,Regression Analysis,regression-analysis.tex,3100,\input{generated/workshop-output-python/exercise-5-9-3},"5, 9, 3",static_theoretical_or_illustrative,intentional_manual,Line contains numeric content but no compute-signal pattern.,notebooks/support/regression-analysis/support.html
calc.reg.1078,reg,Regression Analysis,regression-analysis.tex,3109,\input{generated/workshop-output-python/exercise-5-10-1},"5, 10, 1",static_theoretical_or_illustrative,intentional_manual,Line contains numeric content but no compute-signal pattern.,notebooks/support/regression-analysis/support.html
calc.reg.1079,reg,Regression Analysis,regression-analysis.tex,3118,\input{generated/workshop-output-python/exercise-5-11-1},"5, 11, 1",static_theoretical_or_illustrative,intentional_manual,Line contains numeric content but no compute-signal pattern.,notebooks/support/regression-analysis/support.html
calc.reg.1080,reg,Regression Analysis,regression-analysis.tex,3127,\input{generated/workshop-output-python/exercise-5-12-1},"5, 12, 1",static_theoretical_or_illustrative,intentional_manual,Line contains numeric content but no compute-signal pattern.,notebooks/support/regression-analysis/support.html
calc.reg.1081,reg,Regression Analysis,regression-analysis.tex,3136,\input{generated/workshop-output-python/exercise-5-13-1},"5, 13, 1",static_theoretical_or_illustrative,intentional_manual,Line contains numeric content but no compute-signal pattern.,notebooks/support/regression-analysis/support.html
calc.reg.1082,reg,Regression Analysis,regression-analysis.tex,3137,\input{generated/workshop-output-python/exercise-5-13-2},"5, 13, 2",static_theoretical_or_illustrative,intentional_manual,Line contains numeric content but no compute-signal pattern.,notebooks/support/regression-analysis/support.html
calc.reg.1083,reg,Regression Analysis,regression-analysis.tex,3138,\input{generated/workshop-output-python/exercise-5-13-3},"5, 13, 3",static_theoretical_or_illustrative,intentional_manual,Line contains numeric content but no compute-signal pattern.,notebooks/support/regression-analysis/support.html
calc.reg.1084,reg,Regression Analysis,regression-analysis.tex,3147,\input{generated/workshop-output-python/exercise-5-14-1},"5, 14, 1",static_theoretical_or_illustrative,intentional_manual,Line contains numeric content but no compute-signal pattern.,notebooks/support/regression-analysis/support.html
calc.reg.1085,reg,Regression Analysis,regression-analysis.tex,3156,\input{generated/workshop-output-python/exercise-5-15-1},"5, 15, 1",static_theoretical_or_illustrative,intentional_manual,Line contains numeric content but no compute-signal pattern.,notebooks/support/regression-analysis/support.html
calc.reg.1086,reg,Regression Analysis,regression-analysis.tex,3157,\input{generated/workshop-output-python/exercise-5-15-2},"5, 15, 2",static_theoretical_or_illustrative,intentional_manual,Line contains numeric content but no compute-signal pattern.,notebooks/support/regression-analysis/support.html
calc.reg.1087,reg,Regression Analysis,regression-analysis.tex,3166,\input{generated/workshop-output-python/exercise-5-16-1},"5, 16, 1",static_theoretical_or_illustrative,intentional_manual,Line contains numeric content but no compute-signal pattern.,notebooks/support/regression-analysis/support.html
calc.reg.1088,reg,Regression Analysis,regression-analysis.tex,3175,\input{generated/workshop-output-python/exercise-5-17-1},"5, 17, 1",static_theoretical_or_illustrative,intentional_manual,Line contains numeric content but no compute-signal pattern.,notebooks/support/regression-analysis/support.html
calc.reg.1089,reg,Regression Analysis,regression-analysis.tex,3176,\input{generated/workshop-output-python/exercise-5-17-2},"5, 17, 2",static_theoretical_or_illustrative,intentional_manual,Line contains numeric content but no compute-signal pattern.,notebooks/support/regression-analysis/support.html
calc.reg.1090,reg,Regression Analysis,regression-analysis.tex,3185,\input{generated/workshop-output-python/exercise-5-18-1},"5, 18, 1",static_theoretical_or_illustrative,intentional_manual,Line contains numeric content but no compute-signal pattern.,notebooks/support/regression-analysis/support.html
calc.reg.1091,reg,Regression Analysis,regression-analysis.tex,3186,\input{generated/workshop-output-python/exercise-5-18-2},"5, 18, 2",static_theoretical_or_illustrative,intentional_manual,Line contains numeric content but no compute-signal pattern.,notebooks/support/regression-analysis/support.html
calc.reg.1092,reg,Regression Analysis,regression-analysis.tex,3195,\input{generated/workshop-output-python/exercise-5-19-1},"5, 19, 1",static_theoretical_or_illustrative,intentional_manual,Line contains numeric content but no compute-signal pattern.,notebooks/support/regression-analysis/support.html
calc.reg.1093,reg,Regression Analysis,regression-analysis.tex,3196,\input{generated/workshop-output-python/exercise-5-19-2},"5, 19, 2",static_theoretical_or_illustrative,intentional_manual,Line contains numeric content but no compute-signal pattern.,notebooks/support/regression-analysis/support.html
calc.reg.1094,reg,Regression Analysis,regression-analysis.tex,3197,\input{generated/workshop-output-python/exercise-5-19-3},"5, 19, 3",static_theoretical_or_illustrative,intentional_manual,Line contains numeric content but no compute-signal pattern.,notebooks/support/regression-analysis/support.html
calc.reg.1095,reg,Regression Analysis,regression-analysis.tex,3198,\input{generated/workshop-output-python/exercise-5-19-4},"5, 19, 4",static_theoretical_or_illustrative,intentional_manual,Line contains numeric content but no compute-signal pattern.,notebooks/support/regression-analysis/support.html
calc.reg.1096,reg,Regression Analysis,regression-analysis.tex,3199,\input{generated/workshop-output-python/exercise-5-19-5},"5, 19, 5",static_theoretical_or_illustrative,intentional_manual,Line contains numeric content but no compute-signal pattern.,notebooks/support/regression-analysis/support.html
calc.reg.1097,reg,Regression Analysis,regression-analysis.tex,3208,\input{generated/workshop-output-python/exercise-5-20-1},"5, 20, 1",static_theoretical_or_illustrative,intentional_manual,Line contains numeric content but no compute-signal pattern.,notebooks/support/regression-analysis/support.html
calc.reg.1098,reg,Regression Analysis,regression-analysis.tex,3209,\input{generated/workshop-output-python/exercise-5-20-2},"5, 20, 2",static_theoretical_or_illustrative,intentional_manual,Line contains numeric content but no compute-signal pattern.,notebooks/support/regression-analysis/support.html
calc.reg.1099,reg,Regression Analysis,regression-analysis.tex,3210,\input{generated/workshop-output-python/exercise-5-20-3},"5, 20, 3",static_theoretical_or_illustrative,intentional_manual,Line contains numeric content but no compute-signal pattern.,notebooks/support/regression-analysis/support.html
calc.reg.1100,reg,Regression Analysis,regression-analysis.tex,3219,\input{generated/workshop-output-python/exercise-5-21-1},"5, 21, 1",static_theoretical_or_illustrative,intentional_manual,Line contains numeric content but no compute-signal pattern.,notebooks/support/regression-analysis/support.html
calc.reg.1101,reg,Regression Analysis,regression-analysis.tex,3228,\input{generated/workshop-output-python/exercise-5-22-1},"5, 22, 1",static_theoretical_or_illustrative,intentional_manual,Line contains numeric content but no compute-signal pattern.,notebooks/support/regression-analysis/support.html
calc.reg.1102,reg,Regression Analysis,regression-analysis.tex,3229,\input{generated/workshop-output-python/exercise-5-22-2},"5, 22, 2",static_theoretical_or_illustrative,intentional_manual,Line contains numeric content but no compute-signal pattern.,notebooks/support/regression-analysis/support.html
calc.reg.1103,reg,Regression Analysis,regression-analysis.tex,3238,\input{generated/workshop-output-python/exercise-5-23-1},"5, 23, 1",static_theoretical_or_illustrative,intentional_manual,Line contains numeric content but no compute-signal pattern.,notebooks/support/regression-analysis/support.html
calc.reg.1104,reg,Regression Analysis,regression-analysis.tex,3239,\input{generated/workshop-output-python/exercise-5-23-2},"5, 23, 2",static_theoretical_or_illustrative,intentional_manual,Line contains numeric content but no compute-signal pattern.,notebooks/support/regression-analysis/support.html
calc.reg.1105,reg,Regression Analysis,regression-analysis.tex,3240,\input{generated/workshop-output-python/exercise-5-23-3},"5, 23, 3",static_theoretical_or_illustrative,intentional_manual,Line contains numeric content but no compute-signal pattern.,notebooks/support/regression-analysis/support.html
calc.reg.1106,reg,Regression Analysis,regression-analysis.tex,3249,\input{generated/workshop-output-python/exercise-5-24-1},"5, 24, 1",static_theoretical_or_illustrative,intentional_manual,Line contains numeric content but no compute-signal pattern.,notebooks/support/regression-analysis/support.html
calc.reg.1107,reg,Regression Analysis,regression-analysis.tex,3250,\input{generated/workshop-output-python/exercise-5-24-2},"5, 24, 2",static_theoretical_or_illustrative,intentional_manual,Line contains numeric content but no compute-signal pattern.,notebooks/support/regression-analysis/support.html
calc.reg.1108,reg,Regression Analysis,regression-analysis.tex,3259,\input{generated/workshop-output-python/exercise-5-25-1},"5, 25, 1",static_theoretical_or_illustrative,intentional_manual,Line contains numeric content but no compute-signal pattern.,notebooks/support/regression-analysis/support.html
calc.reg.1109,reg,Regression Analysis,regression-analysis.tex,3260,\input{generated/workshop-output-python/exercise-5-25-2},"5, 25, 2",static_theoretical_or_illustrative,intentional_manual,Line contains numeric content but no compute-signal pattern.,notebooks/support/regression-analysis/support.html
calc.reg.1110,reg,Regression Analysis,regression-analysis.tex,3269,\input{generated/workshop-output-python/exercise-5-26-1},"5, 26, 1",static_theoretical_or_illustrative,intentional_manual,Line contains numeric content but no compute-signal pattern.,notebooks/support/regression-analysis/support.html
calc.reg.1111,reg,Regression Analysis,regression-analysis.tex,3270,\input{generated/workshop-output-python/exercise-5-26-2},"5, 26, 2",static_theoretical_or_illustrative,intentional_manual,Line contains numeric content but no compute-signal pattern.,notebooks/support/regression-analysis/support.html
calc.reg.1112,reg,Regression Analysis,regression-analysis.tex,3271,\input{generated/workshop-output-python/exercise-5-26-3},"5, 26, 3",static_theoretical_or_illustrative,intentional_manual,Line contains numeric content but no compute-signal pattern.,notebooks/support/regression-analysis/support.html
calc.reg.1113,reg,Regression Analysis,regression-analysis.tex,3272,\input{generated/workshop-output-python/exercise-5-26-4},"5, 26, 4",static_theoretical_or_illustrative,intentional_manual,Line contains numeric content but no compute-signal pattern.,notebooks/support/regression-analysis/support.html
calc.reg.1114,reg,Regression Analysis,regression-analysis.tex,3281,\input{generated/workshop-output-python/exercise-5-27-1},"5, 27, 1",static_theoretical_or_illustrative,intentional_manual,Line contains numeric content but no compute-signal pattern.,notebooks/support/regression-analysis/support.html
calc.reg.1115,reg,Regression Analysis,regression-analysis.tex,3290,\input{generated/workshop-output-python/exercise-5-28-1},"5, 28, 1",static_theoretical_or_illustrative,intentional_manual,Line contains numeric content but no compute-signal pattern.,notebooks/support/regression-analysis/support.html
calc.reg.1116,reg,Regression Analysis,regression-analysis.tex,3299,\input{generated/workshop-output-python/exercise-5-29-1},"5, 29, 1",static_theoretical_or_illustrative,intentional_manual,Line contains numeric content but no compute-signal pattern.,notebooks/support/regression-analysis/support.html
calc.reg.1117,reg,Regression Analysis,regression-analysis.tex,3308,\input{generated/workshop-output-python/exercise-5-30-1},"5, 30, 1",static_theoretical_or_illustrative,intentional_manual,Line contains numeric content but no compute-signal pattern.,notebooks/support/regression-analysis/support.html
calc.reg.1118,reg,Regression Analysis,regression-analysis.tex,3317,\input{generated/workshop-output-python/exercise-5-31-1},"5, 31, 1",static_theoretical_or_illustrative,intentional_manual,Line contains numeric content but no compute-signal pattern.,notebooks/support/regression-analysis/support.html
calc.reg.1119,reg,Regression Analysis,regression-analysis.tex,3318,\input{generated/workshop-output-python/exercise-5-31-2},"5, 31, 2",static_theoretical_or_illustrative,intentional_manual,Line contains numeric content but no compute-signal pattern.,notebooks/support/regression-analysis/support.html
calc.reg.1120,reg,Regression Analysis,regression-analysis.tex,3319,\input{generated/workshop-output-python/exercise-5-31-3},"5, 31, 3",static_theoretical_or_illustrative,intentional_manual,Line contains numeric content but no compute-signal pattern.,notebooks/support/regression-analysis/support.html
calc.reg.1121,reg,Regression Analysis,regression-analysis.tex,3320,\input{generated/workshop-output-python/exercise-5-31-4},"5, 31, 4",static_theoretical_or_illustrative,intentional_manual,Line contains numeric content but no compute-signal pattern.,notebooks/support/regression-analysis/support.html
calc.reg.1122,reg,Regression Analysis,regression-analysis.tex,3329,\input{generated/workshop-output-python/exercise-5-32-1},"5, 32, 1",static_theoretical_or_illustrative,intentional_manual,Line contains numeric content but no compute-signal pattern.,notebooks/support/regression-analysis/support.html
calc.reg.1123,reg,Regression Analysis,regression-analysis.tex,3338,\input{generated/workshop-output-python/exercise-5-33-1},"5, 33, 1",static_theoretical_or_illustrative,intentional_manual,Line contains numeric content but no compute-signal pattern.,notebooks/support/regression-analysis/support.html
calc.reg.1124,reg,Regression Analysis,regression-analysis.tex,3339,\input{generated/workshop-output-python/exercise-5-33-2},"5, 33, 2",static_theoretical_or_illustrative,intentional_manual,Line contains numeric content but no compute-signal pattern.,notebooks/support/regression-analysis/support.html
calc.reg.1125,reg,Regression Analysis,regression-analysis.tex,3348,\input{generated/workshop-output-python/exercise-5-34-1},"5, 34, 1",static_theoretical_or_illustrative,intentional_manual,Line contains numeric content but no compute-signal pattern.,notebooks/support/regression-analysis/support.html
calc.reg.1126,reg,Regression Analysis,regression-analysis.tex,3357,\input{generated/workshop-output-python/exercise-5-35-1},"5, 35, 1",static_theoretical_or_illustrative,intentional_manual,Line contains numeric content but no compute-signal pattern.,notebooks/support/regression-analysis/support.html
calc.reg.1127,reg,Regression Analysis,regression-analysis.tex,3358,\input{generated/workshop-output-python/exercise-5-35-2},"5, 35, 2",static_theoretical_or_illustrative,intentional_manual,Line contains numeric content but no compute-signal pattern.,notebooks/support/regression-analysis/support.html
calc.reg.1128,reg,Regression Analysis,regression-analysis.tex,3359,\input{generated/workshop-output-python/exercise-5-35-3},"5, 35, 3",static_theoretical_or_illustrative,intentional_manual,Line contains numeric content but no compute-signal pattern.,notebooks/support/regression-analysis/support.html
calc.reg.1129,reg,Regression Analysis,regression-analysis.tex,3368,\input{generated/workshop-output-python/exercise-5-36-1},"5, 36, 1",static_theoretical_or_illustrative,intentional_manual,Line contains numeric content but no compute-signal pattern.,notebooks/support/regression-analysis/support.html
calc.reg.1130,reg,Regression Analysis,regression-analysis.tex,3369,\input{generated/workshop-output-python/exercise-5-36-2},"5, 36, 2",static_theoretical_or_illustrative,intentional_manual,Line contains numeric content but no compute-signal pattern.,notebooks/support/regression-analysis/support.html
calc.reg.1131,reg,Regression Analysis,regression-analysis.tex,3370,\input{generated/workshop-output-python/exercise-5-36-3},"5, 36, 3",static_theoretical_or_illustrative,intentional_manual,Line contains numeric content but no compute-signal pattern.,notebooks/support/regression-analysis/support.html
calc.reg.1132,reg,Regression Analysis,regression-analysis.tex,3371,\input{generated/workshop-output-python/exercise-5-36-4},"5, 36, 4",static_theoretical_or_illustrative,intentional_manual,Line contains numeric content but no compute-signal pattern.,notebooks/support/regression-analysis/support.html
calc.reg.1133,reg,Regression Analysis,regression-analysis.tex,3372,\input{generated/workshop-output-python/exercise-5-36-5},"5, 36, 5",static_theoretical_or_illustrative,intentional_manual,Line contains numeric content but no compute-signal pattern.,notebooks/support/regression-analysis/support.html
calc.reg.1134,reg,Regression Analysis,regression-analysis.tex,3373,\input{generated/workshop-output-python/exercise-5-36-6},"5, 36, 6",static_theoretical_or_illustrative,intentional_manual,Line contains numeric content but no compute-signal pattern.,notebooks/support/regression-analysis/support.html
calc.gof.1135,gof,Goodness of Fit,goodness-of-fit.tex,71,Imagine opening a book of logarithm tables in the nineteenth century. The first pages are noticeably more worn than the later pages. This curious observation led astronomer and mathematician Simon Newcomb (1835-1909) ...,"1835, 1909, 1881, 1",static_theoretical_or_illustrative,intentional_manual,Line contains numeric content but no compute-signal pattern.,notebooks/support/goodness-of-fit/support.html
calc.gof.1136,gof,Goodness of Fit,goodness-of-fit.tex,73,"Newcomb's observation attracted little attention until physicist Frank Benford (1883-1948) independently rediscovered the phenomenon almost fifty years later. Benford collected more than 20,000 observations from diver...","1883, 1948, 20000, 30%, 1, 5%, 9",static_theoretical_or_illustrative,intentional_manual,Line contains numeric content but no compute-signal pattern.,notebooks/support/goodness-of-fit/support.html
calc.gof.1137,gof,Goodness of Fit,goodness-of-fit.tex,92,"--- Karl Pearson (1857--1936), \textit{The Grammar of Science} (1900)","1857, 1936, 1900",static_theoretical_or_illustrative,intentional_manual,Line contains numeric content but no compute-signal pattern.,notebooks/support/goodness-of-fit/support.html
calc.gof.1138,gof,Goodness of Fit,goodness-of-fit.tex,104,<= 30 &,30,must_be_checked_against_support_notebook,checked_in_support_output,Numeric token(s) found in chapter support notebook output.,notebooks/support/goodness-of-fit/support.html
calc.gof.1139,gof,Goodness of Fit,goodness-of-fit.tex,112,Number & 9 & 41 & 15 & 4 & 69 \\,"9, 41, 15, 4, 69",must_be_generated_from_support_notebook,migration_required,Dense numeric row detected; strict policy requires generated linkage instead of hard-coded table/prose values.,notebooks/support/goodness-of-fit/support.html
calc.gof.1140,gof,Goodness of Fit,goodness-of-fit.tex,138,Number & $n_1$ & $n_2$ & $n_3$ & \ldots & $n_i$ & \ldots & $n_k$ & $n$ \\,"1, 2, 3",must_be_generated_from_support_notebook,migration_required,Dense numeric row detected; strict policy requires generated linkage instead of hard-coded table/prose values.,notebooks/support/goodness-of-fit/support.html
calc.gof.1141,gof,Goodness of Fit,goodness-of-fit.tex,139,Probability & $\pi_1$ & $\pi_2$ & $\pi_3$ & \ldots & $\pi_i$ & \ldots & $\pi_k$ & 1 \\,"1, 2, 3, 1",must_be_generated_from_support_notebook,migration_required,Dense numeric row detected; strict policy requires generated linkage instead of hard-coded table/prose values.,notebooks/support/goodness-of-fit/support.html
calc.gof.1142,gof,Goodness of Fit,goodness-of-fit.tex,164,Count & 250 & 100 & 275 & 625 \\,"250, 100, 275, 625",must_be_generated_from_support_notebook,migration_required,Dense numeric row detected; strict policy requires generated linkage instead of hard-coded table/prose values.,notebooks/support/goodness-of-fit/support.html
calc.gof.1143,gof,Goodness of Fit,goodness-of-fit.tex,165,Proportion & 0.40 & 0.16 & 0.44 & 1.00 \\,"0.40, 0.16, 0.44, 1.00",must_be_generated_from_support_notebook,migration_required,Dense numeric row detected; strict policy requires generated linkage instead of hard-coded table/prose values.,notebooks/support/goodness-of-fit/support.html
calc.gof.1144,gof,Goodness of Fit,goodness-of-fit.tex,174,"For a goodness-of-fit test, the hypotheses examine whether the distribution of satisfaction in the follow-up year is the same as the distribution observed in the base year. Because all 625 customers were surveyed in t...",625,handled_by_epic_214_model_test_output,epic_214_scope,Model/test-statistic style output belongs to Epic #214 verification track.,notebooks/support/goodness-of-fit/support.html
calc.gof.1145,gof,Goodness of Fit,goodness-of-fit.tex,178,"H_0 : \pi_1 = 0.40, \pi_2 = 0.16, \pi_3 = 0.44","0, 1, 0.40, 2, 0.16, 3, 0.44",must_be_checked_against_support_notebook,checked_in_support_output,Numeric token(s) found in chapter support notebook output.,notebooks/support/goodness-of-fit/support.html
calc.gof.1146,gof,Goodness of Fit,goodness-of-fit.tex,187,"The follow-up study found that, from a sample of 40 customers, 15 were (very) dissatisfied, 12 were neutral, and 13 were (very) satisfied. The observed frequencies are summarized in Table \ref{tab:client_satisfaction_...","40, 15, 12, 13",static_theoretical_or_illustrative,intentional_manual,Context appears referential/illustrative without explicit computation operator.,notebooks/support/goodness-of-fit/support.html
calc.gof.1147,gof,Goodness of Fit,goodness-of-fit.tex,199,Observed frequency & 15 & 12 & 13 & 40 \\,"15, 12, 13, 40",must_be_generated_from_support_notebook,migration_required,Dense numeric row detected; strict policy requires generated linkage instead of hard-coded table/prose values.,notebooks/support/goodness-of-fit/support.html
calc.gof.1148,gof,Goodness of Fit,goodness-of-fit.tex,209,"\pi_1 = 0.40,\qquad \pi_2 = 0.16,\qquad \pi_3 = 0.44","1, 0.40, 2, 0.16, 3, 0.44",must_be_checked_against_support_notebook,checked_in_support_output,Numeric token(s) found in chapter support notebook output.,notebooks/support/goodness-of-fit/support.html
calc.gof.1149,gof,Goodness of Fit,goodness-of-fit.tex,212,The expected frequencies are therefore obtained by multiplying these proportions by the sample size $n=40$:,40,must_be_checked_against_support_notebook,checked_in_support_output,Numeric token(s) found in chapter support notebook output.,notebooks/support/goodness-of-fit/support.html
calc.gof.1150,gof,Goodness of Fit,goodness-of-fit.tex,215,"E_1 = 40(0.40) = 16.0,\qquad","1, 40, 0.40, 16.0",must_be_checked_against_support_notebook,checked_in_support_output,Numeric token(s) found in chapter support notebook output.,notebooks/support/goodness-of-fit/support.html
calc.gof.1151,gof,Goodness of Fit,goodness-of-fit.tex,216,"E_2 = 40(0.16) = 6.4,\qquad","2, 40, 0.16, 6.4",must_be_checked_against_support_notebook,checked_in_support_output,Numeric token(s) found in chapter support notebook output.,notebooks/support/goodness-of-fit/support.html
calc.gof.1152,gof,Goodness of Fit,goodness-of-fit.tex,217,E_3 = 40(0.44) = 17.6.,"3, 40, 0.44, 17.6",must_be_checked_against_support_notebook,checked_in_support_output,Numeric token(s) found in chapter support notebook output.,notebooks/support/goodness-of-fit/support.html
calc.gof.1153,gof,Goodness of Fit,goodness-of-fit.tex,231,Observed ($O_i$) & 15 & 12 & 13 \\,"15, 12, 13",must_be_generated_from_support_notebook,migration_required,Dense numeric row detected; strict policy requires generated linkage instead of hard-coded table/prose values.,notebooks/support/goodness-of-fit/support.html
calc.gof.1154,gof,Goodness of Fit,goodness-of-fit.tex,232,Expected ($E_i$) & 16.0 & 6.4 & 17.6 \\,"16.0, 6.4, 17.6",must_be_generated_from_support_notebook,migration_required,Dense numeric row detected; strict policy requires generated linkage instead of hard-coded table/prose values.,notebooks/support/goodness-of-fit/support.html
calc.gof.1155,gof,Goodness of Fit,goodness-of-fit.tex,250,\chi^2 &= \sum_{i=1}^{k} \frac{(O_i-E_i)^2}{E_i} \label{eq:chi_square_test_statistic} \\,"2, 1, 2",must_be_generated_from_support_notebook,migration_required,Dense numeric row detected; strict policy requires generated linkage instead of hard-coded table/prose values.,notebooks/support/goodness-of-fit/support.html
calc.gof.1156,gof,Goodness of Fit,goodness-of-fit.tex,251,&= \frac{(15-16)^2}{16} + \frac{(12-6.4)^2}{6.4} + \frac{(13-17.6)^2}{17.6} \nonumber \\,"15, 16, 2, 16, 12, 6.4, 2, 6.4, 13, 17.6, 2, 17.6",must_be_generated_from_support_notebook,migration_required,Dense numeric row detected; strict policy requires generated linkage instead of hard-coded table/prose values.,notebooks/support/goodness-of-fit/support.html
calc.gof.1157,gof,Goodness of Fit,goodness-of-fit.tex,252,&= 0.063 + 4.900 + 1.202 \nonumber \\,"0.063, 4.900, 1.202",must_be_checked_against_support_notebook,checked_in_support_output,Chi-squared component sum checked against support notebook output.,notebooks/support/goodness-of-fit/support.html
calc.gof.1158,gof,Goodness of Fit,goodness-of-fit.tex,253,&= 6.165. \nonumber,6.165,must_be_checked_against_support_notebook,checked_in_support_output,Chi-squared statistic result checked against support notebook output.,notebooks/support/goodness-of-fit/support.html
calc.gof.1159,gof,Goodness of Fit,goodness-of-fit.tex,255,"Since there are $k=3$ categories and no parameters are estimated from the sample, the number of degrees of freedom is",3,must_be_checked_against_support_notebook,checked_in_support_output,Numeric token(s) found in chapter support notebook output.,notebooks/support/goodness-of-fit/support.html
calc.gof.1160,gof,Goodness of Fit,goodness-of-fit.tex,258,df = k-1 = 3-1 = 2.,"1, 3, 1, 2",must_be_checked_against_support_notebook,checked_in_support_output,Numeric token(s) found in chapter support notebook output.,notebooks/support/goodness-of-fit/support.html
calc.gof.1161,gof,Goodness of Fit,goodness-of-fit.tex,260,"For a significance level of $\alpha=0.05$, the critical value is $\chi^2_{0.05,2} = 5.991$. Because","0.05, 2, 0.05, 2, 5.991",must_be_checked_against_support_notebook,checked_in_support_output,Numeric token(s) found in chapter support notebook output.,notebooks/support/goodness-of-fit/support.html
calc.gof.1162,gof,Goodness of Fit,goodness-of-fit.tex,263,"\chi^2 = 6.165 > \chi^2_{0.05,2} = 5.991,","2, 6.165, 2, 0.05, 2, 5.991",must_be_checked_against_support_notebook,checked_in_support_output,Numeric token(s) found in chapter support notebook output.,notebooks/support/goodness-of-fit/support.html
calc.gof.1163,gof,Goodness of Fit,goodness-of-fit.tex,271,p = P(\chi^2_2 \geq 6.165) \approx 0.046.,"2, 2, 6.165, 0.046",must_be_checked_against_support_notebook,checked_in_support_output,Numeric token(s) found in chapter support notebook output.,notebooks/support/goodness-of-fit/support.html
calc.gof.1164,gof,Goodness of Fit,goodness-of-fit.tex,275,"\noindent Since $p < 0.05$, the null hypothesis is rejected.",0.05,handled_by_epic_214_model_test_output,epic_214_scope,Model/test-statistic style output belongs to Epic #214 verification track.,notebooks/support/goodness-of-fit/support.html
calc.gof.1165,gof,Goodness of Fit,goodness-of-fit.tex,288,\sum_{i=1}^{k}\pi_i = 1.,"1, 1",must_be_checked_against_support_notebook,checked_in_support_output,Numeric token(s) found in chapter support notebook output.,notebooks/support/goodness-of-fit/support.html
calc.gof.1166,gof,Goodness of Fit,goodness-of-fit.tex,299,"(O_1,O_2, \ldots, O_k) \sim \text{Multinomial}(n; \pi_1, \pi_2, \ldots, \pi_k).","1, 2, 1, 2",static_theoretical_or_illustrative,intentional_manual,Line contains numeric content but no compute-signal pattern.,notebooks/support/goodness-of-fit/support.html
calc.gof.1167,gof,Goodness of Fit,goodness-of-fit.tex,318,\sum_{i = 1}^{k} \left(\frac{O_i - E_i}{\sqrt{E_i}}\right)^2,"1, 2",must_be_checked_against_support_notebook,checked_in_support_output,Numeric token(s) found in chapter support notebook output.,notebooks/support/goodness-of-fit/support.html
calc.gof.1168,gof,Goodness of Fit,goodness-of-fit.tex,323,df = k - p - 1,1,must_be_checked_against_support_notebook,checked_in_support_output,Numeric token(s) found in chapter support notebook output.,notebooks/support/goodness-of-fit/support.html
calc.gof.1169,gof,Goodness of Fit,goodness-of-fit.tex,367,\parbox[t]{1.5 cm}{Digit} & 1 & 2 & 3 & 4 & 5 & 6 & 7 & 8 & 9 \\,"1.5, 1, 2, 3, 4, 5, 6, 7, 8, 9",must_be_generated_from_support_notebook,migration_required,Dense numeric row detected; strict policy requires generated linkage instead of hard-coded table/prose values.,notebooks/support/goodness-of-fit/support.html
calc.gof.1170,gof,Goodness of Fit,goodness-of-fit.tex,370,Frequency & 86 & 48 & 23 & 32 & 24 & 36 & 19 & 18 & 14 \\,"86, 48, 23, 32, 24, 36, 19, 18, 14",must_be_generated_from_support_notebook,migration_required,Dense numeric row detected; strict policy requires generated linkage instead of hard-coded table/prose values.,notebooks/support/goodness-of-fit/support.html
calc.gof.1171,gof,Goodness of Fit,goodness-of-fit.tex,381,P(i) = \log_{10} \left( \frac{i + 1}{i} \right),"10, 1",must_be_checked_against_support_notebook,checked_in_support_output,Numeric token(s) found in chapter support notebook output.,notebooks/support/goodness-of-fit/support.html
calc.gof.1172,gof,Goodness of Fit,goodness-of-fit.tex,383,"\log_{10}\left(1+\frac{1}{i}\right),","10, 1, 1",must_be_checked_against_support_notebook,checked_in_support_output,Numeric token(s) found in chapter support notebook output.,notebooks/support/goodness-of-fit/support.html
calc.gof.1173,gof,Goodness of Fit,goodness-of-fit.tex,387,"where (i = 1,2,\ldots,9). Thus, (P(i)) denotes the probability that the first digit of a number is equal to (i).","1, 2, 9",must_be_checked_against_support_notebook,checked_in_support_output,Numeric token(s) found in chapter support notebook output.,notebooks/support/goodness-of-fit/support.html
calc.gof.1174,gof,Goodness of Fit,goodness-of-fit.tex,402,\parbox[t]{0.95 cm}{Series} & 1 & 2 & 3 & 4 & 5 & 6 & 7 & 8 & 9 & $n$\\,"0.95, 1, 2, 3, 4, 5, 6, 7, 8, 9",must_be_generated_from_support_notebook,migration_required,Dense numeric row detected; strict policy requires generated linkage instead of hard-coded table/prose values.,notebooks/support/goodness-of-fit/support.html
calc.gof.1175,gof,Goodness of Fit,goodness-of-fit.tex,404,Rivers & 31.0 & 16.4 & 10.7 & 11.3 & 7.2 & 8.6 & 5.5 & 4.2 & 5.1 & 335 \\,"31.0, 16.4, 10.7, 11.3, 7.2, 8.6, 5.5, 4.2, 5.1, 335",must_be_generated_from_support_notebook,migration_required,Dense numeric row detected; strict policy requires generated linkage instead of hard-coded table/prose values.,notebooks/support/goodness-of-fit/support.html
calc.gof.1176,gof,Goodness of Fit,goodness-of-fit.tex,405,Am. Leag. & 32.7 & 17.6 & 12.6 & 9.8 & 7.4 & 6.4 & 4.9 & 5.6 & 3.0 & 1458 \\,"32.7, 17.6, 12.6, 9.8, 7.4, 6.4, 4.9, 5.6, 3.0, 1458",must_be_generated_from_support_notebook,migration_required,Dense numeric row detected; strict policy requires generated linkage instead of hard-coded table/prose values.,notebooks/support/goodness-of-fit/support.html
calc.gof.1177,gof,Goodness of Fit,goodness-of-fit.tex,406,Cost Data & 32.4 & 18.8 & 10.1 & 10.1 & 9.8 & 5.5 & 4.7 & 5.5 & 3.1 & 741 \\,"32.4, 18.8, 10.1, 10.1, 9.8, 5.5, 4.7, 5.5, 3.1, 741",must_be_generated_from_support_notebook,migration_required,Dense numeric row detected; strict policy requires generated linkage instead of hard-coded table/prose values.,notebooks/support/goodness-of-fit/support.html
calc.gof.1178,gof,Goodness of Fit,goodness-of-fit.tex,407,Reader's D & 33.4 & 18.5 & 12.4 & 7.5 & 7.1 & 6.5 & 5.5 & 4.9 & 4.2 & 308 \\,"33.4, 18.5, 12.4, 7.5, 7.1, 6.5, 5.5, 4.9, 4.2, 308",must_be_generated_from_support_notebook,migration_required,Dense numeric row detected; strict policy requires generated linkage instead of hard-coded table/prose values.,notebooks/support/goodness-of-fit/support.html
calc.gof.1179,gof,Goodness of Fit,goodness-of-fit.tex,408,Mol. Wgt. & 26.7 & 25.2 & 15.4 & 10.8 & 6.7 & 5.1 & 4.1 & 2.8 & 3.2 & 1800 \\,"26.7, 25.2, 15.4, 10.8, 6.7, 5.1, 4.1, 2.8, 3.2, 1800",must_be_generated_from_support_notebook,migration_required,Dense numeric row detected; strict policy requires generated linkage instead of hard-coded table/prose values.,notebooks/support/goodness-of-fit/support.html
calc.gof.1180,gof,Goodness of Fit,goodness-of-fit.tex,410,Average & 31.2 & 19.3 & 12.2 & 9.9 & 7.6 & 6.4 & 4.9 & 4.6 & 3.7 & 4643 \\,"31.2, 19.3, 12.2, 9.9, 7.6, 6.4, 4.9, 4.6, 3.7, 4643",must_be_generated_from_support_notebook,migration_required,Dense numeric row detected; strict policy requires generated linkage instead of hard-coded table/prose values.,notebooks/support/goodness-of-fit/support.html
calc.gof.1181,gof,Goodness of Fit,goodness-of-fit.tex,452,"6,000 and 9,500, only numbers beginning with the digits 6, 7, 8, or 9","6000, 9500, 6, 7, 8, 9",static_theoretical_or_illustrative,intentional_manual,Line contains numeric content but no compute-signal pattern.,notebooks/support/goodness-of-fit/support.html
calc.gof.1182,gof,Goodness of Fit,goodness-of-fit.tex,492,$n=300$ observations. We use the nine-step approach from Section \ref{sec:the_nine_step_approach} to investigate the data.,300,must_be_checked_against_support_notebook,checked_in_support_output,Numeric token(s) found in chapter support notebook output.,notebooks/support/goodness-of-fit/support.html
calc.gof.1183,gof,Goodness of Fit,goodness-of-fit.tex,505,"(\pi_1,\pi_2,\ldots,\pi_9) = (&0.3010, 0.1761, 0.1249, 0.0969, 0.0792, 0.0669, 0.0580, \\","1, 2, 9, 0.3010, 0.1761, 0.1249, 0.0969, 0.0792, 0.0669, 0.0580",must_be_generated_from_support_notebook,migration_required,Dense numeric row detected; strict policy requires generated linkage instead of hard-coded table/prose values.,notebooks/support/goodness-of-fit/support.html
calc.gof.1184,gof,Goodness of Fit,goodness-of-fit.tex,512,"H_0 : (\pi_1,\pi_2,\ldots,\pi_9) = (&0.3010, 0.1761, 0.1249, 0.0969, 0.0792, \\","0, 1, 2, 9, 0.3010, 0.1761, 0.1249, 0.0969, 0.0792",must_be_generated_from_support_notebook,migration_required,Dense numeric row detected; strict policy requires generated linkage instead of hard-coded table/prose values.,notebooks/support/goodness-of-fit/support.html
calc.gof.1185,gof,Goodness of Fit,goodness-of-fit.tex,513,"&0.0669, 0.0580, 0.0512, 0.0458),","0.0669, 0.0580, 0.0512, 0.0458",must_be_generated_from_support_notebook,migration_required,Dense numeric row detected; strict policy requires generated linkage instead of hard-coded table/prose values.,notebooks/support/goodness-of-fit/support.html
calc.gof.1186,gof,Goodness of Fit,goodness-of-fit.tex,519,"H_0 : (\pi_1,\pi_2,\ldots,\pi_9) \neq (&0.3010, 0.1761, 0.1249, 0.0969, 0.0792, \\","0, 1, 2, 9, 0.3010, 0.1761, 0.1249, 0.0969, 0.0792",must_be_generated_from_support_notebook,migration_required,Dense numeric row detected; strict policy requires generated linkage instead of hard-coded table/prose values.,notebooks/support/goodness-of-fit/support.html
calc.gof.1187,gof,Goodness of Fit,goodness-of-fit.tex,520,"&0.0669, 0.0580, 0.0512, 0.0458),","0.0669, 0.0580, 0.0512, 0.0458",must_be_generated_from_support_notebook,migration_required,Dense numeric row detected; strict policy requires generated linkage instead of hard-coded table/prose values.,notebooks/support/goodness-of-fit/support.html
calc.gof.1188,gof,Goodness of Fit,goodness-of-fit.tex,543,\parbox[t]{1 cm}{} & 1 & 2 & 3 & 4 & 5 & 6 & 7 & 8 & 9 \\,"1, 1, 2, 3, 4, 5, 6, 7, 8, 9",must_be_generated_from_support_notebook,migration_required,Dense numeric row detected; strict policy requires generated linkage instead of hard-coded table/prose values.,notebooks/support/goodness-of-fit/support.html
calc.gof.1189,gof,Goodness of Fit,goodness-of-fit.tex,545,$O_i$ & 86 & 48 & 23 & 32 & 24 & 36 & 19 & 18 & 14 \\,"86, 48, 23, 32, 24, 36, 19, 18, 14",must_be_generated_from_support_notebook,migration_required,Dense numeric row detected; strict policy requires generated linkage instead of hard-coded table/prose values.,notebooks/support/goodness-of-fit/support.html
calc.gof.1190,gof,Goodness of Fit,goodness-of-fit.tex,546,$E_i = n.P(i)$ & 90.3 & 52.8 & 37.5 & 29.1 & 23.8 & 20.1 & 17.4 & 15.3 & 13.7  \\,"90.3, 52.8, 37.5, 29.1, 23.8, 20.1, 17.4, 15.3, 13.7",must_be_generated_from_support_notebook,migration_required,Dense numeric row detected; strict policy requires generated linkage instead of hard-coded table/prose values.,notebooks/support/goodness-of-fit/support.html
calc.gof.1191,gof,Goodness of Fit,goodness-of-fit.tex,567,\chi^2 = \sum_{i=1}^{9},"2, 1, 9",must_be_checked_against_support_notebook,checked_in_support_output,Numeric token(s) found in chapter support notebook output.,notebooks/support/goodness-of-fit/support.html
calc.gof.1192,gof,Goodness of Fit,goodness-of-fit.tex,568,"\frac{(O_i-E_i)^2}{E_i},",2,must_be_checked_against_support_notebook,checked_in_support_output,Numeric token(s) found in chapter support notebook output.,notebooks/support/goodness-of-fit/support.html
calc.gof.1193,gof,Goodness of Fit,goodness-of-fit.tex,575,The test statistic $\chi^2$ follows a chi-squared distribution with $df = 8$ degrees of freedom.,"2, 8",handled_by_epic_214_model_test_output,epic_214_scope,Model/test-statistic style output belongs to Epic #214 verification track.,notebooks/support/goodness-of-fit/support.html
calc.gof.1194,gof,Goodness of Fit,goodness-of-fit.tex,587,"Under the null hypothesis, the test statistic follows approximately a chi-square distribution with $df = k-1 = 9-1 = 8$ degrees of freedom, where $k$ is the number of possible first digits. For a significance level of...","1, 9, 1, 8, 0.05, 2, 0.05, 8, 15.51",handled_by_epic_214_model_test_output,epic_214_scope,Model/test-statistic style output belongs to Epic #214 verification track.,notebooks/support/goodness-of-fit/support.html
calc.gof.1195,gof,Goodness of Fit,goodness-of-fit.tex,590,distribution with 8 degrees of freedom. Values of the test statistic that,8,handled_by_epic_214_model_test_output,epic_214_scope,Model/test-statistic style output belongs to Epic #214 verification track.,notebooks/support/goodness-of-fit/support.html
calc.gof.1196,gof,Goodness of Fit,goodness-of-fit.tex,613,\(\frac{(O_i-E_i)^2}{E_i}\) \\,2,must_be_checked_against_support_notebook,checked_in_support_output,Numeric token(s) found in chapter support notebook output.,notebooks/support/goodness-of-fit/support.html
calc.gof.1197,gof,Goodness of Fit,goodness-of-fit.tex,615,1 & 86 & 90.31 & 18.57 & 0.21 \\,"1, 86, 90.31, 18.57, 0.21",must_be_generated_from_support_notebook,migration_required,Dense numeric row detected; strict policy requires generated linkage instead of hard-coded table/prose values.,notebooks/support/goodness-of-fit/support.html
calc.gof.1198,gof,Goodness of Fit,goodness-of-fit.tex,616,2 & 48 & 52.83 & 23.30 & 0.44 \\,"2, 48, 52.83, 23.30, 0.44",must_be_generated_from_support_notebook,migration_required,Dense numeric row detected; strict policy requires generated linkage instead of hard-coded table/prose values.,notebooks/support/goodness-of-fit/support.html
calc.gof.1199,gof,Goodness of Fit,goodness-of-fit.tex,617,3 & 23 & 37.48 & 209.72 & 5.60 \\,"3, 23, 37.48, 209.72, 5.60",must_be_generated_from_support_notebook,migration_required,Dense numeric row detected; strict policy requires generated linkage instead of hard-coded table/prose values.,notebooks/support/goodness-of-fit/support.html
calc.gof.1200,gof,Goodness of Fit,goodness-of-fit.tex,618,4 & 32 & 29.07 & 8.57 & 0.29 \\,"4, 32, 29.07, 8.57, 0.29",must_be_generated_from_support_notebook,migration_required,Dense numeric row detected; strict policy requires generated linkage instead of hard-coded table/prose values.,notebooks/support/goodness-of-fit/support.html
calc.gof.1201,gof,Goodness of Fit,goodness-of-fit.tex,619,5 & 24 & 23.75 & 0.06 & 0.00 \\,"5, 24, 23.75, 0.06, 0.00",must_be_generated_from_support_notebook,migration_required,Dense numeric row detected; strict policy requires generated linkage instead of hard-coded table/prose values.,notebooks/support/goodness-of-fit/support.html
calc.gof.1202,gof,Goodness of Fit,goodness-of-fit.tex,620,6 & 36 & 20.08 & 253.32 & 12.61 \\,"6, 36, 20.08, 253.32, 12.61",must_be_generated_from_support_notebook,migration_required,Dense numeric row detected; strict policy requires generated linkage instead of hard-coded table/prose values.,notebooks/support/goodness-of-fit/support.html
calc.gof.1203,gof,Goodness of Fit,goodness-of-fit.tex,621,7 & 19 & 17.40 & 2.57 & 0.15 \\,"7, 19, 17.40, 2.57, 0.15",must_be_generated_from_support_notebook,migration_required,Dense numeric row detected; strict policy requires generated linkage instead of hard-coded table/prose values.,notebooks/support/goodness-of-fit/support.html
calc.gof.1204,gof,Goodness of Fit,goodness-of-fit.tex,622,8 & 18 & 15.35 & 7.05 & 0.46 \\,"8, 18, 15.35, 7.05, 0.46",must_be_generated_from_support_notebook,migration_required,Dense numeric row detected; strict policy requires generated linkage instead of hard-coded table/prose values.,notebooks/support/goodness-of-fit/support.html
calc.gof.1205,gof,Goodness of Fit,goodness-of-fit.tex,623,9 & 14 & 13.73 & 0.07 & 0.01 \\,"9, 14, 13.73, 0.07, 0.01",must_be_generated_from_support_notebook,migration_required,Dense numeric row detected; strict policy requires generated linkage instead of hard-coded table/prose values.,notebooks/support/goodness-of-fit/support.html
calc.gof.1206,gof,Goodness of Fit,goodness-of-fit.tex,625,\textbf{Total} & 300 & 300.00 & & \(\chi^2 = 19.77\) \\,"300, 300.00, 2, 19.77",must_be_generated_from_support_notebook,migration_required,Dense numeric row detected; strict policy requires generated linkage instead of hard-coded table/prose values.,notebooks/support/goodness-of-fit/support.html
calc.gof.1207,gof,Goodness of Fit,goodness-of-fit.tex,632,\noindent The final test statistic is $\chi^2 = 19.77$.,"2, 19.77",handled_by_epic_214_model_test_output,epic_214_scope,Model/test-statistic style output belongs to Epic #214 verification track.,notebooks/support/goodness-of-fit/support.html
calc.gof.1208,gof,Goodness of Fit,goodness-of-fit.tex,636,"Because $\chi^2 = 19.77 > 15.51$, the test statistic falls within the rejection region. Therefore, the null hypothesis is rejected at the 5\% significance level.","2, 19.77, 15.51, 5%",handled_by_epic_214_model_test_output,epic_214_scope,Model/test-statistic style output belongs to Epic #214 verification track.,notebooks/support/goodness-of-fit/support.html
calc.gof.1209,gof,Goodness of Fit,goodness-of-fit.tex,648,An advantage of the chi-square statistic is that its individual components can be examined separately. Each quantity $(O_i-E_i)^2/E_i$ represents the contribution of digit \(i\) to the overall test statistic.,2,handled_by_epic_214_model_test_output,epic_214_scope,Model/test-statistic style output belongs to Epic #214 verification track.,notebooks/support/goodness-of-fit/support.html
calc.gof.1210,gof,Goodness of Fit,goodness-of-fit.tex,653,Together they account for more than \(90\%\) of the total test statistic.,90%,handled_by_epic_214_model_test_output,epic_214_scope,Model/test-statistic style output belongs to Epic #214 verification track.,notebooks/support/goodness-of-fit/support.html
calc.gof.1211,gof,Goodness of Fit,goodness-of-fit.tex,667,"D = 10,11,12,\ldots,99.","10, 11, 12, 99",must_be_checked_against_support_notebook,checked_in_support_output,Numeric token(s) found in chapter support notebook output.,notebooks/support/goodness-of-fit/support.html
calc.gof.1212,gof,Goodness of Fit,goodness-of-fit.tex,677,1+\frac{1}{d},"1, 1",must_be_checked_against_support_notebook,checked_in_support_output,Numeric token(s) found in chapter support notebook output.,notebooks/support/goodness-of-fit/support.html
calc.gof.1213,gof,Goodness of Fit,goodness-of-fit.tex,679,"\qquad d=10,11,\ldots,99.","10, 11, 99",must_be_checked_against_support_notebook,checked_in_support_output,Numeric token(s) found in chapter support notebook output.,notebooks/support/goodness-of-fit/support.html
calc.gof.1214,gof,Goodness of Fit,goodness-of-fit.tex,709,"O_i = {39,69,60,72,70,58,65,55,59,53},","39, 69, 60, 72, 70, 58, 65, 55, 59, 53",must_be_checked_against_support_notebook,checked_in_support_output,Numeric token(s) found in chapter support notebook output.,notebooks/support/goodness-of-fit/support.html
calc.gof.1215,gof,Goodness of Fit,goodness-of-fit.tex,711,"for digits (0,1,2,\ldots,9), respectively. These frequencies are tested against the null hypothesis that the digits follow a discrete uniform distribution.","0, 1, 2, 9",handled_by_epic_214_model_test_output,epic_214_scope,Model/test-statistic style output belongs to Epic #214 verification track.,notebooks/support/goodness-of-fit/support.html
calc.gof.1216,gof,Goodness of Fit,goodness-of-fit.tex,715,"Let $\pi_i$ denote the probability that a digit is equal to $i$, where $i=0,1,\ldots,9$. Under the discrete uniform distribution,","0, 1, 9",must_be_checked_against_support_notebook,checked_in_support_output,Numeric token(s) found in chapter support notebook output.,notebooks/support/goodness-of-fit/support.html
calc.gof.1217,gof,Goodness of Fit,goodness-of-fit.tex,718,\pi_0=\pi_1=\cdots=\pi_9=0.10.,"0, 1, 9, 0.10",must_be_checked_against_support_notebook,checked_in_support_output,Numeric token(s) found in chapter support notebook output.,notebooks/support/goodness-of-fit/support.html
calc.gof.1218,gof,Goodness of Fit,goodness-of-fit.tex,738,\parbox[t]{1.3 cm}{Digit} & 0 & 1 & 2 & 3 & \ldots & 9 & Tot.\\,"1.3, 0, 1, 2, 3, 9",must_be_generated_from_support_notebook,migration_required,Dense numeric row detected; strict policy requires generated linkage instead of hard-coded table/prose values.,notebooks/support/goodness-of-fit/support.html
calc.gof.1219,gof,Goodness of Fit,goodness-of-fit.tex,740,$O_i$ & 39 & 69 & 60 & 72 & \ldots & 53 & 600\\,"39, 69, 60, 72, 53, 600",must_be_generated_from_support_notebook,migration_required,Dense numeric row detected; strict policy requires generated linkage instead of hard-coded table/prose values.,notebooks/support/goodness-of-fit/support.html
calc.gof.1220,gof,Goodness of Fit,goodness-of-fit.tex,741,$E_i$ & 60 & 60 & 60 & 60 & \ldots & 60 & 600\\,"60, 60, 60, 60, 60, 600",must_be_generated_from_support_notebook,migration_required,Dense numeric row detected; strict policy requires generated linkage instead of hard-coded table/prose values.,notebooks/support/goodness-of-fit/support.html
calc.gof.1221,gof,Goodness of Fit,goodness-of-fit.tex,742,$(O_i - E_i)^2$ & 441 & 81 & 0 & 144 & \ldots & 49 & \\,"2, 441, 81, 0, 144, 49",must_be_generated_from_support_notebook,migration_required,Dense numeric row detected; strict policy requires generated linkage instead of hard-coded table/prose values.,notebooks/support/goodness-of-fit/support.html
calc.gof.1222,gof,Goodness of Fit,goodness-of-fit.tex,743,$(O_i - E_i)^2 / E_i$ & 7.35 & 1.35 & 0.00 & 2.40 & \ldots & 0.82 & 14.50\\,"2, 7.35, 1.35, 0.00, 2.40, 0.82, 14.50",must_be_generated_from_support_notebook,migration_required,Dense numeric row detected; strict policy requires generated linkage instead of hard-coded table/prose values.,notebooks/support/goodness-of-fit/support.html
calc.gof.1223,gof,Goodness of Fit,goodness-of-fit.tex,751,"The minimum sample size required for the chi-square goodness-of-fit test follows from the condition that each expected frequency must satisfy $E_i \geq 5$. Under a discrete uniform distribution, \(\pi_i = 0.1\) for ea...","5, 0.1, 5",must_be_checked_against_support_notebook,checked_in_support_output,Numeric token(s) found in chapter support notebook output.,notebooks/support/goodness-of-fit/support.html
calc.gof.1224,gof,Goodness of Fit,goodness-of-fit.tex,754,n \geq \frac{5}{0.1}=50.,"5, 0.1, 50",must_be_checked_against_support_notebook,checked_in_support_output,Numeric token(s) found in chapter support notebook output.,notebooks/support/goodness-of-fit/support.html
calc.gof.1225,gof,Goodness of Fit,goodness-of-fit.tex,762,\chi^2 = 14.50.,"2, 14.50",must_be_checked_against_support_notebook,checked_in_support_output,Numeric token(s) found in chapter support notebook output.,notebooks/support/goodness-of-fit/support.html
calc.gof.1226,gof,Goodness of Fit,goodness-of-fit.tex,767,df = 10-1 = 9.,"10, 1, 9",must_be_checked_against_support_notebook,checked_in_support_output,Numeric token(s) found in chapter support notebook output.,notebooks/support/goodness-of-fit/support.html
calc.gof.1227,gof,Goodness of Fit,goodness-of-fit.tex,769,"At the 5\% significance level, the critical value is",5%,static_theoretical_or_illustrative,intentional_manual,Numeric reference appears contextual rather than a computed manuscript result.,notebooks/support/goodness-of-fit/support.html
calc.gof.1228,gof,Goodness of Fit,goodness-of-fit.tex,772,"\chi^2_{0.05,9}=16.92.","2, 0.05, 9, 16.92",must_be_checked_against_support_notebook,checked_in_support_output,Numeric token(s) found in chapter support notebook output.,notebooks/support/goodness-of-fit/support.html
calc.gof.1229,gof,Goodness of Fit,goodness-of-fit.tex,777,p = 0.106.,0.106,handled_by_epic_214_model_test_output,epic_214_scope,p-value output is handled under Epic #214 structured verification scope.,notebooks/support/goodness-of-fit/support.html
calc.gof.1230,gof,Goodness of Fit,goodness-of-fit.tex,785,"\chi^2 = 14.50 < 16.92,","2, 14.50, 16.92",must_be_checked_against_support_notebook,checked_in_support_output,Numeric token(s) found in chapter support notebook output.,notebooks/support/goodness-of-fit/support.html
calc.gof.1231,gof,Goodness of Fit,goodness-of-fit.tex,787,"the test statistic does not fall within the critical region. Consequently, the null hypothesis is not rejected at the 5\% significance level.",5%,handled_by_epic_214_model_test_output,epic_214_scope,Model/test-statistic style output belongs to Epic #214 verification track.,notebooks/support/goodness-of-fit/support.html
calc.gof.1232,gof,Goodness of Fit,goodness-of-fit.tex,821,\sqrt{36}=6.,"36, 6",must_be_checked_against_support_notebook,checked_in_support_output,Numeric token(s) found in chapter support notebook output.,notebooks/support/goodness-of-fit/support.html
calc.gof.1233,gof,Goodness of Fit,goodness-of-fit.tex,826,1.613923 - (-2.51122) = 4.125143.,"1.613923, 2.51122, 4.125143",must_be_checked_against_support_notebook,checked_in_support_output,Difference computation checked against support notebook output.,notebooks/support/goodness-of-fit/support.html
calc.gof.1234,gof,Goodness of Fit,goodness-of-fit.tex,831,\frac{4.125143}{6} \approx 0.6891742.,"4.125143, 6, 0.6891742",must_be_checked_against_support_notebook,checked_in_support_output,Numeric token(s) found in chapter support notebook output.,notebooks/support/goodness-of-fit/support.html
calc.gof.1235,gof,Goodness of Fit,goodness-of-fit.tex,842,$(-2.55 \leq X < -1.85)$ & 2 \\,"2.55, 1.85, 2",must_be_generated_from_support_notebook,migration_required,Dense numeric row detected; strict policy requires generated linkage instead of hard-coded table/prose values.,notebooks/support/goodness-of-fit/support.html
calc.gof.1236,gof,Goodness of Fit,goodness-of-fit.tex,843,$(-1.85 \leq X < -1.15)$ & 1 \\,"1.85, 1.15, 1",must_be_generated_from_support_notebook,migration_required,Dense numeric row detected; strict policy requires generated linkage instead of hard-coded table/prose values.,notebooks/support/goodness-of-fit/support.html
calc.gof.1237,gof,Goodness of Fit,goodness-of-fit.tex,844,$(-1.15 \leq X < -0.45)$ & 10 \\,"1.15, 0.45, 10",must_be_generated_from_support_notebook,migration_required,Dense numeric row detected; strict policy requires generated linkage instead of hard-coded table/prose values.,notebooks/support/goodness-of-fit/support.html
calc.gof.1238,gof,Goodness of Fit,goodness-of-fit.tex,845,$(-0.45 \leq X < 0.25)$ & 10 \\,"0.45, 0.25, 10",must_be_generated_from_support_notebook,migration_required,Dense numeric row detected; strict policy requires generated linkage instead of hard-coded table/prose values.,notebooks/support/goodness-of-fit/support.html
calc.gof.1239,gof,Goodness of Fit,goodness-of-fit.tex,846,$(0.25 \leq X < 0.95)$ & 5 \\,"0.25, 0.95, 5",must_be_generated_from_support_notebook,migration_required,Dense numeric row detected; strict policy requires generated linkage instead of hard-coded table/prose values.,notebooks/support/goodness-of-fit/support.html
calc.gof.1240,gof,Goodness of Fit,goodness-of-fit.tex,847,$(0.95 \leq X < 1.65)$ & 8 \\,"0.95, 1.65, 8",must_be_generated_from_support_notebook,migration_required,Dense numeric row detected; strict policy requires generated linkage instead of hard-coded table/prose values.,notebooks/support/goodness-of-fit/support.html
calc.gof.1241,gof,Goodness of Fit,goodness-of-fit.tex,901,where $n=36$ and $\pi_i$ is the probability of falling in class $i$ under the standard normal distribution.,36,must_be_checked_against_support_notebook,checked_in_support_output,Numeric token(s) found in chapter support notebook output.,notebooks/support/goodness-of-fit/support.html
calc.gof.1242,gof,Goodness of Fit,goodness-of-fit.tex,909,$(X < -2.55)$              & 0.0054 & 0  & 0.19 \\,"2.55, 0.0054, 0, 0.19",must_be_generated_from_support_notebook,migration_required,Dense numeric row detected; strict policy requires generated linkage instead of hard-coded table/prose values.,notebooks/support/goodness-of-fit/support.html
calc.gof.1243,gof,Goodness of Fit,goodness-of-fit.tex,910,$(-2.55 \leq X < -1.85)$  & 0.0268 & 2  & 0.96 \\,"2.55, 1.85, 0.0268, 2, 0.96",must_be_generated_from_support_notebook,migration_required,Dense numeric row detected; strict policy requires generated linkage instead of hard-coded table/prose values.,notebooks/support/goodness-of-fit/support.html
calc.gof.1244,gof,Goodness of Fit,goodness-of-fit.tex,911,$(-1.85 \leq X < -1.15)$  & 0.0929 & 1  & 3.34 \\,"1.85, 1.15, 0.0929, 1, 3.34",must_be_generated_from_support_notebook,migration_required,Dense numeric row detected; strict policy requires generated linkage instead of hard-coded table/prose values.,notebooks/support/goodness-of-fit/support.html
calc.gof.1245,gof,Goodness of Fit,goodness-of-fit.tex,912,$(-1.15 \leq X < -0.45)$  & 0.2013 & 10 & 7.25 \\,"1.15, 0.45, 0.2013, 10, 7.25",must_be_generated_from_support_notebook,migration_required,Dense numeric row detected; strict policy requires generated linkage instead of hard-coded table/prose values.,notebooks/support/goodness-of-fit/support.html
calc.gof.1246,gof,Goodness of Fit,goodness-of-fit.tex,913,$(-0.45 \leq X < 0.25)$   & 0.2724 & 10 & 9.80 \\,"0.45, 0.25, 0.2724, 10, 9.80",must_be_generated_from_support_notebook,migration_required,Dense numeric row detected; strict policy requires generated linkage instead of hard-coded table/prose values.,notebooks/support/goodness-of-fit/support.html
calc.gof.1247,gof,Goodness of Fit,goodness-of-fit.tex,914,$(0.25 \leq X < 0.95)$    & 0.2302 & 5  & 8.29 \\,"0.25, 0.95, 0.2302, 5, 8.29",must_be_generated_from_support_notebook,migration_required,Dense numeric row detected; strict policy requires generated linkage instead of hard-coded table/prose values.,notebooks/support/goodness-of-fit/support.html
calc.gof.1248,gof,Goodness of Fit,goodness-of-fit.tex,915,$(0.95 \leq X < 1.65)$    & 0.1216 & 8  & 4.38 \\,"0.95, 1.65, 0.1216, 8, 4.38",must_be_generated_from_support_notebook,migration_required,Dense numeric row detected; strict policy requires generated linkage instead of hard-coded table/prose values.,notebooks/support/goodness-of-fit/support.html
calc.gof.1249,gof,Goodness of Fit,goodness-of-fit.tex,916,$(X \geq 1.65)$            & 0.0495 & 0  & 1.78 \\,"1.65, 0.0495, 0, 1.78",must_be_generated_from_support_notebook,migration_required,Dense numeric row detected; strict policy requires generated linkage instead of hard-coded table/prose values.,notebooks/support/goodness-of-fit/support.html
calc.gof.1250,gof,Goodness of Fit,goodness-of-fit.tex,918,\textbf{Total}             & 1.0000 & 36 & 36.00 \\,"1.0000, 36, 36.00",must_be_generated_from_support_notebook,migration_required,Dense numeric row detected; strict policy requires generated linkage instead of hard-coded table/prose values.,notebooks/support/goodness-of-fit/support.html
calc.gof.1251,gof,Goodness of Fit,goodness-of-fit.tex,932,\sum_{i=1}^{8},"1, 8",must_be_checked_against_support_notebook,checked_in_support_output,Numeric token(s) found in chapter support notebook output.,notebooks/support/goodness-of-fit/support.html
calc.gof.1252,gof,Goodness of Fit,goodness-of-fit.tex,933,"\frac{(O_i-E_i)^2}{E_i},",2,must_be_checked_against_support_notebook,checked_in_support_output,Numeric token(s) found in chapter support notebook output.,notebooks/support/goodness-of-fit/support.html
calc.gof.1253,gof,Goodness of Fit,goodness-of-fit.tex,945,$(\frac{(O_i-E_i)^2}{E_i})$ \\,2,must_be_checked_against_support_notebook,checked_in_support_output,Numeric token(s) found in chapter support notebook output.,notebooks/support/goodness-of-fit/support.html
calc.gof.1254,gof,Goodness of Fit,goodness-of-fit.tex,947,$(X < -2.55)$              & 0  & 0.19 & 0.04  & 0.19 \\,"2.55, 0, 0.19, 0.04, 0.19",must_be_generated_from_support_notebook,migration_required,Dense numeric row detected; strict policy requires generated linkage instead of hard-coded table/prose values.,notebooks/support/goodness-of-fit/support.html
calc.gof.1255,gof,Goodness of Fit,goodness-of-fit.tex,948,$(-2.55 \leq X < -1.85)$  & 2  & 0.96 & 1.07  & 1.11 \\,"2.55, 1.85, 2, 0.96, 1.07, 1.11",must_be_generated_from_support_notebook,migration_required,Dense numeric row detected; strict policy requires generated linkage instead of hard-coded table/prose values.,notebooks/support/goodness-of-fit/support.html
calc.gof.1256,gof,Goodness of Fit,goodness-of-fit.tex,949,$(-1.85 \leq X < -1.15)$  & 1  & 3.34 & 5.50  & 1.64 \\,"1.85, 1.15, 1, 3.34, 5.50, 1.64",must_be_generated_from_support_notebook,migration_required,Dense numeric row detected; strict policy requires generated linkage instead of hard-coded table/prose values.,notebooks/support/goodness-of-fit/support.html
calc.gof.1257,gof,Goodness of Fit,goodness-of-fit.tex,950,$(-1.15 \leq X < -0.45)$  & 10 & 7.25 & 7.58  & 1.05 \\,"1.15, 0.45, 10, 7.25, 7.58, 1.05",must_be_generated_from_support_notebook,migration_required,Dense numeric row detected; strict policy requires generated linkage instead of hard-coded table/prose values.,notebooks/support/goodness-of-fit/support.html
calc.gof.1258,gof,Goodness of Fit,goodness-of-fit.tex,951,$(-0.45 \leq X < 0.25)$   & 10 & 9.80 & 0.04  & 0.00 \\,"0.45, 0.25, 10, 9.80, 0.04, 0.00",must_be_generated_from_support_notebook,migration_required,Dense numeric row detected; strict policy requires generated linkage instead of hard-coded table/prose values.,notebooks/support/goodness-of-fit/support.html
calc.gof.1259,gof,Goodness of Fit,goodness-of-fit.tex,952,$(0.25 \leq X < 0.95)$    & 5  & 8.29 & 10.82 & 1.30 \\,"0.25, 0.95, 5, 8.29, 10.82, 1.30",must_be_generated_from_support_notebook,migration_required,Dense numeric row detected; strict policy requires generated linkage instead of hard-coded table/prose values.,notebooks/support/goodness-of-fit/support.html
calc.gof.1260,gof,Goodness of Fit,goodness-of-fit.tex,953,$(0.95 \leq X < 1.65)$    & 8  & 4.38 & 13.13 & 3.00 \\,"0.95, 1.65, 8, 4.38, 13.13, 3.00",must_be_generated_from_support_notebook,migration_required,Dense numeric row detected; strict policy requires generated linkage instead of hard-coded table/prose values.,notebooks/support/goodness-of-fit/support.html
calc.gof.1261,gof,Goodness of Fit,goodness-of-fit.tex,954,$(X \geq 1.65)$            & 0  & 1.78 & 3.17  & 1.78 \\,"1.65, 0, 1.78, 3.17, 1.78",must_be_generated_from_support_notebook,migration_required,Dense numeric row detected; strict policy requires generated linkage instead of hard-coded table/prose values.,notebooks/support/goodness-of-fit/support.html
calc.gof.1262,gof,Goodness of Fit,goodness-of-fit.tex,956,\textbf{Total}             & 36 & 36.00 &       & $(\chi^2 = 10.09)$ \\,"36, 36.00, 2, 10.09",must_be_generated_from_support_notebook,migration_required,Dense numeric row detected; strict policy requires generated linkage instead of hard-coded table/prose values.,notebooks/support/goodness-of-fit/support.html
calc.gof.1263,gof,Goodness of Fit,goodness-of-fit.tex,965,\chi^2 = 10.09.,"2, 10.09",must_be_checked_against_support_notebook,checked_in_support_output,Numeric token(s) found in chapter support notebook output.,notebooks/support/goodness-of-fit/support.html
calc.gof.1264,gof,Goodness of Fit,goodness-of-fit.tex,973,\alpha = 0.05.,0.05,must_be_checked_against_support_notebook,checked_in_support_output,Numeric token(s) found in chapter support notebook output.,notebooks/support/goodness-of-fit/support.html
calc.gof.1265,gof,Goodness of Fit,goodness-of-fit.tex,981,df = k-1 = 8-1 = 7.,"1, 8, 1, 7",must_be_checked_against_support_notebook,checked_in_support_output,Numeric token(s) found in chapter support notebook output.,notebooks/support/goodness-of-fit/support.html
calc.gof.1266,gof,Goodness of Fit,goodness-of-fit.tex,986,"At the 5\% significance level, the critical value is",5%,static_theoretical_or_illustrative,intentional_manual,Numeric reference appears contextual rather than a computed manuscript result.,notebooks/support/goodness-of-fit/support.html
calc.gof.1267,gof,Goodness of Fit,goodness-of-fit.tex,989,"\chi^2_{0.05,7} = 14.07.","2, 0.05, 7, 14.07",must_be_checked_against_support_notebook,checked_in_support_output,Numeric token(s) found in chapter support notebook output.,notebooks/support/goodness-of-fit/support.html
calc.gof.1268,gof,Goodness of Fit,goodness-of-fit.tex,992,The rejection region therefore consists of values of the test statistic greater than 14.07.,14.07,handled_by_epic_214_model_test_output,epic_214_scope,Model/test-statistic style output belongs to Epic #214 verification track.,notebooks/support/goodness-of-fit/support.html
calc.gof.1269,gof,Goodness of Fit,goodness-of-fit.tex,999,"\chi^2 = 10.09 < 14.07,","2, 10.09, 14.07",must_be_checked_against_support_notebook,checked_in_support_output,Numeric token(s) found in chapter support notebook output.,notebooks/support/goodness-of-fit/support.html
calc.gof.1270,gof,Goodness of Fit,goodness-of-fit.tex,1001,"the test statistic does not fall within the rejection region. Therefore, the null hypothesis is not rejected at the 5\% significance level.",5%,handled_by_epic_214_model_test_output,epic_214_scope,Model/test-statistic style output belongs to Epic #214 verification track.,notebooks/support/goodness-of-fit/support.html
calc.gof.1271,gof,Goodness of Fit,goodness-of-fit.tex,1009,p = 0.184.,0.184,handled_by_epic_214_model_test_output,epic_214_scope,p-value output is handled under Epic #214 structured verification scope.,notebooks/support/goodness-of-fit/support.html
calc.gof.1272,gof,Goodness of Fit,goodness-of-fit.tex,1048,\input{generated/workshop-output/exercise-6-1-1},"6, 1, 1",static_theoretical_or_illustrative,intentional_manual,Line contains numeric content but no compute-signal pattern.,notebooks/support/goodness-of-fit/support.html
calc.gof.1273,gof,Goodness of Fit,goodness-of-fit.tex,1057,\input{generated/workshop-output/exercise-6-2-1},"6, 2, 1",static_theoretical_or_illustrative,intentional_manual,Line contains numeric content but no compute-signal pattern.,notebooks/support/goodness-of-fit/support.html
calc.gof.1274,gof,Goodness of Fit,goodness-of-fit.tex,1058,\input{generated/workshop-output/exercise-6-2-2},"6, 2, 2",static_theoretical_or_illustrative,intentional_manual,Line contains numeric content but no compute-signal pattern.,notebooks/support/goodness-of-fit/support.html
calc.gof.1275,gof,Goodness of Fit,goodness-of-fit.tex,1059,\input{generated/workshop-output/exercise-6-2-3},"6, 2, 3",static_theoretical_or_illustrative,intentional_manual,Line contains numeric content but no compute-signal pattern.,notebooks/support/goodness-of-fit/support.html
calc.gof.1276,gof,Goodness of Fit,goodness-of-fit.tex,1060,\input{generated/workshop-output/exercise-6-2-4},"6, 2, 4",static_theoretical_or_illustrative,intentional_manual,Line contains numeric content but no compute-signal pattern.,notebooks/support/goodness-of-fit/support.html
calc.gof.1277,gof,Goodness of Fit,goodness-of-fit.tex,1061,\input{generated/workshop-output/exercise-6-2-5},"6, 2, 5",static_theoretical_or_illustrative,intentional_manual,Line contains numeric content but no compute-signal pattern.,notebooks/support/goodness-of-fit/support.html
calc.gof.1278,gof,Goodness of Fit,goodness-of-fit.tex,1062,\input{generated/workshop-output/exercise-6-2-6},"6, 2, 6",static_theoretical_or_illustrative,intentional_manual,Line contains numeric content but no compute-signal pattern.,notebooks/support/goodness-of-fit/support.html
calc.gof.1279,gof,Goodness of Fit,goodness-of-fit.tex,1063,\input{generated/workshop-output/exercise-6-2-7},"6, 2, 7",static_theoretical_or_illustrative,intentional_manual,Line contains numeric content but no compute-signal pattern.,notebooks/support/goodness-of-fit/support.html
calc.gof.1280,gof,Goodness of Fit,goodness-of-fit.tex,1072,\input{generated/workshop-output/exercise-6-2-8},"6, 2, 8",static_theoretical_or_illustrative,intentional_manual,Line contains numeric content but no compute-signal pattern.,notebooks/support/goodness-of-fit/support.html
calc.gof.1281,gof,Goodness of Fit,goodness-of-fit.tex,1081,\input{generated/workshop-output/exercise-6-2-9},"6, 2, 9",static_theoretical_or_illustrative,intentional_manual,Line contains numeric content but no compute-signal pattern.,notebooks/support/goodness-of-fit/support.html
calc.gof.1282,gof,Goodness of Fit,goodness-of-fit.tex,1090,\input{generated/workshop-output/exercise-6-2-10},"6, 2, 10",static_theoretical_or_illustrative,intentional_manual,Line contains numeric content but no compute-signal pattern.,notebooks/support/goodness-of-fit/support.html
calc.gof.1283,gof,Goodness of Fit,goodness-of-fit.tex,1099,\input{generated/workshop-output/exercise-6-2-11},"6, 2, 11",static_theoretical_or_illustrative,intentional_manual,Line contains numeric content but no compute-signal pattern.,notebooks/support/goodness-of-fit/support.html
calc.gof.1284,gof,Goodness of Fit,goodness-of-fit.tex,1100,\input{generated/workshop-output/exercise-6-2-12},"6, 2, 12",static_theoretical_or_illustrative,intentional_manual,Line contains numeric content but no compute-signal pattern.,notebooks/support/goodness-of-fit/support.html
calc.gof.1285,gof,Goodness of Fit,goodness-of-fit.tex,1101,\input{generated/workshop-output/exercise-6-2-13},"6, 2, 13",static_theoretical_or_illustrative,intentional_manual,Line contains numeric content but no compute-signal pattern.,notebooks/support/goodness-of-fit/support.html
calc.gof.1286,gof,Goodness of Fit,goodness-of-fit.tex,1102,\input{generated/workshop-output/exercise-6-2-14},"6, 2, 14",static_theoretical_or_illustrative,intentional_manual,Line contains numeric content but no compute-signal pattern.,notebooks/support/goodness-of-fit/support.html
calc.gof.1287,gof,Goodness of Fit,goodness-of-fit.tex,1103,\input{generated/workshop-output/exercise-6-2-15},"6, 2, 15",static_theoretical_or_illustrative,intentional_manual,Line contains numeric content but no compute-signal pattern.,notebooks/support/goodness-of-fit/support.html
calc.gof.1288,gof,Goodness of Fit,goodness-of-fit.tex,1104,\input{generated/workshop-output/exercise-6-2-16},"6, 2, 16",static_theoretical_or_illustrative,intentional_manual,Line contains numeric content but no compute-signal pattern.,notebooks/support/goodness-of-fit/support.html
calc.gof.1289,gof,Goodness of Fit,goodness-of-fit.tex,1113,\input{generated/workshop-output/exercise-6-2-17},"6, 2, 17",static_theoretical_or_illustrative,intentional_manual,Line contains numeric content but no compute-signal pattern.,notebooks/support/goodness-of-fit/support.html
calc.gof.1290,gof,Goodness of Fit,goodness-of-fit.tex,1114,\input{generated/workshop-output/exercise-6-2-18},"6, 2, 18",static_theoretical_or_illustrative,intentional_manual,Line contains numeric content but no compute-signal pattern.,notebooks/support/goodness-of-fit/support.html
calc.gof.1291,gof,Goodness of Fit,goodness-of-fit.tex,1125,\input{generated/workshop-output-python/exercise-6-1-1},"6, 1, 1",static_theoretical_or_illustrative,intentional_manual,Line contains numeric content but no compute-signal pattern.,notebooks/support/goodness-of-fit/support.html
calc.gof.1292,gof,Goodness of Fit,goodness-of-fit.tex,1134,\input{generated/workshop-output-python/exercise-6-2-1},"6, 2, 1",static_theoretical_or_illustrative,intentional_manual,Line contains numeric content but no compute-signal pattern.,notebooks/support/goodness-of-fit/support.html
calc.gof.1293,gof,Goodness of Fit,goodness-of-fit.tex,1135,\input{generated/workshop-output-python/exercise-6-2-2},"6, 2, 2",static_theoretical_or_illustrative,intentional_manual,Line contains numeric content but no compute-signal pattern.,notebooks/support/goodness-of-fit/support.html
calc.gof.1294,gof,Goodness of Fit,goodness-of-fit.tex,1136,\input{generated/workshop-output-python/exercise-6-2-3},"6, 2, 3",static_theoretical_or_illustrative,intentional_manual,Line contains numeric content but no compute-signal pattern.,notebooks/support/goodness-of-fit/support.html
calc.gof.1295,gof,Goodness of Fit,goodness-of-fit.tex,1137,\input{generated/workshop-output-python/exercise-6-2-4},"6, 2, 4",static_theoretical_or_illustrative,intentional_manual,Line contains numeric content but no compute-signal pattern.,notebooks/support/goodness-of-fit/support.html
calc.gof.1296,gof,Goodness of Fit,goodness-of-fit.tex,1138,\input{generated/workshop-output-python/exercise-6-2-5},"6, 2, 5",static_theoretical_or_illustrative,intentional_manual,Line contains numeric content but no compute-signal pattern.,notebooks/support/goodness-of-fit/support.html
calc.gof.1297,gof,Goodness of Fit,goodness-of-fit.tex,1139,\input{generated/workshop-output-python/exercise-6-2-6},"6, 2, 6",static_theoretical_or_illustrative,intentional_manual,Line contains numeric content but no compute-signal pattern.,notebooks/support/goodness-of-fit/support.html
calc.gof.1298,gof,Goodness of Fit,goodness-of-fit.tex,1140,\input{generated/workshop-output-python/exercise-6-2-7},"6, 2, 7",static_theoretical_or_illustrative,intentional_manual,Line contains numeric content but no compute-signal pattern.,notebooks/support/goodness-of-fit/support.html
calc.gof.1299,gof,Goodness of Fit,goodness-of-fit.tex,1149,\input{generated/workshop-output-python/exercise-6-2-8},"6, 2, 8",static_theoretical_or_illustrative,intentional_manual,Line contains numeric content but no compute-signal pattern.,notebooks/support/goodness-of-fit/support.html
calc.gof.1300,gof,Goodness of Fit,goodness-of-fit.tex,1158,\input{generated/workshop-output-python/exercise-6-2-9},"6, 2, 9",static_theoretical_or_illustrative,intentional_manual,Line contains numeric content but no compute-signal pattern.,notebooks/support/goodness-of-fit/support.html
calc.gof.1301,gof,Goodness of Fit,goodness-of-fit.tex,1167,\input{generated/workshop-output-python/exercise-6-2-10},"6, 2, 10",static_theoretical_or_illustrative,intentional_manual,Line contains numeric content but no compute-signal pattern.,notebooks/support/goodness-of-fit/support.html
calc.gof.1302,gof,Goodness of Fit,goodness-of-fit.tex,1176,\input{generated/workshop-output-python/exercise-6-2-11},"6, 2, 11",static_theoretical_or_illustrative,intentional_manual,Line contains numeric content but no compute-signal pattern.,notebooks/support/goodness-of-fit/support.html
calc.gof.1303,gof,Goodness of Fit,goodness-of-fit.tex,1177,\input{generated/workshop-output-python/exercise-6-2-12},"6, 2, 12",static_theoretical_or_illustrative,intentional_manual,Line contains numeric content but no compute-signal pattern.,notebooks/support/goodness-of-fit/support.html
calc.gof.1304,gof,Goodness of Fit,goodness-of-fit.tex,1178,\input{generated/workshop-output-python/exercise-6-2-13},"6, 2, 13",static_theoretical_or_illustrative,intentional_manual,Line contains numeric content but no compute-signal pattern.,notebooks/support/goodness-of-fit/support.html
calc.gof.1305,gof,Goodness of Fit,goodness-of-fit.tex,1179,\input{generated/workshop-output-python/exercise-6-2-14},"6, 2, 14",static_theoretical_or_illustrative,intentional_manual,Line contains numeric content but no compute-signal pattern.,notebooks/support/goodness-of-fit/support.html
calc.gof.1306,gof,Goodness of Fit,goodness-of-fit.tex,1180,\input{generated/workshop-output-python/exercise-6-2-15},"6, 2, 15",static_theoretical_or_illustrative,intentional_manual,Line contains numeric content but no compute-signal pattern.,notebooks/support/goodness-of-fit/support.html
calc.gof.1307,gof,Goodness of Fit,goodness-of-fit.tex,1181,\input{generated/workshop-output-python/exercise-6-2-16},"6, 2, 16",static_theoretical_or_illustrative,intentional_manual,Line contains numeric content but no compute-signal pattern.,notebooks/support/goodness-of-fit/support.html
calc.gof.1308,gof,Goodness of Fit,goodness-of-fit.tex,1190,\input{generated/workshop-output-python/exercise-6-2-17},"6, 2, 17",static_theoretical_or_illustrative,intentional_manual,Line contains numeric content but no compute-signal pattern.,notebooks/support/goodness-of-fit/support.html
calc.gof.1309,gof,Goodness of Fit,goodness-of-fit.tex,1191,\input{generated/workshop-output-python/exercise-6-2-18},"6, 2, 18",static_theoretical_or_illustrative,intentional_manual,Line contains numeric content but no compute-signal pattern.,notebooks/support/goodness-of-fit/support.html
